{
  "input": [3, 3, 5, 8, 12, 18, 19, 31],
  "lastDate": "20_03_09",
  "lastDateRate": 2.4,
  "lastDateRateList": [50, 79, 122, 168, 242, 362, 552, 845, 1248, 1829, 2698, 4023, 6051, 9046, 13436, 19911, 29566, 44088, 65798, 98044, 145830, 216788, 322599, 480514, 715820, 1065812, 1586103, 2360341, 3513575, 5231543, 7789492, 11596139, 17260957, 25693537, 38249240, 56944021, 84774755, 126201052, 187865541, 279663717, 416329367, 619788779, 922671304, 1373548602, 2044741523, 3043932004, 4531425074, 6745836204, 10042352849],
  "maxRate": 2.4,
  "maxRateList": [50, 79, 122, 168, 242, 362, 552, 845, 1248, 1829, 2698, 4023, 6051, 9046, 13436, 19911, 29566, 44088, 65798, 98044, 145830, 216788, 322599, 480514, 715820, 1065812, 1586103, 2360341, 3513575, 5231543, 7789492, 11596139, 17260957, 25693537, 38249240, 56944021, 84774755, 126201052, 187865541, 279663717, 416329367, 619788779, 922671304, 1373548602, 2044741523, 3043932004, 4531425074, 6745836204, 10042352849],
  "minRate": 0.3333333333333333,
  "minRateList": [34, 38, 44, 50, 60, 71, 84, 99, 116, 136, 160, 188, 221, 260, 305, 358, 421, 495, 582, 684, 803, 943, 1108, 1302, 1530, 1798, 2112, 2481, 2915, 3425, 4024, 4728, 5555, 6527, 7669, 9010, 10586, 12438, 14614, 17170, 20173, 23702, 27848, 32719, 38442, 45166, 53067, 62350, 73256, 86070, 101125, 118814, 139597, 164016, 192706, 226414, 266019, 312551, 367223, 431458, 506929, 595602, 699786, 822194, 966013, 1134989, 1333523, 1566785, 1840850, 2162854, 2541184, 2985692, 3507954, 4121571, 4842522, 5689583, 6684814, 7854132, 9227989, 10842163, 12738691, 14966962, 17585006, 20661002, 24275056, 28521286, 33510273, 39371942, 46258943, 54350628, 63857723, 75027814, 88151795, 103571443, 121688319, 142974227, 167983498, 197367430, 231891244, 272454017, 320112093, 376106592, 441895735, 519192816, 610010822, 716714853, 842083717, 989382295, 1162446567, 1365783508, 1604688459, 1885383031, 2215177129, 2602659318, 3057920487, 3592816640, 4221277650, 4959670026, 5827223132, 6846529961, 8044135508],
  "province": "Czechia",
  "r0": [2.0, 0.3333333333333333, 2.4]
}