{
  "input": [3, 3, 5, 8, 12, 18, 19],
  "lastDate": "20_03_08",
  "lastDateRate": 0.3333333333333333,
  "lastDateRateList": [21, 24, 28, 34, 40, 47, 55, 64, 75, 88, 104, 122, 143, 168, 197, 232, 273, 321, 377, 443, 520, 611, 718, 844, 992, 1165, 1369, 1608, 1889, 2220, 2608, 3064, 3600, 4230, 4970, 5839, 6860, 8060, 9470, 11127, 13073, 15360, 18047, 21204, 24913, 29271, 34391, 40407, 47475, 55779, 65536, 77000, 90469, 106294, 124887, 146732, 172399, 202555, 237986, 279615, 328526, 385992, 453510, 532839, 626044, 735553, 864217, 1015387, 1193000, 1401681, 1646865, 1934937, 2273399, 2671066, 3138293, 3687248, 4332227, 5090027, 5980382, 7026480, 8255563, 9699639, 11396315, 13389776, 15731936, 18483790, 21717003, 25515775, 29979034, 35223013, 41384276, 48623277, 57128535, 67121546, 78862550, 92657309, 108865068, 127907913, 150281762, 176569279, 207455049, 243743405, 286379376, 336473297, 395329723, 464481406, 545729208, 641189000, 753346766, 885123340, 1039950475, 1221860211, 1435589878, 1686705467, 1981746580, 2328396738, 2735683475, 3214213434, 3776448590, 4437030783, 5213163029, 6125057521, 7196461999, 8455278196],
  "maxRate": 2.0,
  "maxRateList": [29, 45, 69, 105, 143, 201, 291, 429, 639, 925, 1327, 1909, 2767, 4045, 5895, 8549, 12367, 17901, 25991, 37781, 54879, 79613, 115415, 167397, 242959, 352717, 511943, 742773, 1077567, 1563485, 2268919, 3292805, 4778351, 6933485, 10060455, 14598293, 21183903, 30740605, 44607575, 64728485, 93925071, 136292877, 197774087, 286989237, 416446207, 604296349, 876882103, 1272430277, 1846408751, 2679301165, 3887893863, 5641658069, 8186518623],
  "minRate": 0.3333333333333333,
  "minRateList": [21, 24, 28, 34, 40, 47, 55, 64, 75, 88, 104, 122, 143, 168, 197, 232, 273, 321, 377, 443, 520, 611, 718, 844, 992, 1165, 1369, 1608, 1889, 2220, 2608, 3064, 3600, 4230, 4970, 5839, 6860, 8060, 9470, 11127, 13073, 15360, 18047, 21204, 24913, 29271, 34391, 40407, 47475, 55779, 65536, 77000, 90469, 106294, 124887, 146732, 172399, 202555, 237986, 279615, 328526, 385992, 453510, 532839, 626044, 735553, 864217, 1015387, 1193000, 1401681, 1646865, 1934937, 2273399, 2671066, 3138293, 3687248, 4332227, 5090027, 5980382, 7026480, 8255563, 9699639, 11396315, 13389776, 15731936, 18483790, 21717003, 25515775, 29979034, 35223013, 41384276, 48623277, 57128535, 67121546, 78862550, 92657309, 108865068, 127907913, 150281762, 176569279, 207455049, 243743405, 286379376, 336473297, 395329723, 464481406, 545729208, 641189000, 753346766, 885123340, 1039950475, 1221860211, 1435589878, 1686705467, 1981746580, 2328396738, 2735683475, 3214213434, 3776448590, 4437030783, 5213163029, 6125057521, 7196461999, 8455278196],
  "province": "Czechia",
  "r0": [2.0, 0.3333333333333333]
}