{
  "input": [1, 1, 5, 9, 9, 13, 22, 23, 26, 27],
  "lastDate": "20_03_16",
  "lastDateRate": 0.1111111111111111,
  "lastDateRateList": [28, 30, 33, 36, 39, 42, 45, 49, 53, 57, 62, 67, 72, 78, 84, 91, 98, 106, 115, 124, 134, 145, 157, 170, 184, 199, 215, 232, 251, 271, 293, 317, 343, 371, 401, 434, 469, 507, 548, 593, 641, 693, 749, 810, 876, 947, 1024, 1107, 1197, 1294, 1399, 1513, 1636, 1769, 1913, 2068, 2236, 2418, 2615, 2828, 3058, 3306, 3575, 3866, 4180, 4520, 4887, 5284, 5714, 6178, 6680, 7223, 7810, 8445, 9131, 9873, 10676, 11544, 12482, 13497, 14594, 15780, 17063, 18450, 19950, 21572, 23325, 25221, 27271, 29488, 31885, 34477, 37279, 40309, 43585, 47128, 50959, 55101, 59580, 64423, 69659, 75321, 81443, 88063, 95221, 102961, 111330, 120379, 130164, 140744, 152184, 164554, 177929, 192392, 208030, 224939, 243223, 262993, 284370, 307484, 332477, 359502, 388723, 420320, 454485, 491427, 531372, 574563, 621265, 671763, 726366, 785407, 849247, 918276, 992916, 1073623, 1160890, 1255251, 1357282, 1467606, 1586897, 1715885, 1855357, 2006166, 2169233, 2345555, 2536209, 2742360, 2965267, 3206293, 3466910, 3748711, 4053418, 4382892, 4739147, 5124359, 5540882, 5991262, 6478250, 7004822, 7574195, 8189849, 8855545, 9575351, 10353665, 11195242, 12105225, 13089174, 14153102, 15303509, 16547425, 17892450, 19346803, 20919370, 22619760, 24458363, 26446413, 28596058, 30920432, 33433739, 36151335, 39089825, 42267165, 45702769, 49417629, 53434444, 57777758, 62474110, 67552195, 73043043, 78980203, 85399954, 92341522, 99847321, 107963215, 116738793, 126227677, 136487846, 147581993, 159577906, 172548883, 186574180, 201739496, 218137495, 235868373, 255040471, 275770935, 298186435, 322423934, 348631531, 376969361, 407610576, 440742402, 476567284, 515304121, 557189606, 602479670, 651451048, 704402968, 761658981, 823568937, 890511123, 962894573, 1041161569, 1125790345, 1217298005, 1316243685, 1423231971, 1538916590, 1664004406, 1799259740, 1945509038, 2103645924, 2274636656, 2459526034, 2659443783, 2875611454, 3109349890, 3362087296, 3635367966, 3930861720, 4250374104, 4595857425, 4969422680, 5373352454, 5810114867, 6282378656, 6793029481, 7345187557, 7942226719],
  "maxRate": 9.0,
  "maxRateList": [144, 342, 549, 783, 1026, 2322, 5400, 10341, 17388, 26622, 47520, 96120, 189189, 345681, 585279, 1012959, 1878039, 3580740, 6691869, 11959380, 21076011, 37978362, 70205022, 130431843, 238066263, 427750362, 769555620, 1401400818, 2575287405, 4717883772, 8567637030],
  "minRate": 0.1111111111111111,
  "minRateList": [28, 30, 33, 36, 39, 42, 45, 49, 53, 57, 62, 67, 72, 78, 84, 91, 98, 106, 115, 124, 134, 145, 157, 170, 184, 199, 215, 232, 251, 271, 293, 317, 343, 371, 401, 434, 469, 507, 548, 593, 641, 693, 749, 810, 876, 947, 1024, 1107, 1197, 1294, 1399, 1513, 1636, 1769, 1913, 2068, 2236, 2418, 2615, 2828, 3058, 3306, 3575, 3866, 4180, 4520, 4887, 5284, 5714, 6178, 6680, 7223, 7810, 8445, 9131, 9873, 10676, 11544, 12482, 13497, 14594, 15780, 17063, 18450, 19950, 21572, 23325, 25221, 27271, 29488, 31885, 34477, 37279, 40309, 43585, 47128, 50959, 55101, 59580, 64423, 69659, 75321, 81443, 88063, 95221, 102961, 111330, 120379, 130164, 140744, 152184, 164554, 177929, 192392, 208030, 224939, 243223, 262993, 284370, 307484, 332477, 359502, 388723, 420320, 454485, 491427, 531372, 574563, 621265, 671763, 726366, 785407, 849247, 918276, 992916, 1073623, 1160890, 1255251, 1357282, 1467606, 1586897, 1715885, 1855357, 2006166, 2169233, 2345555, 2536209, 2742360, 2965267, 3206293, 3466910, 3748711, 4053418, 4382892, 4739147, 5124359, 5540882, 5991262, 6478250, 7004822, 7574195, 8189849, 8855545, 9575351, 10353665, 11195242, 12105225, 13089174, 14153102, 15303509, 16547425, 17892450, 19346803, 20919370, 22619760, 24458363, 26446413, 28596058, 30920432, 33433739, 36151335, 39089825, 42267165, 45702769, 49417629, 53434444, 57777758, 62474110, 67552195, 73043043, 78980203, 85399954, 92341522, 99847321, 107963215, 116738793, 126227677, 136487846, 147581993, 159577906, 172548883, 186574180, 201739496, 218137495, 235868373, 255040471, 275770935, 298186435, 322423934, 348631531, 376969361, 407610576, 440742402, 476567284, 515304121, 557189606, 602479670, 651451048, 704402968, 761658981, 823568937, 890511123, 962894573, 1041161569, 1125790345, 1217298005, 1316243685, 1423231971, 1538916590, 1664004406, 1799259740, 1945509038, 2103645924, 2274636656, 2459526034, 2659443783, 2875611454, 3109349890, 3362087296, 3635367966, 3930861720, 4250374104, 4595857425, 4969422680, 5373352454, 5810114867, 6282378656, 6793029481, 7345187557, 7942226719],
  "province": "Costa Rica",
  "r0": [4.0, 9.0, 0.2, 0.3333333333333333, 0.1111111111111111]
}