{
  "input": [1, 1, 5, 9, 9, 13, 22, 23, 26, 27, 35, 41],
  "lastDate": "20_03_18",
  "lastDateRate": 0.2727272727272727,
  "lastDateRateList": [47, 54, 61, 71, 82, 95, 110, 127, 146, 168, 194, 224, 259, 299, 345, 398, 459, 530, 612, 706, 815, 940, 1085, 1252, 1445, 1667, 1923, 2219, 2560, 2954, 3409, 3933, 4538, 5236, 6042, 6972, 8045, 9283, 10711, 12359, 14260, 16454, 18986, 21907, 25278, 29167, 33654, 38832, 44807, 51701, 59656, 68834, 79425, 91645, 105745, 122015, 140788, 162449, 187443, 216283, 249560, 287957, 332261, 383382, 442368, 510430, 588964, 679581, 784140, 904786, 1043994, 1204621, 1389961, 1603817, 1850577, 2135303, 2463836, 2842916, 3280321, 3785024, 4367379, 5039334, 5814675, 6709308, 7741587, 8932690, 10307054, 11892874, 13722685, 15834027, 18270215, 21081230, 24324741, 28067291, 32385662, 37368448, 43117874, 49751894, 57406610, 66239063, 76430458, 88189878, 101758576, 117414924, 135480123, 156324793, 180376578, 208128917, 240151169, 277100293, 319734327, 368927939, 425690371, 491186144, 566758951, 653959222, 754575933, 870673307, 1004633164, 1159203787, 1337556302, 1543349738, 1780806094, 2054796957, 2370943444, 2735731526, 3156645091, 3642319480, 4202718650, 4849339589, 5595448187, 6456351394, 7449711252, 8595907247],
  "maxRate": 9.0,
  "maxRateList": [248, 482, 725, 1040, 1409, 3641, 7979, 14504, 23864, 36545, 69314, 141125, 271661, 486437, 815342, 1439168, 2709293, 5154242, 9532175, 16870253, 29822765, 54206402, 100594580, 186384155, 338216432, 606621317, 1094478935, 1999830155, 3677287550, 6721235438, 12180827291],
  "minRate": 0.1111111111111111,
  "minRateList": [44, 47, 50, 54, 59, 64, 69, 75, 81, 88, 95, 103, 111, 120, 130, 141, 152, 164, 177, 191, 207, 224, 242, 262, 283, 306, 331, 358, 387, 418, 452, 489, 529, 572, 618, 668, 722, 781, 845, 914, 988, 1068, 1155, 1249, 1351, 1461, 1580, 1708, 1847, 1997, 2159, 2335, 2525, 2730, 2952, 3192, 3451, 3732, 4035, 4363, 4718, 5101, 5516, 5964, 6449, 6973, 7540, 8153, 8816, 9533, 10308, 11146, 12052, 13032, 14091, 15236, 16474, 17813, 19261, 20827, 22520, 24350, 26329, 28469, 30783, 33285, 35991, 38916, 42079, 45499, 49197, 53196, 57520, 62195, 67250, 72716, 78627, 85018, 91929, 99401, 107481, 116217, 125663, 135877, 146922, 158864, 171777, 185740, 200837, 217162, 234814, 253900, 274538, 296853, 320982, 347072, 375283, 405787, 438771, 474436, 513000, 554698, 599785, 648537, 701252, 758252, 819885, 886528, 958588, 1036505, 1120755, 1211853, 1310356, 1416866, 1532033, 1656561, 1791211, 1936806, 2094236, 2264462, 2448524, 2647547, 2862748, 3095441, 3347048, 3619106, 3913278, 4231361, 4575299, 4947193, 5349316, 5784125, 6254276, 6762643, 7312331, 7906699, 8549380, 9244300, 9995705, 10808186, 11686708, 12636639, 13663783, 14774417, 15975327, 17273850, 18677921, 20196119, 21837721, 23612757, 25532074, 27607399, 29851412, 32277825, 34901465, 37738362, 40805851, 44122675, 47709100, 51587041, 55780192, 60314175, 65216694, 70517705, 76249598, 82447397, 89148972, 96395271, 104230572, 112702750, 121863572, 131769013, 142479599, 154060774, 166583302, 180123699, 194764700, 210595767, 227713631, 246222887, 266236631, 287877153, 311276683, 336578198, 363936297, 393518145, 425504495, 460090793, 497488371, 537925737, 581649975, 628928252, 680049451, 735325937, 795095463, 859723238, 929604155, 1005165205, 1086868087, 1175212027, 1270736831, 1374026182, 1485711205, 1606474326, 1737053440, 1878246421, 2030915997, 2195995020, 2374492167, 2567498105, 2776192152, 3001849485, 3245848932, 3509681395, 3794958962, 4103424757, 4436963589, 4797613470, 5187578069, 5609240176, 6065176260, 6558172214, 7091240377, 7667637940, 8290886848],
  "province": "Costa Rica",
  "r0": [4.0, 9.0, 0.2, 0.3333333333333333, 0.1111111111111111, 0.6153846153846154, 0.2727272727272727]
}