{
  "input": [1, 1, 5, 9, 9, 13, 22, 23, 26, 27, 35, 41, 50, 69, 89],
  "lastDate": "20_03_21",
  "lastDateRate": 0.7407407407407407,
  "lastDateRateList": [115, 145, 182, 233, 299, 384, 491, 626, 799, 1020, 1304, 1668, 2132, 2724, 3480, 4446, 5682, 7261, 9279, 11857, 15150, 19359, 24738, 31611, 40394, 51616, 65956, 84280, 107696, 137617, 175851, 224707, 287137, 366912, 468851, 599111, 765561, 978255, 1250042, 1597339, 2041125, 2608207, 3332840, 4258797, 5442011, 6953955, 8885960, 11354730, 14509394, 18540513, 23691591, 30273784, 38684695, 49432394, 63166107, 80715434, 103140459, 131795789, 168412377, 215202086, 274991296, 351391636, 449018146, 573768055, 733177008, 936874264, 1197164365, 1529770399, 1954783773, 2497877853, 3191858789, 4078647208, 5211810467, 6659798447, 8510078338],
  "maxRate": 9.0,
  "maxRateList": [404, 773, 1223, 1844, 2645, 6281, 13238, 24245, 40841, 64646, 121175, 240317, 458522, 826091, 1407905, 2498480, 4661333, 8788031, 16222850, 28893995, 51380315, 93332312, 172424591, 318430241, 578476196, 1040899031, 1880889839, 3432711158, 6298583327, 11504869091],
  "minRate": 0.1111111111111111,
  "minRateList": [93, 98, 104, 112, 122, 132, 143, 155, 167, 181, 196, 212, 229, 248, 268, 290, 314, 339, 367, 397, 429, 464, 502, 543, 587, 635, 687, 743, 803, 868, 939, 1015, 1098, 1187, 1283, 1387, 1500, 1622, 1754, 1897, 2051, 2218, 2398, 2593, 2804, 3032, 3278, 3544, 3832, 4144, 4481, 4845, 5239, 5665, 6125, 6623, 7161, 7743, 8372, 9053, 9789, 10585, 11445, 12375, 13381, 14469, 15645, 16917, 18292, 19779, 21387, 23125, 25005, 27037, 29235, 31611, 34180, 36958, 39962, 43210, 46722, 50520, 54626, 59066, 63867, 69058, 74671, 80741, 87304, 94400, 102073, 110370, 119341, 129041, 139530, 150871, 163134, 176394, 190732, 206235, 222998, 241124, 260723, 281915, 304830, 329608, 356400, 385369, 416693, 450563, 487186, 526786, 569605, 615904, 665967, 720099, 778631, 841920, 910354, 984350, 1064361, 1150876, 1244423, 1345573, 1454945, 1573207, 1701082, 1839351, 1988859, 2150520, 2325321, 2514330, 2718702, 2939686, 3178633, 3437002, 3716372, 4018450, 4345082, 4698263, 5080152, 5493082, 5939576, 6422363, 6944392, 7508853, 8119195, 8779148, 9492744, 10264343, 11098660, 12000793, 12976254, 14031003, 15171486, 16404670, 17738091, 19179897, 20738897, 22424618, 24247359, 26218258, 28349358, 30653680, 33145304, 35839455, 38752595, 41902524, 45308488, 48991300, 52973462, 57279306, 61935142, 66969418, 72412896, 78298836, 84663203, 91544885, 98985931, 107031808, 115731679, 125138702, 135310356, 146308793, 158201216, 171060291, 184964591, 199999075, 216255608, 233833521, 252840220, 273391841, 295613960, 319642361, 345623863, 373717221, 404094092, 436940088, 472455906, 510858557, 552382693, 597282037, 645830936, 698326037, 755088099, 816463954, 882828625, 954587618, 1032179400, 1116078078, 1206796295, 1304888364, 1410953655, 1525640255, 1649648930, 1783737407, 1928725003, 2085497631, 2255013215, 2438307541, 2636500586, 2850803364, 3082525323, 3333082347, 3604005407, 3896949917, 4213705846, 4556208660, 4926551143, 5326996188, 5759990623, 6228180161, 6734425568, 7281820139, 7873708604],
  "province": "Costa Rica",
  "r0": [4.0, 9.0, 0.2, 0.3333333333333333, 0.1111111111111111, 0.6153846153846154, 0.2727272727272727, 0.391304347826087, 0.7307692307692307, 0.7407407407407407]
}