{
  "input": [1, 1, 5, 9, 9, 13, 22, 23, 26, 27, 35, 41, 50, 69, 89, 117, 134, 158, 177],
  "lastDate": "20_03_25",
  "lastDateRate": 0.2753623188405797,
  "lastDateRateList": [202, 234, 271, 315, 364, 420, 484, 559, 646, 746, 862, 995, 1149, 1327, 1532, 1769, 2043, 2359, 2724, 3146, 3633, 4196, 4846, 5596, 6462, 7462, 8617, 9951, 11492, 13271, 15326, 17699, 20439, 23603, 27257, 31477, 36351, 41979, 48478, 55984, 64652, 74662, 86221, 99570, 114986, 132789, 153348, 177090, 204508, 236171, 272736, 314962, 363726, 420040, 485073, 560174, 646903, 747059, 862722, 996293, 1150544, 1328677, 1534389, 1771950, 2046292, 2363108, 2728976, 3151489, 3639417, 4202889, 4853600, 5605057, 6472858, 7475016, 8632333, 9968832, 11512253, 13294634, 15352972, 17729991, 20475032, 23645073, 27305914, 31533544, 36415715, 42053767, 48564729, 56083749, 64766899, 74794415, 86374438, 99747334, 115190685, 133025048, 153620612, 177404878, 204871535, 236590709, 273220795, 315522123, 364372742, 420786643, 485934809, 561169521, 648052424, 748386947, 864255733, 998063869, 1152588810, 1331038028, 1537115593, 1775099056, 2049928237, 2367307764, 2733825482, 3157089196, 3645884588, 4210357581, 4862224936, 5615017460, 6484360862, 7488300096, 8647673923],
  "maxRate": 9.0,
  "maxRateList": [978, 2031, 3237, 4659, 6252, 15054, 33333, 62466, 104397, 160665, 296151, 596148, 1158342, 2097915, 3543900, 6209259, 11574591, 21999669, 40880904, 72776004, 128659335, 232830654, 430827675, 798755811, 1453739847, 2611673862, 4707149748, 8584598823],
  "minRate": 0.1111111111111111,
  "minRateList": [187, 200, 215, 233, 253, 274, 296, 320, 346, 374, 404, 437, 473, 511, 553, 598, 647, 700, 757, 818, 884, 956, 1034, 1118, 1209, 1307, 1413, 1528, 1652, 1786, 1931, 2088, 2258, 2442, 2640, 2855, 3087, 3338, 3609, 3902, 4219, 4562, 4933, 5334, 5768, 6237, 6744, 7292, 7885, 8526, 9219, 9968, 10778, 11654, 12601, 13625, 14733, 15931, 17226, 18626, 20140, 21777, 23547, 25461, 27531, 29769, 32189, 34805, 37634, 40693, 44001, 47578, 51445, 55627, 60148, 65037, 70323, 76039, 82220, 88903, 96129, 103943, 112392, 121528, 131406, 142087, 153636, 166124, 179627, 194228, 210015, 227086, 245544, 265503, 287084, 310419, 335651, 362934, 392434, 424332, 458823, 496118, 536444, 580048, 627196, 678176, 733300, 792905, 857355, 927043, 1002396, 1083874, 1171975, 1267237, 1370242, 1481619, 1602049, 1732268, 1873072, 2025321, 2189945, 2367950, 2560424, 2768543, 2993579, 3236906, 3500012, 3784504, 4092120, 4424740, 4784396, 5173286, 5593786, 6048466, 6540104, 7071704, 7646514, 8268046, 8940098, 9666776, 10452521, 11302134, 12220806, 13214150, 14288236, 15449627, 16705420, 18063287, 19531526, 21119108, 22835733, 24691891, 26698923, 28869093, 31215661, 33752965, 36496508, 39463055, 42670732, 46139139, 49889468, 53944636, 58329420, 63070612, 68197183, 73740457, 79734305, 86215352, 93223198, 100800663, 108994047, 117853414, 127432898, 137791031, 148991105, 161101555, 174196379, 188355590, 203665705, 220220272, 238120445, 257475598, 278403997, 301033520, 325502439, 351960266, 380568666, 411502443, 444950612, 481117550, 520224246, 562509653, 608232147, 657671104, 711128610, 768931304, 831432377, 899013727, 972088294, 1051102584, 1136539396, 1228920771, 1328811185, 1436820995, 1553610171, 1679892326, 1816439078, 1964084765, 2123731542, 2296354894, 2483009597, 2684836161, 2903067802, 3139037973, 3394188517, 3670078472, 3968393601, 4290956690, 4639738687, 5016870744, 5424657241, 5865589863, 6342362829, 6857889350, 7415319433, 8018059126],
  "province": "Costa Rica",
  "r0": [4.0, 9.0, 0.2, 0.3333333333333333, 0.1111111111111111, 0.6153846153846154, 0.2727272727272727, 0.391304347826087, 0.7307692307692307, 0.7407407407407407, 0.8, 0.4146341463414634, 0.48, 0.2753623188405797]
}