{
  "input": [1, 1, 5, 9, 9, 13, 22, 23, 26, 27, 35, 41, 50, 69, 89, 117, 134],
  "lastDate": "20_03_23",
  "lastDateRate": 0.4146341463414634,
  "lastDateRateList": [155, 184, 221, 270, 326, 390, 466, 558, 670, 805, 967, 1160, 1391, 1669, 2003, 2404, 2885, 3462, 4154, 4985, 5982, 7178, 8613, 10335, 12402, 14882, 17858, 21429, 25714, 30856, 37027, 44432, 53317, 63979, 76773, 92126, 110549, 132656, 159184, 191017, 229216, 275053, 330057, 396060, 475262, 570303, 684349, 821202, 985422, 1182482, 1418949, 1702703, 2043201, 2451791, 2942088, 3530433, 4236432, 5083613, 6100209, 7320099, 8783937, 10540506, 12648346, 15177701, 18212864, 21854984, 26225438, 31469874, 37763067, 45314742, 54376565, 65250527, 78299011, 93956868, 112745907, 135292288, 162347385, 194812829, 233770555, 280518858, 336615660, 403930429, 484706480, 581635735, 697948432, 837520779, 1005004128, 1205979986, 1447146022, 1736539274, 2083803987, 2500513016, 3000553498, 3600589653, 4320618132, 5184634419, 6221432499, 7465564437, 8958491854],
  "maxRate": 9.0,
  "maxRateList": [584, 1205, 2006, 3059, 4265, 9521, 20366, 38420, 65951, 104336, 190025, 373319, 719099, 1312658, 2251682, 3961907, 7321778, 13793669, 25607591, 45872729, 81529892, 147425894, 271568915, 502037234, 914891795, 1648660823, 2975493869, 5419614104, 9937949210],
  "minRate": 0.1111111111111111,
  "minRateList": [140, 148, 158, 171, 186, 202, 218, 236, 255, 276, 298, 322, 348, 376, 407, 440, 476, 515, 557, 602, 651, 704, 761, 823, 890, 962, 1040, 1125, 1216, 1315, 1422, 1538, 1663, 1798, 1944, 2102, 2273, 2458, 2658, 2874, 3108, 3361, 3634, 3929, 4248, 4593, 4966, 5370, 5807, 6279, 6789, 7341, 7938, 8583, 9281, 10035, 10851, 11733, 12687, 13718, 14833, 16039, 17343, 18753, 20277, 21925, 23707, 25634, 27718, 29971, 32407, 35041, 37889, 40969, 44299, 47900, 51793, 56003, 60555, 65477, 70799, 76554, 82777, 89505, 96780, 104647, 113153, 122350, 132295, 143048, 154675, 167248, 180842, 195541, 211435, 228621, 247204, 267298, 289025, 312518, 337920, 365387, 395087, 427201, 461925, 499472, 540071, 583970, 631437, 682762, 738259, 798267, 863153, 933313, 1009175, 1091204, 1179900, 1275806, 1379507, 1491638, 1612883, 1743983, 1885739, 2039018, 2204756, 2383965, 2577741, 2787268, 3013826, 3258799, 3523684, 3810100, 4119796, 4454666, 4816755, 5208275, 5631619, 6089374, 6584337, 7119532, 7698229, 8323964, 9000561, 9732154, 10523213, 11378572, 12303457, 13303519, 14384869, 15554115, 16818401, 18185452, 19663621, 21261940, 22990175, 24858886, 26879492, 29064339, 31426777, 33981241, 36743339, 39729949, 42959320, 46451184, 50226877, 54309470, 58723909, 63497167, 68658410, 74239174, 80273560, 86798439, 93853680, 101482392, 109731189, 118650473, 128294744, 138722931, 149998752, 162191106, 175374492, 189629464, 205043123, 221709651, 239730885, 259216940, 280286880, 303069449, 327703855, 354340620, 383142502, 414285489, 447959872, 484371411, 523742591, 566313980, 612345701, 662119020, 715938066, 774131687, 837055463, 905093874, 978662654, 1058211328, 1144225960, 1237232123, 1337798109, 1446538404, 1564117440, 1691253658, 1828723894, 1977368128, 2138094617, 2311885444, 2499802517, 2702994061, 2922701631, 3160267700, 3417143860, 3694899695, 3995232368, 4319976994, 4671117850, 5050800501, 5461344912, 5905259620, 6385257064, 6904270158, 7465470214, 8072286315],
  "province": "Costa Rica",
  "r0": [4.0, 9.0, 0.2, 0.3333333333333333, 0.1111111111111111, 0.6153846153846154, 0.2727272727272727, 0.391304347826087, 0.7307692307692307, 0.7407407407407407, 0.8, 0.4146341463414634]
}