{
  "input": [1, 1, 5, 9, 9, 13, 22, 23, 26, 27, 35],
  "lastDate": "20_03_17",
  "lastDateRate": 0.6153846153846154,
  "lastDateRateList": [49, 63, 79, 96, 118, 148, 187, 236, 295, 368, 459, 574, 719, 901, 1127, 1409, 1762, 2204, 2758, 3452, 4319, 5403, 6759, 8456, 10580, 13238, 16563, 20722, 25926, 32437, 40583, 50776, 63528, 79482, 99443, 124417, 155664, 194758, 243670, 304866, 381430, 477223, 597074, 747025, 934635, 1169361, 1463037, 1830467, 2290175, 2865335, 3584942, 4485272, 5611713, 7021051, 8784334, 10990452, 13750619, 17203981, 21524628, 26930372, 33693727, 42155646, 52742711, 65988636, 82561173, 103295774, 129237710, 161694763, 202303154, 253110030, 316676660, 396207558, 495712028, 620206277, 775966295, 970844240, 1214664276, 1519717832, 1901383233, 2378900953, 2976343562, 3723829270, 4659040244, 5829122234, 7293061282, 9124657320],
  "maxRate": 9.0,
  "maxRateList": [233, 440, 674, 917, 1232, 3329, 7289, 13355, 21608, 32696, 62657, 128258, 248453, 442925, 737189, 1301102, 2455424, 4691501, 8677826, 15312527, 27022445, 49121261, 91344770, 169445204, 307257947, 550459952, 992551301, 1814654231, 3339661067, 6104982590, 11059122158],
  "minRate": 0.1111111111111111,
  "minRateList": [37, 40, 43, 46, 50, 54, 58, 63, 68, 74, 80, 86, 93, 101, 109, 118, 128, 138, 149, 161, 174, 188, 203, 220, 238, 257, 278, 301, 325, 351, 380, 411, 444, 480, 519, 561, 607, 656, 709, 767, 829, 896, 969, 1048, 1133, 1225, 1325, 1433, 1549, 1675, 1811, 1958, 2117, 2289, 2475, 2676, 2894, 3129, 3383, 3658, 3955, 4277, 4625, 5001, 5407, 5846, 6321, 6835, 7391, 7992, 8642, 9344, 10103, 10924, 11812, 12772, 13810, 14933, 16147, 17459, 18878, 20412, 22071, 23865, 25805, 27903, 30171, 32623, 35275, 38142, 41242, 44594, 48219, 52138, 56376, 60958, 65913, 71271, 77064, 83328, 90101, 97425, 105344, 113907, 123166, 133177, 144002, 155707, 168363, 182048, 196845, 212845, 230146, 248853, 269081, 290953, 314602, 340174, 367824, 397722, 430050, 465006, 502803, 543672, 587863, 635646, 687313, 743180, 803588, 868906, 939533, 1015901, 1098477, 1187765, 1284310, 1388703, 1501581, 1623634, 1755608, 1898309, 2052609, 2219451, 2399855, 2594923, 2805846, 3033914, 3280520, 3547171, 3835496, 4147257, 4484359, 4848861, 5242991, 5669157, 6129963, 6628225, 7166987, 7749542, 8379448, 9060555, 9797024, 10593356, 11454416, 12385466, 13392194, 14480752, 15657792, 16930505, 18306668, 19794690, 21403662, 23143417, 25024584, 27058658, 29258068, 31636253, 34207744, 36988253, 39994771, 43245667, 46760806, 50561666, 54671472, 59115335, 63920409, 69116054, 74734017, 80808625, 87376996, 94479264, 102158826, 110462606, 119441342, 129149897, 139647593, 150998574, 163272197, 176543457, 190893446, 206409845, 223187464, 241328819, 260944759, 282155142, 305089569, 329888176, 356702489, 385696351, 417046922, 450945763, 487600005, 527233615, 570088765, 616427312, 666532397, 720710175, 779291688, 842634884, 911126808, 985185963, 1065264871, 1151852836, 1245478934, 1346715246, 1456180353, 1574543116, 1702526764, 1840913312, 1990548339, 2152346156, 2327295391, 2516465031, 2721010955, 2942182993, 3181332566, 3439920943, 3719528169, 4021862720, 4348771941, 4702253337, 5084466775, 5497747683, 5944621319, 6427818201, 6950290794, 7515231547, 8126092401],
  "province": "Costa Rica",
  "r0": [4.0, 9.0, 0.2, 0.3333333333333333, 0.1111111111111111, 0.6153846153846154]
}