{
  "input": [1, 1, 5, 9, 9, 13, 22, 23, 26, 27, 35, 41, 50, 69],
  "lastDate": "20_03_20",
  "lastDateRate": 0.7307692307692307,
  "lastDateRateList": [89, 115, 145, 182, 232, 297, 381, 487, 620, 790, 1007, 1285, 1641, 2094, 2671, 3407, 4346, 5545, 7075, 9027, 11517, 14693, 18745, 23915, 30512, 38928, 49665, 63363, 80839, 103136, 131583, 167877, 214181, 273256, 348625, 444782, 567461, 723978, 923665, 1178429, 1503462, 1918145, 2447206, 3122192, 3983352, 5082036, 6483757, 8272100, 10553702, 13464613, 17178409, 21916539, 27961535, 35673856, 45513381, 58066834, 74082766, 94516195, 120585551, 153845329, 196278785, 250416191, 319485718, 407605928, 520031361, 663465858, 846462305, 1079932637, 1377798507, 1757821425, 2242661860, 2861230468, 3650412010, 4657264765, 5941826576, 7580694858, 9671594046],
  "maxRate": 9.0,
  "maxRateList": [312, 627, 996, 1446, 2067, 4875, 10518, 19482, 32496, 51099, 94974, 189636, 364974, 657438, 1117329, 1972095, 3678819, 6963585, 12880527, 22936488, 40685343, 73794714, 136466979, 252391722, 458820114, 824988201, 1489140627, 2717343438, 4988868936, 9118249962],
  "minRate": 0.1111111111111111,
  "minRateList": [72, 76, 81, 87, 95, 103, 111, 120, 130, 141, 152, 164, 177, 191, 207, 224, 242, 262, 283, 306, 331, 358, 387, 418, 452, 489, 529, 572, 618, 668, 722, 781, 845, 914, 988, 1068, 1155, 1249, 1351, 1461, 1580, 1708, 1847, 1997, 2159, 2335, 2525, 2730, 2952, 3192, 3451, 3732, 4035, 4363, 4718, 5101, 5516, 5964, 6449, 6973, 7540, 8153, 8816, 9533, 10308, 11146, 12052, 13032, 14091, 15236, 16474, 17813, 19261, 20827, 22520, 24350, 26329, 28469, 30783, 33285, 35991, 38916, 42079, 45499, 49197, 53196, 57520, 62195, 67250, 72716, 78627, 85018, 91929, 99401, 107481, 116217, 125663, 135877, 146922, 158864, 171777, 185740, 200837, 217162, 234814, 253900, 274538, 296853, 320982, 347072, 375283, 405787, 438771, 474436, 513000, 554698, 599785, 648537, 701252, 758252, 819885, 886528, 958588, 1036505, 1120755, 1211853, 1310356, 1416866, 1532033, 1656561, 1791211, 1936806, 2094236, 2264462, 2448524, 2647547, 2862748, 3095441, 3347048, 3619106, 3913278, 4231361, 4575299, 4947193, 5349316, 5784125, 6254276, 6762643, 7312331, 7906699, 8549380, 9244300, 9995705, 10808186, 11686708, 12636639, 13663783, 14774417, 15975327, 17273850, 18677921, 20196119, 21837721, 23612757, 25532074, 27607399, 29851412, 32277825, 34901465, 37738362, 40805851, 44122675, 47709100, 51587041, 55780192, 60314175, 65216694, 70517705, 76249598, 82447397, 89148972, 96395271, 104230572, 112702750, 121863572, 131769013, 142479599, 154060774, 166583302, 180123699, 194764700, 210595767, 227713631, 246222887, 266236631, 287877153, 311276683, 336578198, 363936297, 393518145, 425504495, 460090793, 497488371, 537925737, 581649975, 628928252, 680049451, 735325937, 795095463, 859723238, 929604155, 1005165205, 1086868087, 1175212027, 1270736831, 1374026182, 1485711205, 1606474326, 1737053440, 1878246421, 2030915997, 2195995020, 2374492167, 2567498105, 2776192152, 3001849485, 3245848932, 3509681395, 3794958962, 4103424757, 4436963589, 4797613470, 5187578069, 5609240176, 6065176260, 6558172214, 7091240377, 7667637940, 8290886848],
  "province": "Costa Rica",
  "r0": [4.0, 9.0, 0.2, 0.3333333333333333, 0.1111111111111111, 0.6153846153846154, 0.2727272727272727, 0.391304347826087, 0.7307692307692307]
}