{
  "input": [1, 1, 5, 9, 9, 13, 22, 23, 26, 27, 35, 41, 50],
  "lastDate": "20_03_19",
  "lastDateRate": 0.391304347826087,
  "lastDateRateList": [60, 71, 85, 101, 121, 144, 172, 205, 245, 292, 348, 415, 495, 591, 705, 841, 1003, 1197, 1428, 1704, 2033, 2425, 2893, 3452, 4119, 4915, 5864, 6996, 8347, 9959, 11882, 14177, 16915, 20181, 24078, 28727, 34275, 40894, 48791, 58213, 69454, 82866, 98868, 117960, 140739, 167917, 200343, 239030, 285188, 340260, 405967, 484362, 577895, 689490, 822635, 981492, 1171025, 1397158, 1666958, 1988859, 2372921, 2831148, 3377862, 4030150, 4808399, 5736933, 6844774, 8166546, 9743561, 11625108, 13869995, 16548385, 19743990, 23556688, 28105643, 33533032, 40008487, 47734396, 56952230, 67950090, 81071711, 96727206, 115405883, 137691538, 164280704, 196004417, 233854193, 279013017, 332892314, 397176068, 473873449, 565381611, 674560618, 804822828, 960239550, 1145668291, 1366904574, 1630863077, 1945793749, 2321539660, 2769844643, 3304720346, 3942884159, 4704281713, 5612710276, 6696562528, 7989713968],
  "maxRate": 9.0,
  "maxRateList": [284, 527, 842, 1211, 1661, 4217, 8960, 16538, 27437, 42386, 80339, 160979, 309821, 556754, 938228, 1661279, 3110090, 5898479, 10909265, 19353317, 34304828, 62295638, 115381949, 213565334, 387745187, 696488639, 1257149381, 2295586922, 4217674928, 7707381611, 13975779362],
  "minRate": 0.1111111111111111,
  "minRateList": [53, 56, 60, 65, 71, 77, 83, 90, 97, 105, 114, 123, 133, 144, 156, 169, 183, 198, 214, 231, 250, 270, 292, 316, 342, 370, 400, 432, 467, 505, 546, 590, 638, 690, 746, 807, 873, 944, 1021, 1104, 1194, 1291, 1396, 1509, 1632, 1765, 1908, 2063, 2231, 2412, 2608, 2820, 3049, 3297, 3565, 3855, 4168, 4507, 4873, 5269, 5697, 6160, 6661, 7202, 7787, 8420, 9104, 9844, 10644, 11509, 12445, 13457, 14551, 15734, 17013, 18396, 19891, 21508, 23256, 25146, 27190, 29400, 31790, 34374, 37168, 40189, 43456, 46988, 50807, 54937, 59402, 64230, 69451, 75096, 81200, 87800, 94937, 102654, 110998, 120020, 129776, 140325, 151731, 164064, 177400, 191820, 207412, 224271, 242500, 262211, 283524, 306570, 331489, 358433, 387568, 419071, 453134, 489966, 529792, 572855, 619418, 669766, 724207, 783073, 846724, 915548, 989966, 1070433, 1157441, 1251521, 1353249, 1463245, 1582182, 1710787, 1849845, 2000206, 2162789, 2338587, 2528674, 2734212, 2956457, 3196767, 3456610, 3737574, 4041375, 4369870, 4725066, 5109134, 5524420, 5973462, 6459003, 6984010, 7551692, 8165516, 8829234, 9546901, 10322902, 11161979, 12069259, 13050285, 14111052, 15258041, 16498261, 17839290, 19289322, 20857217, 22552555, 24385695, 26367838, 28511096, 30828565, 33334404, 36043926, 38973686, 42141586, 45566982, 49270805, 53275686, 57606096, 62288494, 67351492, 72826026, 78745547, 85146224, 92067168, 99550667, 107642448, 116391953, 125852645, 136082330, 147143515, 159103787, 172036226, 186019853, 201140112, 217489391, 235167590, 254282726, 274951599, 297300500, 321465988, 347595720, 375849356, 406399534, 439432923, 475151366, 513773113, 555534153, 600689657, 649515537, 702310133, 759396034, 821122051, 887865346, 960033739, 1038068198, 1122445535, 1213681318, 1312333023, 1419003438, 1534344349, 1659060520, 1793914000, 1939728780, 2097395829, 2267878534, 2452218592, 2651542370, 2867067790, 3100111771, 3352098275, 3624567007, 3919182826, 4237745914, 4582202777, 4954658141, 5357387808, 5792852566, 6263713223, 6772846865, 7323364436, 7918629748],
  "province": "Costa Rica",
  "r0": [4.0, 9.0, 0.2, 0.3333333333333333, 0.1111111111111111, 0.6153846153846154, 0.2727272727272727, 0.391304347826087]
}