{
  "input": [555, 654, 941, 1434, 2118, 2927, 5578, 6166, 8234, 9927, 12038, 16787, 19881, 23892, 27635, 30794, 34391, 37120, 40150, 42762, 44802, 45221, 60368, 66885, 69030, 71224, 73258, 75136, 75639, 76197, 76819, 78572, 78958, 79561, 80406, 81388, 82746, 84112, 86011, 88369, 90306, 92840, 95120, 97886, 101801, 105847, 109821, 113590, 118620, 125875, 128352, 145205, 156101, 167454, 181574, 197102, 214821, 242500, 272035, 304396, 336953],
  "lastDate": "20_03_23",
  "lastDateRate": 0.1651784355308419,
  "lastDateRateList": [372437, 412493, 457427, 507707, 563364, 624883, 693018, 768575, 852437, 945493, 1048710, 1163182, 1290134, 1430938, 1587113, 1760337, 1952470, 2165572, 2401932, 2664089, 2954859, 3277365, 3635071, 4031818, 4471868, 4959947, 5501297, 6101732, 6767701, 7506357, 8325633, 9234329, 10242204, 11360082, 12599970, 13975185, 15500497, 17192288, 19068729, 21149972, 23458371, 26018719, 28858514, 32008257, 35501776, 39376593, 43674324, 48441128, 53728202, 59592330, 66096494, 73310551, 81311981, 90186721, 100030089, 110947804, 123057126, 136488112, 151385013, 167907827, 186234012, 206560396, 229105289, 254110829, 281845581, 312607424, 346726747, 384570000, 426543629, 473098441, 524734446, 582006228, 645528899, 715984708, 794130368, 880805183, 976940061, 1083567515, 1201832749, 1333005961, 1478495983, 1639865414, 1818847401, 2017364254, 2237548093, 2481763746, 2752634150, 3053068518, 3386293589, 3755888282, 4165822135, 4620497937, 5124799018, 5684141695, 6304533445, 6992637428, 7755844049, 8602350333],
  "maxRate": 4.053516819571866,
  "maxRateList": [1207734, 2190712, 3293410, 4527284, 5893129, 10788699, 19668787, 33018680, 51370102, 75258000, 118990173, 198717932, 332559707, 540789279, 845848848, 1328177516, 2133683996, 3481720362, 5673818800, 9102481332],
  "minRate": 0.005137350936967632,
  "minRateList": [338057, 339303, 340701, 342265, 343996, 345733, 347476, 349226, 350984, 352751, 354527, 356312, 358106, 359909, 361721, 363542, 365372, 367212, 369061, 370919, 372787, 374664, 376550, 378446, 380352, 382267, 384192, 386126, 388070, 390024, 391988, 393962, 395946, 397940, 399944, 401958, 403982, 406016, 408060, 410115, 412180, 414255, 416341, 418437, 420544, 422662, 424790, 426929, 429079, 431239, 433410, 435592, 437785, 439989, 442204, 444431, 446669, 448918, 451178, 453450, 455733, 458028, 460334, 462652, 464982, 467323, 469676, 472041, 474418, 476807, 479208, 481621, 484046, 486483, 488933, 491395, 493869, 496356, 498855, 501367, 503891, 506428, 508978, 511541, 514117, 516706, 519308, 521923, 524551, 527192, 529847, 532515, 535196, 537891, 540599, 543321, 546057, 548806, 551569, 554346, 557137, 559942, 562761, 565595, 568443, 571305, 574182, 577073, 579979, 582899, 585834, 588784, 591749, 594729, 597724, 600734, 603759, 606799, 609854, 612925, 616011, 619113, 622230, 625363, 628512, 631677, 634858, 638055, 641268, 644497, 647742, 651003, 654281, 657575, 660886, 664214, 667558, 670919, 674297, 677692, 681104, 684533, 687980, 691444, 694926, 698425, 701942, 705476, 709028, 712598, 716186, 719792, 723416, 727059, 730720, 734399, 738097, 741813, 745548, 749302, 753075, 756867, 760678, 764508, 768357, 772226, 776114, 780022, 783950, 787897, 791864, 795851, 799858, 803885, 807933, 812001, 816090, 820199, 824329, 828480, 832652, 836845, 841059, 845294, 849550, 853828, 858127, 862448, 866791, 871155, 875541, 879949, 884380, 888833, 893308, 897806, 902327, 906870, 911436, 916025, 920637, 925273, 929932, 934614, 939320, 944050, 948803, 953580, 958381, 963207, 968057, 972931, 977830, 982754, 987702, 992675, 997673, 1002696, 1007745, 1012819, 1017919, 1023044, 1028195, 1033372, 1038575, 1043804, 1049060, 1054342, 1059651, 1064987, 1070349, 1075738, 1081155, 1086599, 1092070, 1097569, 1103095, 1108649, 1114231, 1119841, 1125480, 1131147, 1136843, 1142567, 1148320, 1154102, 1159913, 1165753, 1171623, 1177522, 1183451, 1189410, 1195399, 1201418, 1207467, 1213547, 1219657, 1225798, 1231970, 1238173, 1244407, 1250673, 1256970, 1263299, 1269660, 1276053, 1282478, 1288935, 1295425, 1301948, 1308504, 1315093, 1321715, 1328370, 1335059, 1341781, 1348537, 1355327, 1362151, 1369010, 1375903, 1382831, 1389794, 1396792, 1403825, 1410893, 1417997, 1425137, 1432313, 1439525, 1446773, 1454058, 1461379, 1468737, 1476132, 1483565, 1491035, 1498543, 1506088, 1513671, 1521293, 1528953, 1536652, 1544389, 1552165, 1559980, 1567835, 1575729, 1583663, 1591637, 1599651, 1607706, 1615801, 1623937, 1632114, 1640332, 1648591, 1656892, 1665235, 1673620, 1682047, 1690516, 1699028, 1707583, 1716181, 1724822, 1733507, 1742236, 1751008, 1759825, 1768686, 1777592, 1786542, 1795538, 1804579, 1813665, 1822797, 1831975, 1841199, 1850470, 1859787, 1869151, 1878562, 1888021, 1897528, 1907082, 1916684, 1926335, 1936034, 1945782, 1955579, 1965426, 1975322, 1985268, 1995264, 2005310, 2015407, 2025555, 2035754, 2046004, 2056306, 2066660, 2077066, 2087524, 2098035, 2108599, 2119216, 2129887, 2140611, 2151389, 2162222, 2173109, 2184051, 2195048, 2206100, 2217208, 2228372, 2239592, 2250869, 2262203, 2273594, 2285042, 2296548, 2308112, 2319734, 2331414, 2343153, 2354951, 2366809, 2378726, 2390703, 2402741, 2414839, 2426998, 2439218, 2451500, 2463844, 2476250, 2488718, 2501249, 2513843, 2526501, 2539222, 2552007, 2564857, 2577771, 2590751, 2603796, 2616907, 2630084, 2643327, 2656637, 2670014, 2683458, 2696970, 2710550, 2724198, 2737915, 2751701, 2765556, 2779481, 2793476, 2807542, 2821678, 2835886, 2850165, 2864516, 2878939, 2893435, 2908004, 2922646, 2937362, 2952152, 2967017, 2981956, 2996971, 3012061, 3027227, 3042470, 3057789, 3073185, 3088659, 3104211, 3119841, 3135550, 3151338, 3167206, 3183153, 3199181, 3215289, 3231479, 3247750, 3264103, 3280538, 3297056, 3313657, 3330342, 3347111, 3363964, 3380902, 3397925, 3415034, 3432229, 3449511, 3466880, 3484336, 3501880, 3519513, 3537234, 3555045, 3572945, 3590935, 3609016, 3627188, 3645452, 3663807, 3682255, 3700796, 3719430, 3738158, 3756980, 3775897, 3794909, 3814017, 3833221, 3852522, 3871920, 3891416, 3911010, 3930703, 3950495, 3970386, 3990378, 4010470, 4030663, 4050958, 4071355, 4091855, 4112458, 4133165, 4153976, 4174892, 4195913, 4217040, 4238274, 4259614, 4281062, 4302618, 4324282, 4346056, 4367939, 4389932, 4412036, 4434251, 4456578, 4479018, 4501571, 4524237, 4547017, 4569912, 4592922, 4616048, 4639291, 4662651, 4686128, 4709723, 4733437, 4757271, 4781225, 4805299, 4829494, 4853811, 4878251, 4902814, 4927501, 4952312, 4977248, 5002309, 5027496, 5052810, 5078252, 5103822, 5129521, 5155349, 5181307, 5207396, 5233616, 5259968, 5286453, 5313071, 5339823, 5366710, 5393732, 5420890, 5448185, 5475618, 5503189, 5530898, 5558747, 5586736, 5614866, 5643138, 5671552, 5700109, 5728810, 5757656, 5786647, 5815784, 5845067, 5874498, 5904077, 5933805, 5963683, 5993711, 6023890, 6054221, 6084705, 6115343, 6146135, 6177082, 6208185, 6239444, 6270861, 6302436, 6334170, 6366064, 6398118, 6430334, 6462712, 6495253, 6527958, 6560827, 6593862, 6627063, 6660431, 6693967, 6727672, 6761547, 6795593, 6829810, 6864199, 6898761, 6933497, 6968408, 7003495, 7038759, 7074200, 7109820, 7145619, 7181598, 7217759, 7254102, 7290628, 7327338, 7364232, 7401312, 7438579, 7476034, 7513677, 7551510, 7589533, 7627748, 7666155, 7704755, 7743550, 7782540, 7821726, 7861110, 7900692, 7940473, 7980455, 8020638, 8061023, 8101612, 8142405, 8183403, 8224608, 8266020, 8307641, 8349471, 8391512, 8433765, 8476230, 8518909, 8561803, 8604913, 8648240, 8691785, 8735550, 8779535, 8823741, 8868170, 8912823, 8957701, 9002805, 9048136, 9093695, 9139483, 9185502, 9231753, 9278236, 9324954, 9371907, 9419096, 9466523, 9514189, 9562095, 9610242, 9658631, 9707264, 9756142, 9805266, 9854637, 9904257, 9954127, 10004248, 10054621, 10105248, 10156130, 10207268, 10258663, 10310317, 10362231, 10414407, 10466845, 10519547, 10572515, 10625749, 10679251, 10733023, 10787066, 10841381, 10895969, 10950832, 11005971, 11061388, 11117084, 11173060, 11229318, 11285860, 11342686, 11399798, 11457198, 11514887, 