{
  "input": [555, 654, 941, 1434, 2118, 2927, 5578, 6166, 8234, 9927, 12038, 16787, 19881],
  "lastDate": "20_02_04",
  "lastDateRate": 0.501783976646124,
  "lastDateRateList": [24013, 28994, 35034, 43457, 53433, 65482, 80031, 97610, 119416, 146228, 179086, 219244, 268223, 328144, 401519, 491381, 601394, 735984, 900641, 1102117, 1348684, 1650454, 2019759, 2471686, 3024711, 3701459, 4529630, 5543113, 6783365, 8301117, 10158450, 12431346, 15212791, 18616575, 22781942, 27879289, 34117139, 41750674, 51092173, 62523786, 76513167, 93632601, 114582420, 140219654, 171593088, 209986169, 256969508, 314465130, 384825106, 470927768, 576295463, 705238645, 863032208, 1056131280, 1292435288, 1581611117, 1935488569, 2368544302, 2898494056, 3547017374, 4340644490, 5311841641, 6500339220, 7954757094],
  "maxRate": 4.053516819571866,
  "maxRateList": [53258, 93497, 142293, 210339, 290927, 506809, 885801, 1462588, 2315201, 3494478, 5548837, 9139446, 15068071, 24452777, 38617702, 61110006, 98156904, 159235583, 258355326, 414892831, 662603268, 1060483929, 1705948043, 2753195702, 4434970771, 7120844263, 11419533706],
  "minRate": 0.501783976646124,
  "minRateList": [24013, 28994, 35034, 43457, 53433, 65482, 80031, 97610, 119416, 146228, 179086, 219244, 268223, 328144, 401519, 491381, 601394, 735984, 900641, 1102117, 1348684, 1650454, 2019759, 2471686, 3024711, 3701459, 4529630, 5543113, 6783365, 8301117, 10158450, 12431346, 15212791, 18616575, 22781942, 27879289, 34117139, 41750674, 51092173, 62523786, 76513167, 93632601, 114582420, 140219654, 171593088, 209986169, 256969508, 314465130, 384825106, 470927768, 576295463, 705238645, 863032208, 1056131280, 1292435288, 1581611117, 1935488569, 2368544302, 2898494056, 3547017374, 4340644490, 5311841641, 6500339220, 7954757094],
  "province": "Global",
  "r0": [1.4576576576576576, 4.053516819571866, 0.6248671625929861, 1.4421199442119945, 0.7993389990557129, 0.7212162623846943, 0.8513804230907135, 0.501783976646124]
}