{
  "input": [555, 654, 941, 1434, 2118, 2927, 5578, 6166, 8234, 9927, 12038, 16787, 19881, 23892, 27635, 30794, 34391, 37120, 40150, 42762, 44802, 45221, 60368, 66885, 69030, 71224, 73258, 75136, 75639, 76197, 76819, 78572, 78958, 79561, 80406, 81388, 82746, 84112, 86011, 88369, 90306, 92840, 95120, 97886, 101801, 105847, 109821, 113590, 118620, 125875, 128352, 145205, 156101, 167454, 181574, 197102, 214821, 242500, 272035, 304396, 336953, 378235, 418045],
  "lastDate": "20_03_25",
  "lastDateRate": 0.16416494845360824,
  "lastDateRateList": [462704, 512675, 567991, 630084, 698712, 774672, 858835, 952079, 1055517, 1170221, 1297395, 1438386, 1594684, 1767963, 1960072, 2173059, 2409192, 2670983, 2961221, 3282996, 3639736, 4035241, 4473723, 4959852, 5498805, 6096322, 6758767, 7493196, 8307430, 9210141, 10210943, 11320496, 12550616, 13914405, 15426387, 17102666, 18961095, 21021466, 23305724, 25838196, 28645854, 31758601, 35209589, 39035572, 43277298, 47979943, 53193592, 58973772, 65382045, 72486660, 80363285, 89095808, 98777234, 109510674, 121410443, 134603278, 149229687, 165445447, 183423261, 203354600, 225451740, 249950024, 277110367, 307222037, 340605734, 377617007, 418650040, 464141849, 514576939, 570492462, 632483938, 701211600, 777407423, 861882920, 955537786, 1059369479, 1174483845, 1302106895, 1443597860, 1600463671, 1774375007, 1967184087, 2180944398, 2417932566, 2680672602, 2971962784, 3294905458, 3652940083, 4049879858, 4489952338, 4977844455, 5518752440, 6118437160, 6783285478, 7520378272, 8337565850],
  "maxRate": 4.053516819571866,
  "maxRateList": [1520743, 2754617, 4120462, 5653644, 7348196, 13512553, 24678439, 41380801, 64297942, 94083978, 148857339, 248891807, 416629580, 677262369, 1058633356, 1662029083, 2670916209, 4359731219, 7105025623, 11396213737],
  "minRate": 0.005137350936967632,
  "minRateList": [419443, 421007, 422738, 424681, 426829, 428984, 431147, 433319, 435501, 437694, 439898, 442113, 444339, 446576, 448825, 451085, 453356, 455639, 457933, 460239, 462556, 464885, 467226, 469579, 471943, 474319, 476707, 479107, 481519, 483944, 486381, 488830, 491291, 493765, 496251, 498750, 501261, 503785, 506322, 508871, 511433, 514008, 516596, 519197, 521811, 524438, 527079, 529733, 532400, 535081, 537775, 540483, 543204, 545939, 548688, 551451, 554228, 557019, 559824, 562643, 565476, 568323, 571185, 574061, 576951, 579856, 582776, 585710, 588659, 591623, 594602, 597596, 600605, 603629, 606668, 609723, 612793, 615879, 618980, 622097, 625229, 628377, 631541, 634721, 637917, 641129, 644357, 647601, 650862, 654139, 657433, 660743, 664070, 667414, 670775, 674152, 677546, 680958, 684387, 687833, 691296, 694777, 698275, 701791, 705325, 708876, 712445, 716032, 719637, 723261, 726903, 730563, 734242, 737939, 741655, 745389, 749142, 752914, 756705, 760515, 764344, 768193, 772061, 775948, 779855, 783782, 787728, 791694, 795680, 799686, 803713, 807760, 811827, 815915, 820023, 824152, 828302, 832473, 836665, 840878, 845112, 849367, 853644, 857942, 862262, 866604, 870967, 875352, 879760, 884190, 888642, 893116, 897613, 902133, 906675, 911240, 915828, 920439, 925074, 929732, 934413, 939118, 943847, 948599, 953375, 958175, 963000, 967849, 972722, 977620, 982542, 987489, 992461, 997458, 1002480, 1007528, 1012601, 1017700, 1022824, 1027974, 1033150, 1038352, 1043580, 1048835, 1054116, 1059424, 1064758, 1070119, 1075507, 1080922, 1086365, 1091835, 1097333, 1102858, 1108411, 1113992, 1119601, 1125238, 1130904, 1136598, 1142321, 1148073, 1153854, 1159664, 1165503, 1171372, 1177270, 1183198, 1189156, 1195144, 1201162, 1207210, 1213289, 1219398, 1225538, 1231709, 1237911, 1244144, 1250408, 1256704, 1263032, 1269392, 1275784, 1282208, 1288664, 1295153, 1301674, 1308228, 1314815, 1321435, 1328089, 1334776, 1341497, 1348252, 1355041, 1361864, 1368721, 1375613, 1382539, 1389500, 1396496, 1403528, 1410595, 1417698, 1424836, 1432010, 1439220, 1446467, 1453750, 1461070, 1468427, 1475821, 1483252, 1490720, 1498226, 1505770, 1513352, 1520972, 1528630, 1536327, 1544063, 1551838, 1559652, 1567505, 1575398, 1583330, 1591302, 1599314, 1607367, 1615460, 1623594, 1631769, 1639985, 1648243, 1656542, 1664883, 1673266, 1681691, 1690159, 1698669, 1707222, 1715818, 1724457, 1733140, 1741867, 1750638, 1759453, 1768312, 1777216, 1786165, 1795159, 1804198, 1813282, 1822412, 1831588, 1840810, 1850079, 1859394, 1868756, 1878166, 1887623, 1897128, 1906680, 1916280, 1925929, 1935626, 1945372, 1955167, 1965012, 1974906, 1984850, 1994844, 2004888, 2014983, 2025129, 2035326, 2045574, 2055874, 2066226, 2076630, 2087086, 2097595, 2108157, 2118772, 2129440, 2140162, 2150938, 2161768, 2172653, 2183593, 2194588, 2205638, 2216744, 2227906, 2239124, 2250398, 2261729, 2273117, 2284563, 2296066, 2307627, 2319246, 2330924, 2342661, 2354457, 2366312, 2378227, 2390202, 2402237, 2414333, 2426490, 2438708, 2450987, 2463328, 2475731, 2488197, 2500725, 2513317, 2525972, 2538691, 2551474, 2564321, 2577233, 2590210, 2603252, 2616360, 2629534, 2642774, 2656081, 2669455, 2682896, 2696405, 2709982, 2723627, 2737341, 2751124, 2764976, 2778898, 2792890, 2806953, 2821086, 2835291, 2849567, 2863915, 2878335, 2892828, 2907394, 2922033, 2936746, 2951533, 2966394, 2981330, 2996342, 3011429, 3026592, 3041831, 3057147, 3072540, 3088011, 3103560, 3119187, 3134893, 3150678, 3166542, 3182486, 3198510, 3214615, 3230801, 3247069, 3263419, 3279851, 3296366, 3312964, 3329645, 3346410, 3363260, 3380195, 3397215, 3414321, 3431513, 3448791, 3466156, 3483609, 3501150, 3518779, 3536497, 3554304, 3572201, 3590188, 3608265, 3626433, 3644693, 3663045, 3681489, 3700026, 3718656, 3737380, 3756198, 3775111, 3794119, 3813223, 3832423, 3851720, 3871114, 3890606, 3910196, 3929885, 3949673, 3969560, 3989547, 4009635, 4029824, 4050115, 4070508, 4091004, 4111603, 4132306, 4153113, 4174025, 4195042, 4216165, 4237394, 4258730, 4280173, 4301724, 4323384, 4345153, 4367032, 4389021, 4411120, 4433331, 4455654, 4478089, 4500637, 4523298, 4546074, 4568964, 4591970, 4615091, 4638329, 4661684, 4685156, 4708747, 4732456, 4756285, 4780234, 4804303, 4828493, 4852805, 4877240, 4901798, 4926479, 4951285, 4976216, 5001272, 5026454, 5051763, 5077199, 5102764, 5128457, 5154280, 5180233, 5206316, 5232531, 5258878, 5285357, 5311970, 5338717, 5365598, 5392615, 5419768, 5447057, 5474484, 5502049, 5529753, 5557596, 5585579, 5613703, 5641969, 5670377, 5698928, 5727623, 5756463, 5785448, 5814579, 5843856, 5873281, 5902854, 5932576, 5962448, 5992470, 6022643, 6052968, 6083446, 6114077, 6144862, 6175802, 6206898, 6238151, 6269561, 6301129, 6332856, 6364743, 6396791, 6429000, 6461371, 6493905, 6526603, 6559466, 6592494, 6625688, 6659049, 6692578, 6726276, 6760144, 6794182, 6828392, 6862774, 6897329, 6932058, 6966962, 7002042, 7037298, 7072732, 7108344, 7144136, 7180108, 7216261, 7252596, 7289114, 7325816, 7362703, 7399775, 7437034, 7474481, 7512116, 7549941, 7587956, 7626163, 7664562, 7703154, 7741941, 7780923, 7820101, 7859477, 7899051, 7938824, 7978797, 8018972, 8059349, 8099929, 8140714, 8181704, 8222900, 8264304, 8305916, 8347738, 8389770, 8432014, 8474471, 8517141, 8560026, 8603127, 8646445, 8689981, 8733737, 8777713, 8821910, 8866330, 8910973, 8955841, 9000935, 9046256, 9091805, 9137584, 9183593, 9229834, 9276308, 9323016, 9369959, 9417138, 9464555, 9512211, 9560107, 9608244, 9656623, 9705246, 9754114, 9803228, 9852589, 9902198, 9952057, 10002167, 10052530, 10103146, 10154017, 10205144, 10256529, 10308172, 10360075, 10412240, 10464667, 10517358, 10570315, 10623538, 10677029, 10730790, 10784821, 10839124, 10893701, 10948553, 11003681, 11059086, 11114770, 11170735, 11226982, 11283512, 11340326, 11397426, 11454814, 11512491, 11570458, 11628717, 11687270, 11746117, 11805261, 11864703, 11924444, 11984486, 12044830, 12105478, 12166431, 12227691, 12289260, 12351139, 12413329, 12475832, 12538650, 12601784, 12665236, 12729008, 12793101, 12857516, 12922256, 12987322, 13052715, 13118438, 13184492, 13250878, 13317598, 13384654, 13452048, 13519781, 13587855, 13656272, 