{
  "input": [555, 654, 941, 1434, 2118, 2927, 5578, 6166, 8234, 9927, 12038, 16787, 19881, 23892, 27635, 30794, 34391, 37120, 40150, 42762, 44802, 45221, 60368, 66885, 69030, 71224, 73258, 75136, 75639, 76197, 76819, 78572, 78958, 79561, 80406, 81388, 82746, 84112, 86011, 88369, 90306, 92840, 95120, 97886, 101801, 105847, 109821, 113590, 118620, 125875, 128352, 145205, 156101, 167454, 181574, 197102],
  "lastDate": "20_03_18",
  "lastDateRate": 0.12097980553477936,
  "lastDateRateList": [214669, 233554, 253813, 275780, 299625, 325596, 353851, 384557, 417921, 454170, 493561, 536370, 582894, 633454, 688399, 748110, 813000, 883518, 960153, 1043435, 1133941, 1232298, 1339186, 1455345, 1581580, 1718764, 1867847, 2029861, 2205928, 2397267, 2605203, 2831175, 3076747, 3343620, 3633641, 3948818, 4291333, 4663557, 5068067, 5507664, 5985391, 6504556, 7068752, 7681886, 8348202, 9072313, 9859233, 10714409, 11643762, 12653726, 13751293, 14944061, 16240288, 17648948, 19179793, 20843422, 22651352, 24616099, 26751265, 29071633, 31593266, 34333622, 37311673, 40548036, 44065117, 47887264, 52040939, 56554898, 61460392, 66791381, 72584773, 78880676, 85722677, 93158143, 101238551, 110019843, 119562812, 129933525, 141203779, 153451599, 166761778, 181226464, 196945797, 214028603, 232593148, 252767955, 274692697, 298519161, 324412300, 352551374, 383131192, 416363461, 452478251, 491725588, 534377185, 580728322, 631099893, 685840624, 745329490, 809978338, 880234737, 956585079, 1039557944, 1129727761, 1227718783, 1334209410, 1449936887, 1575702405, 1712376650, 1860905830, 2022318225, 2197731308, 2388359479, 2595522473, 2820654498, 3065314164, 3331195270, 3620138535, 3934144339, 4275386572, 4646227683, 5049235039, 5487198695, 5963150712, 6480386148, 7042485870, 7653341343, 8317181574],
  "maxRate": 4.053516819571866,
  "maxRateList": [785693, 1418451, 2097229, 2833242, 3632198, 6817018, 12566733, 21067886, 32552480, 47275656, 74908553, 125848017, 211247047, 343199072, 534831739, 838474819, 1348601873, 2204895331, 3596058542, 5764007992, 9162779774],
  "minRate": 0.005137350936967632,
  "minRateList": [197848, 198650, 199510, 200443, 201456, 202472, 203493, 204518, 205548, 206583, 207623, 208668, 209719, 210775, 211836, 212903, 213975, 215052, 216135, 217223, 218317, 219416, 220521, 221631, 222747, 223869, 224996, 226129, 227268, 228412, 229562, 230718, 231880, 233048, 234221, 235400, 236585, 237776, 238973, 240176, 241385, 242600, 243822, 245050, 246284, 247524, 248770, 250023, 251282, 252547, 253819, 255097, 256381, 257672, 258969, 260273, 261584, 262901, 264225, 265555, 266892, 268236, 269587, 270944, 272308, 273679, 275057, 276442, 277834, 279233, 280639, 282052, 283472, 284899, 286334, 287776, 289225, 290681, 292145, 293616, 295094, 296580, 298073, 299574, 301082, 302598, 304122, 305653, 307192, 308739, 310294, 311856, 313426, 315004, 316590, 318184, 319786, 321396, 323014, 324640, 326275, 327918, 329569, 331228, 332896, 334572, 336257, 337950, 339652, 341362, 343081, 344808, 346544, 348289, 350043, 351806, 353577, 355357, 357146, 358944, 360751, 362567, 364393, 366228, 368072, 369925, 371788, 373660, 375541, 377432, 379332, 381242, 383162, 385091, 387030, 388979, 390938, 392906, 394884, 396872, 398870, 400878, 402896, 404925, 406964, 409013, 411072, 413142, 415222, 417313, 419414, 421526, 423648, 425781, 427925, 430080, 432246, 434422, 436609, 438807, 441016, 443237, 445469, 447712, 449966, 452232, 454509, 456798, 459098, 461410, 463733, 466068, 468415, 470774, 473144, 475526, 477920, 480326, 482745, 485176, 487619, 490074, 492542, 495022, 497515, 500020, 502538, 505068, 507611, 510167, 512736, 515318, 517913, 520521, 523142, 525776, 528423, 531084, 533758, 536446, 539147, 541862, 544590, 547332, 550088, 552858, 555642, 558440, 561252, 564078, 566918, 569773, 572642, 575525, 578423, 581335, 584262, 587204, 590161, 593133, 596120, 599122, 602139, 605171, 608218, 611280, 614358, 617451, 620560, 623685, 626825, 629981, 633153, 636341, 639545, 642765, 646001, 649254, 652523, 655809, 659111, 662430, 665765, 669117, 672486, 675872, 679275, 682695, 686132, 689587, 693059, 696549, 700056, 703581, 707124, 710684, 714262, 717858, 721473, 725106, 728757, 732426, 736114, 739820, 743545, 747289, 751052, 754834, 758635, 762455, 766294, 770152, 774030, 777927, 781844, 785781, 789738, 793714, 797710, 801727, 805764, 809821, 813899, 817997, 822116, 826255, 830415, 834596, 838798, 843021, 847266, 851532, 855820, 860129, 864460, 868813, 873188, 877585, 882004, 886445, 890908, 895394, 899902, 904433, 908987, 913564, 918164, 922787, 927433, 932103, 936796, 941513, 946254, 951019, 955808, 960621, 965458, 970319, 975205, 980115, 985050, 990010, 994995, 1000005, 1005040, 1010101, 1015187, 1020299, 1025436, 1030599, 1035788, 1041003, 1046245, 1051513, 1056808, 1062129, 1067477, 1072852, 1078254, 1083683, 1089140, 1094624, 1100136, 1105675, 1111242, 1116837, 1122460, 1128112, 1133792, 1139501, 1145239, 1151005, 1156801, 1162626, 1168480, 1174363, 1180276, 1186219, 1192192, 1198195, 1204228, 1210291, 1216385, 1222510, 1228666, 1234853, 1241071, 1247320, 1253600, 1259912, 1266256, 1272632, 1279040, 1285480, 1291953, 1298458, 1304996, 1311567, 1318171, 1324808, 1331479, 1338183, 1344921, 1351693, 1358499, 1365339, 1372214, 1379123, 1386067, 1393046, 1400060, 1407110, 1414195, 1421316, 1428473, 1435666, 1442895, 1450160, 1457462, 1464801, 1472177, 1479590, 1487040, 1494527, 1502052, 1509615, 1517216, 1524855, 1532533, 1540250, 1548005, 1555799, 1563633, 1571506, 1579419, 1587372, 1595365, 1603398, 1611471, 1619585, 1627740, 1635936, 1644173, 1652452, 1660772, 1669134, 1677538, 1685985, 1694474, 1703006, 1711581, 1720199, 1728860, 1737565, 1746314, 1755107, 1763944, 1772826, 1781752, 1790723, 1799740, 1808802, 1817910, 1827063, 1836263, 1845509, 1854801, 1864140, 1873526, 1882960, 1892441, 1901970, 1911547, 1921172, 1930845, 1940567, 1950338, 1960158, 1970028, 1979947, 1989916, 1999936, 2010006, 2020127, 2030299, 2040522, 2050796, 2061122, 2071500, 2081930, 2092413, 2102949, 2113538, 2124180, 2134876, 2145625, 2156429, 2167287, 2178200, 2189168, 2200191, 2211269, 2222403, 2233593, 2244840, 2256143, 2267503, 2278920, 2290395, 2301928, 2313519, 2325168, 2336876, 2348643, 2360469, 2372354, 2384299, 2396304, 2408370, 2420497, 2432685, 2444934, 2457245, 2469618, 2482053, 2494551, 2507111, 2519735, 2532422, 2545173, 2557988, 2570868, 2583813, 2596823, 2609898, 2623039, 2636246, 2649520, 2662861, 2676269, 2689744, 2703287, 2716899, 2730579, 2744328, 2758146, 2772034, 2785992, 2800020, 2814119, 2828289, 2842530, 2856843, 2871228, 2885685, 2900215, 2914818, 2929495, 2944246, 2959071, 2973970, 2988944, 3003994, 3019120, 3034322, 3049600, 3064955, 3080388, 3095898, 3111486, 3127153, 3142899, 3158724, 3174629, 3190614, 3206679, 3222825, 3239052, 3255361, 3271752, 3288226, 3304783, 3321423, 3338147, 3354955, 3371848, 3388826, 3405889, 3423038, 3440274, 3457596, 3475006, 3492503, 3510088, 3527762, 3545525, 3563377, 3581319, 3599352, 3617475, 3635690, 3653996, 3672394, 3690885, 3709469, 3728147, 3746919, 3765785, 3784746, 3803803, 3822956, 3842205, 3861551, 3880995, 3900536, 3920176, 3939915, 3959753, 3979691, 3999729, 4019868, 4040109, 4060452, 4080897, 4101445, 4122096, 4142851, 4163711, 4184676, 4205747, 4226924, 4248207, 4269597, 4291095, 4312701, 4334416, 4356241, 4378175, 4400220, 4422376, 4444643, 4467023, 4489515, 4512120, 4534839, 4557673, 4580622, 4603686, 4626866, 4650163, 4673577, 4697109, 4720760, 4744530, 4768420, 4792430, 4816561, 4840813, 4865187, 4889684, 4914304, 4939048, 4963917, 4988911, 5014031, 5039278, 5064652, 5090153, 5115783, 5141542, 5167431, 5193450, 5219600, 5245882, 5272296, 5298843, 5325524, 5352339, 5379289, 5406375, 5433597, 5460956, 5488453, 5516088, 5543862, 5571776, 5599831, 5628027, 5656365, 5684846, 5713470, 5742238, 5771151, 5800210, 5829415, 5858767, 5888267, 5917915, 5947713, 5977661, 6007760, 6038010, 6068412, 6098967, 6129676, 6160540, 6191559, 6222735, 6254068, 6285558, 