{
  "input": [555, 654, 941, 1434, 2118, 2927, 5578, 6166, 8234, 9927, 12038, 16787, 19881, 23892, 27635, 30794, 34391, 37120, 40150, 42762, 44802, 45221, 60368, 66885, 69030, 71224, 73258, 75136, 75639, 76197, 76819, 78572, 78958, 79561, 80406, 81388, 82746, 84112, 86011, 88369, 90306, 92840, 95120, 97886, 101801, 105847, 109821, 113590, 118620, 125875, 128352, 145205, 156101, 167454, 181574, 197102, 214821],
  "lastDate": "20_03_19",
  "lastDateRate": 0.12202747839261734,
  "lastDateRateList": [233870, 254304, 276461, 300513, 326727, 355266, 386298, 420034, 456705, 496575, 539927, 587066, 638322, 694053, 754649, 820535, 892173, 970066, 1054760, 1146848, 1246976, 1355846, 1474221, 1602931, 1742878, 1895043, 2060493, 2240388, 2435990, 2648669, 2879916, 3131353, 3404742, 3702000, 4025210, 4376639, 4758750, 5174222, 5625968, 6117154, 6651224, 7231922, 7863319, 8549842, 9296303, 10107935, 10990428, 11949969, 12993285, 14127689, 15361135, 16702269, 18160494, 19746032, 21469998, 23344479, 25382615, 27598694, 30008252, 32628182, 35476850, 38574227, 41942026, 45603857, 49585392, 53914543, 58621659, 63739739, 69304663, 75355443, 81934499, 89087952, 96865952, 105323025, 114518460, 124516720, 135387898, 147208206, 160060509, 174034908, 189229369, 205750413, 223713859, 243245639, 264482680, 287573863, 312681067, 339980305, 369662957, 401937112, 437029025, 475184707, 516671646, 561780684, 610828056, 664157606, 722143198, 785191336, 853744016, 928281823, 1009327301, 1097448614, 1193263533, 1297443762, 1410719652, 1533885317, 1667804204, 1813415144, 1971738935, 2143885497, 2331061654, 2534579595, 2755866072, 2996472402, 3258085343, 3542538919, 3851827276, 4188118664, 4553770635, 4951346574, 5383633665, 5853662435, 6364727995, 6920413143, 7524613480, 8181564721],
  "maxRate": 4.053516819571866,
  "maxRateList": [847579, 1526357, 2262370, 3061326, 3932107, 7367783, 13554897, 22725452, 35134588, 51073450, 80938882, 135883885, 228001887, 370420530, 577447619, 905534739, 1456342352, 2380551836, 3882057685, 6222751321, 9893351616],
  "minRate": 0.005137350936967632,
  "minRateList": [215623, 216483, 217416, 218429, 219533, 220641, 221753, 222870, 223992, 225120, 226254, 227393, 228538, 229689, 230846, 232008, 233176, 234350, 235530, 236716, 237908, 239106, 240310, 241520, 242736, 243958, 245186, 246421, 247662, 248909, 250162, 251422, 252688, 253960, 255239, 256524, 257816, 259114, 260419, 261730, 263048, 264372, 265703, 267041, 268386, 269737, 271095, 272460, 273832, 275211, 276597, 277990, 279390, 280797, 282211, 283632, 285060, 286495, 287938, 289388, 290845, 292309, 293781, 295260, 296747, 298241, 299743, 301252, 302769, 304293, 305825, 307365, 308913, 310468, 312031, 313602, 315181, 316768, 318363, 319966, 321577, 323196, 324823, 326459, 328103, 329755, 331415, 333084, 334761, 336447, 338141, 339844, 341555, 343275, 345003, 346740, 348486, 350241, 352005, 353777, 355558, 357348, 359147, 360955, 362772, 364599, 366435, 368280, 370134, 371998, 373871, 375754, 377646, 379548, 381459, 383380, 385310, 387250, 389200, 391160, 393130, 395109, 397098, 399097, 401107, 403127, 405157, 407197, 409247, 411308, 413379, 415460, 417552, 419654, 421767, 423891, 426025, 428170, 430326, 432493, 434671, 436860, 439060, 441271, 443493, 445726, 447970, 450226, 452493, 454771, 457061, 459362, 461675, 464000, 466336, 468684, 471044, 473416, 475800, 478196, 480604, 483024, 485456, 487900, 490357, 492826, 495307, 497801, 500308, 502827, 505359, 507904, 510461, 513031, 515614, 518210, 520819, 523441, 526077, 528726, 531388, 534064, 536753, 539456, 542172, 544902, 547646, 550403, 553174, 555959, 558758, 561571, 564399, 567241, 570097, 572968, 575853, 578753, 581667, 584596, 587540, 590498, 593471, 596459, 599462, 602480, 605514, 608563, 611627, 614707, 617802, 620913, 624039, 627181, 630339, 633513, 636703, 639909, 643131, 646369, 649624, 652895, 656182, 659486, 662807, 666144, 669498, 672869, 676257, 679662, 683084, 686523, 689980, 693454, 696946, 700455, 703982, 707527, 711090, 714670, 718268, 721885, 725520, 729173, 732845, 736535, 740244, 743971, 747717, 751482, 755266, 759069, 762891, 766732, 770593, 774473, 778373, 782292, 786231, 790190, 794169, 798168, 802187, 806226, 810285, 814365, 818465, 822586, 826728, 830891, 835075, 839280, 843506, 847753, 852022, 856312, 860624, 864957, 869312, 873689, 878088, 882509, 886953, 891419, 895907, 900418, 904952, 909509, 914089, 918692, 923318, 927967, 932639, 937335, 942055, 946798, 951565, 956356, 961171, 966011, 970875, 975764, 980677, 985615, 990578, 995566, 1000579, 1005617, 1010680, 1015769, 1020884, 1026024, 1031190, 1036382, 1041600, 1046845, 1052116, 1057414, 1062738, 1068089, 1073467, 1078872, 1084304, 1089764, 1095251, 1100766, 1106309, 1111879, 1117478, 1123105, 1128760, 1134443, 1140155, 1145896, 1151666, 1157465, 1163293, 1169150, 1175037, 1180954, 1186900, 1192876, 1198882, 1204919, 1210986, 1217084, 1223212, 1229371, 1235561, 1241782, 1248035, 1254319, 1260635, 1266983, 1273362, 1279774, 1286218, 1292694, 1299203, 1305745, 1312320, 1318928, 1325569, 1332243, 1338951, 1345693, 1352469, 1359279, 1366123, 1373002, 1379915, 1386863, 1393846, 1400864, 1407918, 1415007, 1422132, 1429293, 1436490, 1443723, 1450992, 1458298, 1465641, 1473021, 1480438, 1487892, 1495384, 1502914, 1510481, 1518087, 1525731, 1533413, 1541134, 1548894, 1556693, 1564531, 1572409, 1580326, 1588283, 1596280, 1604318, 1612396, 1620515, 1628675, 1636876, 1645118, 1653401, 1661726, 1670093, 1678502, 1686954, 1695448, 1703985, 1712565, 1721188, 1729854, 1738564, 1747318, 1756116, 1764958, 1773845, 1782777, 1791754, 1800776, 1809843, 1818956, 1828115, 1837320, 1846571, 1855869, 1865214, 1874606, 1884045, 1893531, 1903065, 1912647, 1922278, 1931957, 1941685, 1951462, 1961288, 1971163, 1981088, 1991063, 2001088, 2011164, 2021291, 2031469, 2041698, 2051978, 2062310, 2072694, 2083130, 2093619, 2104161, 2114756, 2125404, 2136106, 2146862, 2157672, 2168536, 2179455, 2190429, 2201458, 2212543, 2223684, 2234881, 2246134, 2257444, 2268811, 2280235, 2291716, 2303255, 2314852, 2326508, 2338222, 2349995, 2361828, 2373720, 2385672, 2397684, 2409757, 2421891, 2434086, 2446342, 2458660, 2471040, 2483482, 2495987, 2508555, 2521186, 2533881, 2546640, 2559463, 2572350, 2585302, 2598319, 2611402, 2624551, 2637766, 2651048, 2664396, 2677812, 2691295, 2704846, 2718465, 2732153, 2745910, 2759736, 2773632, 2787598, 2801634, 2815741, 2829919, 2844168, 2858489, 2872882, 2887347, 2901885, 2916496, 2931181, 2945940, 2960773, 2975681, 2990664, 3005723, 3020857, 3036068, 3051355, 3066719, 3082160, 3097679, 3113276, 3128952, 3144707, 3160541, 3176455, 3192449, 3208524, 3224679, 3240916, 3257235, 3273636, 3290119, 3306685, 3323335, 3340069, 3356887, 3373789, 3390777, 3407850, 3425009, 3442255, 3459587, 3477007, 3494514, 3512109, 3529793, 3547566, 3565429, 3583382, 3601425, 3619559, 3637784, 3656101, 3674510, 3693012, 3711607, 3730296, 3749079, 3767956, 3786928, 3805996, 3825160, 3844420, 3863777, 3883232, 3902785, 3922436, 3942186, 3962036, 3981986, 4002036, 4022187, 4042439, 4062793, 4083250, 4103810, 4124473, 4145240, 4166112, 4187089, 4208172, 4229361, 4250657, 4272060, 4293571, 4315190, 4336918, 4358755, 4380702, 4402760, 4424929, 4447209, 4469601, 4492106, 4514725, 4537457, 4560304, 4583266, 4606344, 4629538, 4652849, 4676277, 4699823, 4723487, 4747271, 4771174, 4795198, 4819343, 4843609, 4867997, 4892508, 4917143, 4941902, 4966785, 4991794, 5016929, 5042190, 5067578, 5093094, 5118739, 5144513, 5170416, 5196450, 5222615, 5248912, 5275341, 5301903, 5328599, 5355429, 5382395, 5409496, 5436734, 5464109, 5491622, 5519273, 5547063, 5574993, 5603064, 5631276, 5659630, 5688127, 5716768, 5745553, 5774483, 5803559, 5832781, 5862150, 5891667, 5921333, 5951148, 5981113, 6011229, 6041497, 6071917, 6102490, 6133217, 6164099, 6195136, 6226330, 6257681, 6289189, 6320856, 6352683, 6384670, 6416818, 6449128, 6481600, 6514236, 6547036, 6580001, 6613132, 6646430, 6679896, 6713530, 6747334, 6781308, 6815453, 