{
  "input": [555, 654, 941, 1434, 2118, 2927, 5578, 6166, 8234, 9927, 12038, 16787, 19881, 23892, 27635, 30794, 34391, 37120, 40150, 42762, 44802, 45221, 60368, 66885, 69030, 71224, 73258, 75136, 75639, 76197, 76819, 78572, 78958, 79561, 80406, 81388, 82746, 84112, 86011, 88369, 90306, 92840, 95120, 97886, 101801, 105847, 109821, 113590, 118620, 125875],
  "lastDate": "20_03_12",
  "lastDateRate": 0.07126649050598717,
  "lastDateRateList": [133418, 141245, 149340, 157794, 166765, 176273, 186339, 196982, 208227, 220112, 232674, 245954, 259992, 274832, 290519, 307101, 324629, 343158, 362744, 383448, 405334, 428469, 452925, 478776, 506103, 534990, 565525, 597803, 631924, 667992, 706119, 746422, 789025, 834060, 881665, 931988, 985183, 1041414, 1100855, 1163688, 1230108, 1300319, 1374537, 1452991, 1535923, 1623588, 1716257, 1814215, 1917765, 2027225, 2142932, 2265244, 2394537, 2531209, 2675682, 2828401, 2989837, 3160487, 3340877, 3531563, 3733133, 3946208, 4171445, 4409538, 4661220, 4927267, 5208499, 5505783, 5820035, 6152224, 6503373, 6874564, 7266942, 7681715, 8120162, 8583635, 9073561, 9591450, 10138899, 10717594, 11329320, 11975961, 12659510, 13382074, 14145879, 14953280, 15806765, 16708964, 17662657, 18670784, 19736452, 20862945, 22053734, 23312490, 24643091, 26049639, 27536468, 29108160, 30769559, 32525786, 34382252, 36344679, 38419115, 40611953, 42929952, 45380254, 47970412, 50708407, 53602678, 56662145, 59896236, 63314919, 66928729, 70748804, 74786916, 79055511, 83567743, 88337519, 93379538, 98709339, 104343348, 110298928, 116594433, 123249265, 130283933, 137720117, 145580735, 153890011, 162673554, 171958433, 181773262, 192148290, 203115491, 214708664, 226963538, 239917880, 253611614, 268086942, 283388475, 299563370, 316661475, 334735485, 353841101, 374037203, 395386033, 417953385, 441808808, 467025821, 493682140, 521859915, 551645986, 583132149, 616415440, 651598434, 688789559, 728103432, 769661214, 813590979, 860028113, 909115728, 961005104, 1015856158, 1073837932, 1135129117, 1199918604, 1268406065, 1340802568, 1417331229, 1498227897, 1583741885, 1674136734, 1769691027, 1870699250, 1977472694, 2090340420, 2209650270, 2335769939, 2469088109, 2610015648, 2758986874, 2916460894, 3082923020, 3258886264, 3444892919, 3641516231, 3849362164, 4069071268, 4301320655, 4546826084, 4806344166, 5080674698, 5370663127, 5677203155, 6001239493, 6343770774, 6705852629, 7088600942, 7493195287, 7920882564],
  "maxRate": 4.053516819571866,
  "maxRateList": [554928, 1000089, 1460528, 1941356, 2451592, 4701002, 8754880, 14675155, 22544474, 32482043, 51537634, 87025687, 146511675, 237896080, 369562588, 578471254, 931231340, 1525118879, 2489434641, 3987462807, 6332305765, 10107067665],
  "minRate": 0.005137350936967632,
  "minRateList": [126419, 126983, 127567, 128176, 128823, 129472, 130124, 130779, 131437, 132099, 132764, 133432, 134104, 134779, 135458, 136140, 136825, 137514, 138206, 138902, 139601, 140304, 141010, 141720, 142434, 143151, 143872, 144596, 145324, 146056, 146791, 147530, 148273, 149020, 149770, 150524, 151282, 152044, 152810, 153579, 154352, 155129, 155910, 156695, 157484, 158277, 159074, 159875, 160680, 161489, 162302, 163119, 163940, 164765, 165595, 166429, 167267, 168109, 168955, 169806, 170661, 171520, 172384, 173252, 174124, 175001, 175882, 176768, 177658, 178553, 179452, 180356, 181264, 182177, 183094, 184016, 184943, 185874, 186810, 187751, 188696, 189646, 190601, 191561, 192526, 193495, 194469, 195448, 196432, 197421, 198415, 199414, 200418, 201427, 202441, 203460, 204484, 205514, 206549, 207589, 208634, 209685, 210741, 211802, 212868, 213940, 215017, 216100, 217188, 218282, 219381, 220486, 221596, 222712, 223833, 224960, 226093, 227231, 228375, 229525, 230681, 231843, 233010, 234183, 235362, 236547, 237738, 238935, 240138, 241347, 242562, 243783, 245010, 246244, 247484, 248730, 249982, 251241, 252506, 253777, 255055, 256339, 257630, 258927, 260231, 261541, 262858, 264182, 265512, 266849, 268193, 269543, 270900, 272264, 273635, 275013, 276398, 277790, 279189, 280595, 282008, 283428, 284855, 286289, 287731, 289180, 290636, 292099, 293570, 295048, 296534, 298027, 299528, 301036, 302552, 304075, 305606, 307145, 308692, 310246, 311808, 313378, 314956, 316542, 318136, 319738, 321348, 322966, 324592, 326226, 327869, 329520, 331179, 332847, 334523, 336207, 337900, 339601, 341311, 343030, 344757, 346493, 348238, 349991, 351753, 353524, 355304, 357093, 358891, 360698, 362514, 364339, 366174, 368018, 369871, 371733, 373605, 375486, 377377, 379277, 381187, 383106, 385035, 386974, 388922, 390880, 392848, 394826, 396814, 398812, 400820, 402838, 404866, 406905, 408954, 411013, 413083, 415163, 417253, 419354, 421466, 423588, 425721, 427865, 430019, 432184, 434360, 436547, 438745, 440954, 443174, 445405, 447648, 449902, 452167, 454444, 456732, 459032, 461343, 463666, 466001, 468347, 470705, 473075, 475457, 477851, 480257, 482675, 485105, 487548, 490003, 492470, 494950, 497442, 499947, 502464, 504994, 507537, 510093, 512661, 515242, 517836, 520443, 523064, 525698, 528345, 531005, 533679, 536366, 539067, 541781, 544509, 547251, 550007, 552776, 555559, 558356, 561167, 563993, 566833, 569687, 572555, 575438, 578335, 581247, 584174, 587115, 590071, 593042, 596028, 599029, 602045, 605076, 608123, 611185, 614262, 617355, 620463, 623587, 626727, 629883, 633055, 636243, 639447, 642667, 645903, 649155, 652424, 655709, 659011, 662329, 665664, 669016, 672385, 675771, 679174, 682594, 686031, 689485, 692957, 696446, 699953, 703477, 707019, 710579, 714157, 717753, 721367, 724999, 728649, 732318, 736005, 739711, 743436, 747179, 750941, 754722, 758522, 762341, 766180, 770038, 773915, 777812, 781728, 785664, 789620, 793596, 797592, 801608, 805644, 809701, 813778, 817876, 821994, 826133, 830293, 834474, 838676, 842899, 847143, 851409, 855696, 860005, 864335, 868687, 873061, 877457, 881875, 886315, 890778, 895263, 899771, 904302, 908855, 913431, 918030, 922652, 927298, 931967, 936660, 941376, 946116, 950880, 955668, 960480, 965316, 970177, 975062, 979972, 984906, 989865, 994849, 999858, 1004892, 1009952, 1015037, 1020148, 1025285, 1030447, 1035635, 1040850, 1046091, 1051358, 1056652, 1061972, 1067319, 1072693, 1078094, 1083522, 1088978, 1094461, 1099972, 1105511, 1111077, 1116671, 1122294, 1127945, 1133624, 1139332, 1145069, 1150835, 1156630, 1162454, 1168307, 1174190, 1180102, 1186044, 1192016, 1198018, 1204050, 1210113, 1216206, 1222330, 1228485, 1234671, 1240888, 1247136, 1253416, 1259727, 1266070, 1272445, 1278852, 1285291, 1291763, 1298267, 1304804, 1311374, 1317977, 1324613, 1331283, 1337986, 1344723, 1351494, 1358299, 1365138, 1372012, 1378920, 1385863, 1392841, 1399854, 1406903, 1413987, 1421107, 1428263, 1435455, 1442683, 1449947, 1457248, 1464585, 1471959, 1479371, 1486820, 1494306, 1501830, 1509392, 1516992, 1524630, 1532307, 1540022, 1547776, 1555569, 1563402, 1571274, 1579186, 1587137, 1595129, 1603161, 1611233, 1619346, 1627500, 1635695, 1643931, 1652208, 1660527, 1668888, 1677291, 1685736, 1694224, 1702755, 1711329, 1719946, 1728606, 1737310, 1746058, 1754850, 1763686, 1772566, 1781491, 1790461, 1799476, 1808537, 1817643, 1826795, 1835993, 1845238, 1854529, 1863867, 1873252, 1882684, 1892164, 1901691, 1911266, 1920890, 1930562, 1940283, 1950053, 1959872, 1969740, 1979658, 1989626, 1999644, 2009713, 2019832, 2030002, 2040223, 2050496, 2060821, 2071198, 2081627, 2092108, 2102642, 2113229, 2123869, 2134563, 2145311, 2156113, 2166969, 2177880, 2188846, 2199867, 2210944, 2222076, 2233265, 2244510, 2255811, 2267169, 2278585, 2290058, 2301589, 2313178, 2324825, 2336531, 2348296, 2360120, 2372004, 2383947, 2395951, 2408015, 2420140, 2432326, 2444573, 2456882, 2469253, 2481686, 2494182, 2506741, 2519363, 2532048, 2544797, 2557610, 2570488, 2583431, 2596439, 2609513, 2622652, 2635857, 2649129, 2662468, 2675874, 2689347, 2702888, 2716498, 2730176, 2743923, 2757739, 2771625, 2785581, 2799607, 2813703, 2827870, 2842109, 2856420, 2870803, 2885258, 2899786, 2914387, 2929061,