{
  "input": [555, 654, 941, 1434, 2118, 2927, 5578, 6166, 8234, 9927, 12038, 16787, 19881, 23892, 27635, 30794, 34391, 37120, 40150, 42762, 44802, 45221, 60368, 66885, 69030, 71224, 73258, 75136, 75639, 76197, 76819, 78572, 78958, 79561, 80406, 81388, 82746, 84112, 86011, 88369, 90306, 92840, 95120, 97886, 101801, 105847, 109821, 113590, 118620, 125875, 128352, 145205, 156101, 167454, 181574, 197102, 214821, 242500, 272035],
  "lastDate": "20_03_21",
  "lastDateRate": 0.1763767960156222,
  "lastDateRateList": [304060, 338824, 376713, 419484, 467465, 521094, 580855, 647298, 721285, 803735, 895644, 998093, 1112261, 1239479, 1381239, 1539210, 1715250, 1911427, 2130042, 2373661, 2645142, 2947672, 3284803, 3660493, 4079152, 4545694, 5065595, 5644958, 6290584, 7010052, 7811807, 8705260, 9700900, 10810413, 12046824, 13424645, 14960051, 16671065, 18577771, 20702551, 23070347, 25708953, 28649342, 31926030, 35577480, 39646554, 44181017, 49234096, 54865107, 61140149, 68132881, 75925387, 84609139, 94286071, 105069775, 117086834, 130478310, 145401399, 162031274, 180563144, 201214545, 224227891, 249873324, 278451881, 310299030, 345788607, 385337204, 429409060, 478521511, 533251060, 594240147, 662204688, 737942482, 822342573, 916395686, 1021205859, 1138003400, 1268159331, 1413201479, 1574832414, 1754949431, 1955666825, 2179340705, 2428596654, 2706360549, 3015892907, 3360827156, 3745212287, 4173560384, 4650899586, 5182833114, 5775605040, 6436173584, 7172292793, 7992603561],
  "maxRate": 4.053516819571866,
  "maxRateList": [1008048, 1807004, 2677785, 3660763, 4763461, 8849601, 16174322, 27028769, 41867733, 61176502, 97048509, 162611395, 272172965, 441884525, 689864505, 1083252269, 1742400294, 2845657985, 4636844339, 7433221713, 11824203005],
  "minRate": 0.005137350936967632,
  "minRateList": [272968, 273981, 275085, 276331, 277729, 279131, 280539, 281952, 283372, 284799, 286233, 287674, 289122, 290578, 292041, 293511, 294989, 296474, 297967, 299467, 300975, 302490, 304013, 305544, 307082, 308628, 310182, 311744, 313314, 314892, 316478, 318072, 319674, 321284, 322902, 324528, 326162, 327804, 329455, 331114, 332781, 334457, 336141, 337834, 339535, 341245, 342963, 344690, 346426, 348170, 349923, 351685, 353456, 355236, 357025, 358823, 360630, 362446, 364271, 366105, 367948, 369801, 371663, 373534, 375415, 377305, 379205, 381114, 383033, 384962, 386900, 388848, 390806, 392774, 394752, 396740, 398738, 400746, 402764, 404792, 406830, 408878, 410937, 413006, 415086, 417176, 419277, 421388, 423510, 425642, 427785, 429939, 432104, 434280, 436467, 438665, 440874, 443094, 445325, 447567, 449821, 452086, 454362, 456650, 458949, 461260, 463583, 465917, 468263, 470621, 472991, 475373, 477767, 480173, 482591, 485021, 487463, 489917, 492384, 494863, 497355, 499859, 502376, 504906, 507448, 510003, 512571, 515152, 517746, 520353, 522973, 525606, 528253, 530913, 533586, 536273, 538973, 541687, 544414, 547155, 549910, 552679, 555462, 558259, 561070, 563895, 566734, 569588, 572456, 575338, 578235, 581147, 584073, 587014, 589970, 592941, 595927, 598928, 601944, 604975, 608021, 611082, 614159, 617251, 620359, 623483, 626622, 629777, 632948, 636135, 639338, 642557, 645792, 649044, 652312, 655597, 658898, 662216, 665550, 668901, 672269, 675654, 679056, 682475, 685911, 689365, 692836, 696325, 699831, 703355, 706897, 710456, 714033, 717628, 721241, 724873, 728523, 732191, 735878, 739583, 743307, 747050, 750812, 754592, 758391, 762210, 766048, 769905, 773782, 777678, 781594, 785529, 789484, 793459, 797454, 801469, 805505, 809561, 813637, 817734, 821851, 825989, 830148, 834328, 838529, 842751, 846994, 851259, 855545, 859853, 864183, 868534, 872907, 877302, 881719, 886159, 890621, 895105, 899612, 904142, 908695, 913270, 917868, 922490, 927135, 931803, 936495, 941210, 945949, 950712, 955499, 960310, 965145, 970005, 974889, 979798, 984731, 989689, 994672, 999680, 1004714, 1009773, 1014857, 1019967, 1025103, 1030265, 1035453, 1040667, 1045907, 1051173, 1056466, 1061785, 1067131, 1072504, 1077904, 1083331, 1088786, 1094268, 1099778, 1105316, 1110881, 1116474, 1122096, 1127746, 1133424, 1139131, 1144867, 1150632, 1156426, 1162249, 1168101, 1173983, 1179894, 1185835, 1191806, 1197807, 1203838, 1209900, 1215992, 1222115, 1228269, 1234454, 1240670, 1246917, 1253195, 1259505, 1265847, 1272221, 1278627, 1285065, 1291536, 1298039, 1304575, 1311144, 1317746, 1324381, 1331049, 1337751, 1344487, 1351257, 1358061, 1364899, 1371771, 1378678, 1385620, 1392597, 1399609, 1406656, 1413739, 1420857, 1428011, 1435201, 1442427, 1449690, 1456989, 1464325, 1471698, 1479108, 1486556, 1494041, 1501564, 1509125, 1516724, 1524361, 1532036, 1539750, 1547503, 1555295, 1563126, 1570997, 1578907, 1586857, 1594847, 1602877, 1610948, 1619059, 1627211, 1635404, 1643639, 1651915, 1660233, 1668593, 1676995, 1685439, 1693925, 1702454, 1711026, 1719641, 1728300, 1737002, 1745748, 1754538, 1763372, 1772251, 1781175, 1790144, 1799158, 1808217, 1817322, 1826473, 1835670, 1844913, 1854202, 1863538, 1872921, 1882351, 1891829, 1901355, 1910929, 1920551, 1930221, 1939940, 1949708, 1959525, 1969392, 1979308, 1989274, 1999290, 2009357, 2019474, 2029642, 2039862, 2050133, 2060456, 2070831, 2081258, 2091737, 2102269, 2112854, 2123493, 2134185, 2144931, 2155731, 2166585, 2177494, 2188458, 2199477, 2210552, 2221683, 2232870, 2244113, 2255412, 2266768, 2278182, 2289653, 2301182, 2312769, 2324414, 2336118, 2347881, 2359703, 2371585, 2383526, 2395527, 2407589, 2419712, 2431896, 2444141, 2456448, 2468817, 2481248, 2493742, 2506298, 2518918, 2531601, 2544348, 2557159, 2570035, 2582976, 2595982, 2609053, 2622190, 2635393, 2648663, 2661999, 2675403, 2688874, 2702413, 2716020, 2729696, 2743440, 2757254, 2771137, 2785090, 2799113, 2813207, 2827372, 2841608, 2855916, 2870296, 2884748, 2899273, 2913871, 2928543, 2943289, 2958109, 2973004, 2987974, 3003019, 3018140, 3033337, 3048610, 3063960, 3079388, 3094893, 3110476, 3126138, 3141879, 3157699, 3173599, 3189579, 3205639, 3221780, 3238002, 3254306, 3270692, 3287160, 3303711, 3320346, 3337065, 3353868, 3370755, 3387727, 3404785, 3421929, 3439159, 3456476, 3473880, 3491372, 3508952, 3526620, 3544377, 3562224, 3580160, 3598187, 3616304, 3634513, 3652813, 3671206, 3689691, 3708269, 3726941, 3745707, 3764567, 3783522, 3802573, 3821720, 3840963, 3860303, 3879740, 3899275, 3918909, 3938641, 3958473, 3978405, 3998437, 4018570, 4038804, 4059140, 4079578, 4100119, 4120764, 4141513, 4162366, 4183324, 4204388, 4225558, 4246834, 4268218, 4289709, 4311308, 4333016, 4354833, 4376760, 4398798, 4420947, 4443207, 4465579, 4488064, 4510662, 4533374, 4556200, 4579141, 4602198, 4625371, 4648661, 4672068, 4695593, 4719236, 4742998, 4766880, 4790882, 4815005, 4839249, 4863615, 4888104, 4912716, 4937452, 4962313, 4987299, 5012411, 5037649, 5063014, 5088507, 5114129, 5139880, 5165760, 5191770, 5217911, 5244184, 5270589, 5297127, 5323799, 5350605, 5377546, 5404623, 5431836, 5459186, 5486674, 5514300, 5542065, 5569970, 5598016, 5626203, 5654532, 5683004, 5711619, 5740378, 5769282, 5798331, 5827527, 5856870, 5886360, 5915999, 5945787, 5975725, 6005814, 6036054, 6066447, 6096993, 6127692, 6158546, 6189555, 6220720, 6252042, 6283522, 6315161, 6346959, 6378917, 6411036, 6443317, 6475760, 6508367, 6541138, 6574074, 6607176, 6640444, 6673880, 6707484, 6741257, 6775200, 6809314, 6843600, 6878059, 6912691, 6947498, 6982480, 7017638, 7052973, 7088486, 7124178, 7160049, 7196101, 7232335, 7268751, 7305350, 7342134, 7379103, 7416258, 7453600, 7491130, 7528849, 7566758, 7604858, 7643150, 7681635, 7720313, 7759186, 7798255, 7837521, 7876984, 7916646, 7956508, 7996570, 8036834, 8077301, 8117972, 8158847, 8199928, 8241216, 8282712, 8324417, 8366332, 8408458, 8450796, 8493347, 8536112, 8579093, 8622290, 8665705, 8709338, 8753191, 8797265, 8841561, 8886080, 8930823, 8975791, 9020986, 9066408, 9112059, 9157940, 9204052, 9250396, 9296973, 9343785, 9390833, 9438117, 9485640, 9533402, 9581404, 9629648, 9678135, 9726866, 9775842, 9825065, 9874536, 