{
  "input": [555, 654, 941, 1434, 2118, 2927, 5578, 6166, 8234, 9927, 12038, 16787, 19881, 23892, 27635, 30794],
  "lastDate": "20_02_07",
  "lastDateRate": 0.26241900647948163,
  "lastDateRateList": [35199, 40416, 46686, 53938, 62019, 71256, 81862, 94113, 108267, 124542, 143241, 164723, 189420, 217831, 250513, 288102, 331328, 381035, 438198, 503937, 579540, 666487, 766478, 881469, 1013712, 1165794, 1340693, 1541831, 1773145, 2039162, 2345089, 2696912, 3101518, 3566825, 4101940, 4717336, 5425057, 6238954, 7174957, 8251384, 9489303, 10912941, 12550161, 14433006, 16598326, 19088499, 21952262, 25245663, 29033158, 33388874, 38398059, 44158750, 50783692, 58402544, 67164419, 77240799, 88828894, 102155500, 117481438, 135106658, 155376112, 178686502, 205494047, 236323409, 271777964, 312551609, 359442343, 413367887, 475383641, 546703344, 628722827, 723047330, 831522920, 956272623, 1099737971, 1264726791, 1454468153, 1672675572, 1923619684, 2212211830, 2544100178, 2925780266, 3364722128, 3869516494, 4450042925, 5117663166, 5885443517, 6768410555, 7783845229, 8951621072],
  "maxRate": 4.053516819571866,
  "maxRateList": [98840, 179428, 276275, 388294, 513118, 913768, 1641082, 2760967, 4334923, 6414855, 10118829, 16770982, 27962608, 45534291, 71537014, 112553858, 180535316, 293882218, 478456232, 768432721, 1224671678, 1956474618, 3147731132, 5087161516, 8202016475],
  "minRate": 0.26241900647948163,
  "minRateList": [35199, 40416, 46686, 53938, 62019, 71256, 81862, 94113, 108267, 124542, 143241, 164723, 189420, 217831, 250513, 288102, 331328, 381035, 438198, 503937, 579540, 666487, 766478, 881469, 1013712, 1165794, 1340693, 1541831, 1773145, 2039162, 2345089, 2696912, 3101518, 3566825, 4101940, 4717336, 5425057, 6238954, 7174957, 8251384, 9489303, 10912941, 12550161, 14433006, 16598326, 19088499, 21952262, 25245663, 29033158, 33388874, 38398059, 44158750, 50783692, 58402544, 67164419, 77240799, 88828894, 102155500, 117481438, 135106658, 155376112, 178686502, 205494047, 236323409, 271777964, 312551609, 359442343, 413367887, 475383641, 546703344, 628722827, 723047330, 831522920, 956272623, 1099737971, 1264726791, 1454468153, 1672675572, 1923619684, 2212211830, 2544100178, 2925780266, 3364722128, 3869516494, 4450042925, 5117663166, 5885443517, 6768410555, 7783845229, 8951621072],
  "province": "Global",
  "r0": [1.4576576576576576, 4.053516819571866, 0.6248671625929861, 1.4421199442119945, 0.7993389990557129, 0.7212162623846943, 0.8513804230907135, 0.501783976646124, 0.48712654845761477, 0.3770524831268258, 0.26241900647948163]
}