{
  "input": [555, 654, 941, 1434, 2118, 2927, 5578, 6166, 8234, 9927, 12038],
  "lastDate": "20_02_02",
  "lastDateRate": 0.7212162623846943,
  "lastDateRateList": [16061, 20508, 26446, 33606, 42288, 53871, 68662, 87735, 111972, 142471, 181324, 230844, 294120, 374876, 477628, 608402, 774890, 987014, 1257381, 1601854, 2040643, 2599506, 3311357, 4218201, 5373484, 6845229, 8720035, 11108240, 14150475, 18025919, 22962809, 29251840, 37263283, 47468836, 60469422, 77030573, 98127476, 125002362, 159237658, 202849189, 258404891, 329176022, 419329758, 534174547, 680472681, 866838491, 1104245591, 1406673032, 1791928402, 2282696366, 2907874383, 3704274261, 4718789728, 6011157633, 7657475374, 9754681668],
  "maxRate": 4.053516819571866,
  "maxRateList": [34649, 59643, 93020, 133259, 182055, 322505, 564269, 941327, 1481495, 2219458, 3526737, 5814011, 9629696, 15634961, 24631571, 38927259, 62494450, 101528585, 164905162, 264749649, 422541948, 675864252, 1087412079, 1755857927, 2829025082, 4541805975, 7281433088, 11689276240],
  "minRate": 0.6248671625929861,
  "minRateList": [15524, 19377, 24522, 30725, 38247, 47947, 60055, 75378, 94577, 118476, 148437, 185963, 233064, 292162, 366194, 458947, 575149, 720783, 903345, 1132168, 1418949, 1778341, 2228735, 2793206, 3500661, 4387316, 5498543, 6891206, 8636589, 10824037, 13565527, 17001386, 21307474, 26704195, 33467780, 41944432, 52568040, 65882381, 82568956, 103481873, 129691571, 162539613, 203707349, 255301978, 319964402, 401004406, 502570073, 629860106, 789389929, 989325177, 1239899662, 1553939198, 1947518095, 2440781940, 3058978756, 3833751340, 4804756917, 6021697023, 7546861508, 9458316884],
  "province": "Global",
  "r0": [1.4576576576576576, 4.053516819571866, 0.6248671625929861, 1.4421199442119945, 0.7993389990557129, 0.7212162623846943]
}