{
  "input": [555, 654, 941, 1434, 2118, 2927, 5578, 6166, 8234, 9927, 12038, 16787, 19881, 23892, 27635, 30794, 34391, 37120, 40150, 42762, 44802, 45221, 60368, 66885, 69030, 71224, 73258, 75136, 75639, 76197, 76819, 78572, 78958, 79561, 80406, 81388, 82746, 84112, 86011, 88369, 90306, 92840, 95120, 97886, 101801, 105847, 109821, 113590, 118620, 125875, 128352, 145205, 156101, 167454],
  "lastDate": "20_03_16",
  "lastDateRate": 0.09570898668015512,
  "lastDateRateList": [179501, 191785, 205682, 220622, 236649, 253829, 272185, 291871, 312987, 335636, 359930, 385981, 413916, 443872, 475995, 510444, 547386, 587001, 629484, 675041, 723895, 776285, 832466, 892713, 957320, 1026603, 1100900, 1180574, 1266015, 1357639, 1455894, 1561260, 1674252, 1795421, 1925359, 2064701, 2214128, 2374369, 2546207, 2730481, 2928091, 3140003, 3367251, 3610946, 3872278, 4152523, 4453050, 4775326, 5120926, 5491538, 5888972, 6315169, 6772211, 7262330, 7787920, 8351548, 8955966, 9604127, 10299197, 11044571, 11843889, 12701055, 13620256, 14605982, 15663047, 16796614, 18012219, 19315800, 20713724, 22212818, 23820405, 25544336, 27393032, 29375522, 31501488, 33781315, 36226138, 38847897, 41659398, 44674373, 47907548, 51374715, 55092808, 59079987, 63355726, 67940909, 72857931, 78130808, 83785294, 89849006, 96351562, 103324721, 110802541, 118821547, 127420904, 136642614, 146531718, 157136517, 168508807, 180704133, 193782059, 207806461, 222845838, 238973645, 256268654, 274815339, 294704285, 316032634, 338904559, 363431772, 389734070, 417939918, 448187081, 480623293, 515406980, 552708033, 592708639, 635604170, 681604138, 730933218, 783832344, 840559887, 901392918, 966628559, 1036585437, 1111605236, 1192054371, 1278325774, 1370840814, 1470051356, 1576441967, 1690532283, 1812879547, 1944081332, 2084778458, 2235658121, 2397457253, 2570966117, 2757032171, 2956564205, 3170536778, 3399994982, 3646059544, 3909932299, 4192902063, 4496350925, 4821760999, 5170721663, 5544937321, 5946235729, 6376576920, 6838062779, 7332947310, 7863647642],
  "maxRate": 4.053516819571866,
  "maxRateList": [677690, 1197967, 1786558, 2419316, 3098094, 5845122, 10701101, 17942944, 27749682, 40307858, 64001158, 107378251, 180110276, 292594079, 455982659, 715412429, 1150671975, 1880752008, 3066787029, 4915120407, 7815056721],
  "minRate": 0.005137350936967632,
  "minRateList": [168101, 168760, 169506, 170308, 171168, 172032, 172899, 173770, 174645, 175524, 176408, 177296, 178189, 179086, 179988, 180894, 181805, 182720, 183640, 184565, 185494, 186428, 187367, 188310, 189258, 190211, 191169, 192132, 193099, 194071, 195048, 196030, 197017, 198009, 199006, 200008, 201015, 202027, 203044, 204066, 205094, 206127, 207165, 208208, 209256, 210310, 211369, 212433, 213503, 214578, 215658, 216744, 217835, 218932, 220034, 221142, 222255, 223374, 224499, 225629, 226765, 227907, 229055, 230208, 231367, 232532, 233703, 234880, 236063, 237252, 238447, 239648, 240855, 242068, 243287, 244512, 245743, 246980, 248224, 249474, 250730, 251992, 253261, 254536, 255818, 257106, 258401, 259702, 261010, 262324, 263645, 264972, 266306, 267647, 268995, 270349, 271710, 273078, 274453, 275835, 277224, 278620, 280023, 281433, 282850, 284274, 285705, 287144, 288590, 290043, 291503, 292971, 294446, 295929, 297419, 298917, 300422, 301935, 303455, 304983, 306519, 308062, 309613, 311172, 312739, 314314, 315897, 317488, 319087, 320694, 322309, 323932, 325563, 327202, 328850, 330506, 332170, 333843, 335524, 337213, 338911, 340617, 342332, 344056, 345788, 347529, 349279, 351038, 352806, 354582, 356367, 358161, 359964, 361776, 363598, 365429, 367269, 369118, 370977, 372845, 374722, 376609, 378505, 380411, 382326, 384251, 386186, 388131, 390085, 392049, 394023, 396007, 398001, 400005, 402019, 404043, 406077, 408122, 410177, 412242, 414318, 416404, 418501, 420608, 422726, 424854, 426993, 429143, 431304, 433476, 435659, 437853, 440058, 442274, 444501, 446739, 448988, 451249, 453521, 455805, 458100, 460407, 462725, 465055, 467397, 469750, 472115, 474492, 476881, 479282, 481695, 484120, 486558, 489008, 491470, 493945, 496432, 498932, 501444, 503969, 506507, 509057, 511620, 514196, 516785, 519387, 522002, 524630, 527272, 529927, 532595, 535277, 537972, 540681, 543403, 546139, 548889, 551653, 554431, 557223, 560029, 562849, 565683, 568531, 571394, 574271, 577163, 580069, 582990, 585925, 588875, 591840, 594820, 597815, 600825, 603850, 606890, 609946, 613017, 616104, 619206, 622324, 625458, 628607, 631772, 634953, 638150, 641363, 644592, 647838, 651100, 654378, 657673, 660984, 664312, 667657, 671019, 674398, 677794, 681207, 684637, 688084, 691549, 695031, 698531, 702048, 705583, 709136, 712707, 716296, 719903, 723528, 727171, 730832, 734512, 738210, 741927, 745663, 749418, 753191, 756983, 760795, 764626, 768476, 772345, 776234, 780142, 784070, 788018, 791986, 795974, 799982, 804010, 808058, 812127, 816216, 820326, 824456, 828607, 832779, 836972, 841186, 845422, 849679, 853957, 858257, 862578, 866921, 871286, 875673, 880082, 884513, 888967, 893443, 897942, 902463, 907007, 911574, 916164, 920777, 925413, 930073, 934756, 939463, 944193, 948947, 953725, 958527, 963353, 968204, 973079, 977979, 982903, 987852, 992826, 997825, 1002849, 1007899, 1012974, 1018074, 1023200, 1028352, 1033530, 1038734, 1043964, 1049221, 1054504, 1059814, 1065150, 1070513, 1075903, 1081320, 1086765, 1092237, 1097737, 1103264, 1108819, 1114402, 1120013, 1125652, 1131320, 1137016, 1142741, 1148495, 1154278, 1160090, 1165931, 1171802, 1177702, 1183632, 1189592, 1195582, 1201602, 1207652, 1213733, 1219844, 1225986, 1232159, 1238363, 1244598, 1250865, 1257163, 1263493, 1269855, 1276249, 1282675, 1289133, 1295624, 1302148, 1308705, 1315295, 1321918, 1328574, 1335264, 1341987, 1348744, 1355535, 1362360, 1369220, 1376114, 1383043, 1390007, 1397006, 1404040, 1411110, 1418215, 1425356, 1432533, 1439746, 1446995, 1454281, 1461604, 1468963, 1476359, 1483793, 1491264, 1498773, 1506320, 1513905, 1521528, 1529189, 1536889, 1544627, 1552404, 1560221, 1568077, 1575973, 1583908, 1591883, 1599898, 1607954, 1616050, 1624187, 1632365, 1640584, 1648845, 1657147, 1665491, 1673877, 1682305, 1690776, 1699289, 1707845, 1716444, 1725087, 1733773, 1742503, 1751277, 1760095, 1768957, 1777864, 1786816, 1795813, 1804855, 1813943, 1823077, 1832257, 1841483, 1850755, 1860074, 1869440, 1878853, 1888313, 1897821, 1907377, 1916981, 1926633, 1936334, 1946084, 1955883, 1965731, 1975629, 1985577, 1995575, 2005623, 2015722, 2025871, 2036072, 2046324, 2056628, 2066983, 2077391, 2087851, 2098364, 2108930, 2119549, 2130221, 2140947, 2151727, 2162561, 2173450, 2184394, 2195393, 2206447, 2217557, 2228723, 2239945, 2251224, 2262559, 2273951, 2285401, 2296908, 2308473, 2320097, 2331779, 2343520, 2355320, 2367179, 2379098, 2391077, 2403116, 2415216, 2427377, 2439599, 2451883, 2464229, 2476637, 2489107, 2501640, 2514236, 2526896, 2539619, 2552406, 2565258, 2578175, 2591157, 2604204, 2617317, 2630496, 2643741, 2657053, 2670432, 2683878, 2697392, 2710974, 2724624, 2738343, 2752131, 2765988, 2779915, 2793912, 2807980, 2822119, 2836329, 2850610, 2864963, 2879389, 2893887, 2908458, 2923103, 2937821, 2952613, 2967480, 2982422, 2997439, 3012532, 3027701, 3042946, 3058268, 3073667, 3089143, 3104697, 3120330, 3136041, 3151832, 3167702, 3183652, 3199682, 3215793, 3231985, 3248259, 3264615, 3281053, 3297574, 3314178, 3330865, 3347636, 3364492, 3381433, 3398459, 3415571, 3432769, 3450054, 3467426, 3484885, 3502432, 3520067, 3537791, 3555604, 3573507, 3591500, 3609584, 3627759, 3646025, 3664383, 3682834, 3701378, 3720015, 3738746, 3757571, 3776491, 3795506, 3814617, 3833824, 3853128, 3872529, 3892028, 3911625, 3931321, 3951116, 3971011, 3991006, 4011101, 4031298, 4051596, 4071996, 4092499, 4113105, 4133815, 4154629, 4175548, 4196573, 4217703, 4238940, 4260284, 4281735, 4303294, 4324962, 4346739, 4368626, 4390623, 4412731, 4434950, 4457281, 4479724, 4502280, 4524950, 4547734, 4570633, 4593647, 4616777, 4640023, 4663386, 4686867, 4710466, 4734184, 4758021, 