{
  "input": [555, 654, 941, 1434, 2118, 2927], 654*1.4576576576576576+2927
  "lastDate": "20_01_28",
  "lastDateRate": 1.4576576576576576,
  "lastDateRateList": [3880, 5252, 7342, 10429, 14696, 20352, 28008, 38710, 53912, 75334, 105000, 145826, 202252, 280837, 390648, 543702, 756266, 1051080, 1460444, 2029875, 2822406, 3924783, 5456898, 7585725, 10544588, 14658690, 20379680, 28333969, 39391359, 54761758, 76129110, 105835707, 147136934, 204556050, 284379946, 395350126, 549622355, 764097634, 1062270327, 1476798933, 2053084072, 2854245307, 3968038074, 5516464551, 7669131825, 10661825544],
  "maxRate": 1.4576576576576576,
  "maxRateList": [3880, 5252, 7342, 10429, 14696, 20352, 28008, 38710, 53912, 75334, 105000, 145826, 202252, 280837, 390648, 543702, 756266, 1051080, 1460444, 2029875, 2822406, 3924783, 5456898, 7585725, 10544588, 14658690, 20379680, 28333969, 39391359, 54761758, 76129110, 105835707, 147136934, 204556050, 284379946, 395350126, 549622355, 764097634, 1062270327, 1476798933, 2053084072, 2854245307, 3968038074, 5516464551, 7669131825, 10661825544],
  "minRate": 1.4576576576576576,
  "minRateList": [3880, 5252, 7342, 10429, 14696, 20352, 28008, 38710, 53912, 75334, 105000, 145826, 202252, 280837, 390648, 543702, 756266, 1051080, 1460444, 2029875, 2822406, 3924783, 5456898, 7585725, 10544588, 14658690, 20379680, 28333969, 39391359, 54761758, 76129110, 105835707, 147136934, 204556050, 284379946, 395350126, 549622355, 764097634, 1062270327, 1476798933, 2053084072, 2854245307, 3968038074, 5516464551, 7669131825, 10661825544],
  "province": "Global",
  "r0": [1.4576576576576576]
}