{
  "input": [555, 654, 941, 1434, 2118, 2927, 5578, 6166, 8234, 9927, 12038, 16787, 19881, 23892, 27635, 30794, 34391, 37120, 40150, 42762],
  "lastDate": "20_02_11",
  "lastDateRate": 0.09451782160303962,
  "lastDateRateList": [45673, 48924, 52433, 56228, 60270, 64587, 69211, 74167, 79482, 85179, 91284, 97826, 104836, 112348, 120399, 129027, 138273, 148182, 158801, 170181, 182376, 195445, 209451, 224461, 240546, 257784, 276257, 296054, 317270, 340006, 364371, 390482, 418464, 448452, 480589, 515029, 551937, 591489, 633876, 679300, 727979, 780147, 836053, 895966, 960172, 1028979, 1102717, 1181739, 1266424, 1357177, 1454434, 1558660, 1670355, 1790055, 1918332, 2055802, 2203123, 2361001, 2530193, 2711510, 2905820, 3114054, 3337211, 3576359, 3832645, 4107297, 4401631, 4717057, 5055087, 5417340, 5805553, 6221586, 6667432, 7145228, 7657263, 8205991, 8794042, 9424233, 10099584, 10823332, 11598944, 12430138, 13320896, 14275487, 15298485, 16394792, 17569662, 18828724, 20178012, 21623991, 23173591, 24834237, 26613887, 28521069, 30564922, 32755239, 35102517, 37618004, 40313753, 43202683, 46298637, 49616450, 53172022, 56982390, 61065813, 65441859, 70131498, 75157202, 80543053, 86314861, 92500283, 99128959, 106232654, 113845408, 122003701, 130746626, 140116079, 150156958, 160917378, 172448902, 184806788, 198050255, 212242764, 227452324, 243751819, 261219354, 279938633, 299999357, 321497655, 344536546, 369226430, 395685620, 424040906, 454428164, 486993008, 521891486, 559290829, 599370252, 642321812, 688351330, 737679376, 790542327, 847193498, 907904356, 972965824, 1042689672, 1117410011, 1197484895, 1283298037, 1375260647, 1473813403, 1579428563, 1692612227, 1813906762, 1943893402, 2083195034, 2232479181, 2392461202, 2563907718, 2747640288, 2944539345, 3155548414, 3381678635, 3624013607, 3883714582, 4162026027, 4460281589, 4779910487, 5122444359, 5489524601, 5882910235, 6304486335, 6756273062, 7240435344, 7759293251, 8315333111],
  "maxRate": 4.053516819571866,
  "maxRateList": [167586, 306990, 457457, 620206, 793542, 1472855, 2717244, 4571554, 7085569, 10302205, 16272448, 27286842, 45817713, 74539186, 116299347, 182259989, 292867662, 478590532, 780736376, 1252157735, 1990951666, 3178095660, 5118070431, 8282798463],
  "minRate": 0.09451782160303962,
  "minRateList": [45673, 48924, 52433, 56228, 60270, 64587, 69211, 74167, 79482, 85179, 91284, 97826, 104836, 112348, 120399, 129027, 138273, 148182, 158801, 170181, 182376, 195445, 209451, 224461, 240546, 257784, 276257, 296054, 317270, 340006, 364371, 390482, 418464, 448452, 480589, 515029, 551937, 591489, 633876, 679300, 727979, 780147, 836053, 895966, 960172, 1028979, 1102717, 1181739, 1266424, 1357177, 1454434, 1558660, 1670355, 1790055, 1918332, 2055802, 2203123, 2361001, 2530193, 2711510, 2905820, 3114054, 3337211, 3576359, 3832645, 4107297, 4401631, 4717057, 5055087, 5417340, 5805553, 6221586, 6667432, 7145228, 7657263, 8205991, 8794042, 9424233, 10099584, 10823332, 11598944, 12430138, 13320896, 14275487, 15298485, 16394792, 17569662, 18828724, 20178012, 21623991, 23173591, 24834237, 26613887, 28521069, 30564922, 32755239, 35102517, 37618004, 40313753, 43202683, 46298637, 49616450, 53172022, 56982390, 61065813, 65441859, 70131498, 75157202, 80543053, 86314861, 92500283, 99128959, 106232654, 113845408, 122003701, 130746626, 140116079, 150156958, 160917378, 172448902, 184806788, 198050255, 212242764, 227452324, 243751819, 261219354, 279938633, 299999357, 321497655, 344536546, 369226430, 395685620, 424040906, 454428164, 486993008, 521891486, 559290829, 599370252, 642321812, 688351330, 737679376, 790542327, 847193498, 907904356, 972965824, 1042689672, 1117410011, 1197484895, 1283298037, 1375260647, 1473813403, 1579428563, 1692612227, 1813906762, 1943893402, 2083195034, 2232479181, 2392461202, 2563907718, 2747640288, 2944539345, 3155548414, 3381678635, 3624013607, 3883714582, 4162026027, 4460281589, 4779910487, 5122444359, 5489524601, 5882910235, 6304486335, 6756273062, 7240435344, 7759293251, 8315333111],
  "province": "Global",
  "r0": [1.4576576576576576, 4.053516819571866, 0.6248671625929861, 1.4421199442119945, 0.7993389990557129, 0.7212162623846943, 0.8513804230907135, 0.501783976646124, 0.48712654845761477, 0.3770524831268258, 0.26241900647948163, 0.2142729493060106, 0.13726673708565967, 0.12682069311903565, 0.09451782160303962]
}