{
  "input": [555, 654, 941, 1434, 2118, 2927, 5578, 6166, 8234],
  "lastDate": "20_01_31",
  "lastDateRate": 1.4421199442119945,
  "lastDateRateList": [11288, 15509, 23553, 32445, 44319, 60598, 82964, 116930, 163720, 227633, 315023, 434667, 603294, 839398, 1167672, 1621973, 2248815, 3118837, 4329350, 6013273, 8352353, 11595414, 16093151, 22336593, 31008454, 43053549, 59775527, 82983781, 115195827, 159913737, 222002119, 308205599, 427878165, 594004365, 824619154, 1144772837, 1589242278, 2206293913, 3062919455, 4252119183, 5903018923, 8194896908],
  "maxRate": 4.053516819571866,
  "maxRateList": [16819, 28684, 51295, 76289, 109666, 177842, 294113, 502038, 811277, 1255810, 1976696, 3168888, 5203907, 8492432, 13582879, 21595449, 34440590, 55534715, 89958931, 145017359, 232554875, 372160386, 597271287, 961921327, 1549751631, 2492416728, 4000975112, 6422024320, 10321188598],
  "minRate": 0.6248671625929861,
  "minRateList": [9557, 11386, 14872, 18725, 23870, 29842, 36957, 46250, 57951, 72867, 91514, 114607, 143507, 179719, 225251, 282435, 354049, 443722, 556023, 696775, 873259, 1094493, 1371760, 1719201, 2154593, 2700264, 3384177, 4241345, 5315617, 6661951, 8349257, 10463918, 13114195, 16435750, 20598584, 25815761, 32354320, 40548950, 50819110, 63690489, 79821910, 100039062, 125376769, 157131962, 196930057, 246808147, 309319272, 387663098, 485849701, 608904827, 763127134, 956410590, 1198648530, 1502240054, 1882724686, 2359577773, 2957207345, 3706203451, 4644903931, 5821356763, 7295779431, 9143641194],
  "province": "Global",
  "r0": [1.4576576576576576, 4.053516819571866, 0.6248671625929861, 1.4421199442119945]
}