{
  "input": [555, 654, 941, 1434, 2118, 2927, 5578, 6166, 8234, 9927],
  "lastDate": "20_02_01",
  "lastDateRate": 0.7993389990557129,
  "lastDateRateList": [12267, 16726, 21655, 28237, 36172, 45977, 59347, 76657, 99228, 128142, 164893, 212331, 273606, 352923, 455352, 587157, 756881, 975585, 1257690, 1621671, 2091008, 2696013, 3475836, 4481157, 5777422, 7448846, 9603874, 12382245, 15964209, 20582328, 26536481, 34213232, 44110843, 56871658, 73323915, 94535559, 121883530, 157143047, 202602781, 261213446, 336779405, 434205664, 559816230, 721764534, 930562628, 1199763540, 1546841061, 1994324006, 2571258546, 3315093546, 4274111333, 5510561718, 7104702673, 9160009905],
  "maxRate": 4.053516819571866,
  "maxRateList": [21792, 44403, 69397, 102774, 143013, 231347, 411335, 692637, 1109233, 1688939, 2626708, 4294061, 7101677, 11597972, 18444115, 29091520, 46497568, 75284335, 122296910, 197060440, 314983406, 503462080, 808628398, 1304360980, 2103148788, 3379939322, 5420731331, 8698520143],
  "minRate": 0.6248671625929861,
  "minRateList": [11756, 15242, 19095, 24240, 30443, 37789, 47313, 59245, 74392, 93415, 117028, 146592, 183612, 230097, 288469, 361596, 453197, 567930, 711710, 891965, 1117914, 1401102, 1755983, 2200707, 2758067, 3456615, 4332118, 5429374, 6804524, 8527950, 10687875, 13394873, 16787511, 21039435, 26368271, 33046773, 41416789, 51906753, 65053605, 81530272, 102180115, 128060106, 160494931, 201144793, 252090383, 315939382, 395959937, 496247949, 621936725, 779459727, 976879872, 1224302234, 1534391282, 1923019119, 2410077907, 3020498061, 3785524324, 4744315051, 5945946552, 7451925095, 9339335148],
  "province": "Global",
  "r0": [1.4576576576576576, 4.053516819571866, 0.6248671625929861, 1.4421199442119945, 0.7993389990557129]
}