{
  "input": [555, 654, 941, 1434, 2118, 2927, 5578, 6166, 8234, 9927, 12038, 16787, 19881, 23892, 27635, 30794, 34391, 37120, 40150],
  "lastDate": "20_02_10",
  "lastDateRate": 0.12682069311903565,
  "lastDateRateList": [43655, 47560, 51921, 56629, 61721, 67257, 73289, 79874, 87056, 94884, 103414, 112709, 122839, 133880, 145913, 159028, 173322, 188901, 205880, 224385, 244553, 266534, 290491, 316601, 345058, 376072, 409874, 446714, 486866, 530626, 578320, 630301, 686954, 748699, 815993, 889336, 969271, 1056391, 1151342, 1254827, 1367613, 1490537, 1624509, 1770523, 1929661, 2103103, 2292134, 2498155, 2722694, 2967415, 3234132, 3524822, 3841640, 4186934, 4563264, 4973419, 5420439, 5907638, 6438628, 7017344, 7648076, 8335500, 9084711, 9901262, 10791206, 11761140, 12818254, 13970383, 15226068, 16594616, 18086172, 19711792, 21483526, 23414506, 25519047, 27812748, 30312611, 33037167, 36006611, 39242954, 42770186, 46614452, 50804248, 55370631, 60347450, 65771595, 71683272, 78126302, 85148444, 92801749, 101142948, 110233870, 120141902, 130940487, 142709669, 155536688, 169516624, 184753103, 201359066, 219457605, 239182876, 260681092, 284111609, 309648105, 337479871, 367813209, 400872966, 436904197, 476173984, 518973415, 565619741, 616458728, 671867221, 732255936, 798072504, 869804792, 947984515, 1033191182, 1126056387, 1227268495, 1337577742, 1457801795, 1588831817, 1731639068, 1887282109, 2056914645, 2241794079, 2443290831, 2662898498, 2902244923, 3163104264, 3447410143, 3757269980, 4094980613, 4463045326, 4864192401, 5301395345, 5777894928, 6297223208, 6863229710, 7480109962, 8152436594],
  "maxRate": 4.053516819571866,
  "maxRateList": [152169, 276993, 416397, 566864, 729613, 1346433, 2469229, 4157101, 6454894, 9412393, 14870182, 24879243, 41730122, 67895143, 106048436, 166324969, 267173399, 436327150, 711541254, 1141410373, 1815611432, 2898603299, 4667262740, 7551507181, 12178233326],
  "minRate": 0.12682069311903565,
  "minRateList": [43655, 47560, 51921, 56629, 61721, 67257, 73289, 79874, 87056, 94884, 103414, 112709, 122839, 133880, 145913, 159028, 173322, 188901, 205880, 224385, 244553, 266534, 290491, 316601, 345058, 376072, 409874, 446714, 486866, 530626, 578320, 630301, 686954, 748699, 815993, 889336, 969271, 1056391, 1151342, 1254827, 1367613, 1490537, 1624509, 1770523, 1929661, 2103103, 2292134, 2498155, 2722694, 2967415, 3234132, 3524822, 3841640, 4186934, 4563264, 4973419, 5420439, 5907638, 6438628, 7017344, 7648076, 8335500, 9084711, 9901262, 10791206, 11761140, 12818254, 13970383, 15226068, 16594616, 18086172, 19711792, 21483526, 23414506, 25519047, 27812748, 30312611, 33037167, 36006611, 39242954, 42770186, 46614452, 50804248, 55370631, 60347450, 65771595, 71683272, 78126302, 85148444, 92801749, 101142948, 110233870, 120141902, 130940487, 142709669, 155536688, 169516624, 184753103, 201359066, 219457605, 239182876, 260681092, 284111609, 309648105, 337479871, 367813209, 400872966, 436904197, 476173984, 518973415, 565619741, 616458728, 671867221, 732255936, 798072504, 869804792, 947984515, 1033191182, 1126056387, 1227268495, 1337577742, 1457801795, 1588831817, 1731639068, 1887282109, 2056914645, 2241794079, 2443290831, 2662898498, 2902244923, 3163104264, 3447410143, 3757269980, 4094980613, 4463045326, 4864192401, 5301395345, 5777894928, 6297223208, 6863229710, 7480109962, 8152436594],
  "province": "Global",
  "r0": [1.4576576576576576, 4.053516819571866, 0.6248671625929861, 1.4421199442119945, 0.7993389990557129, 0.7212162623846943, 0.8513804230907135, 0.501783976646124, 0.48712654845761477, 0.3770524831268258, 0.26241900647948163, 0.2142729493060106, 0.13726673708565967, 0.12682069311903565]
}