{
  "input": [555, 654, 941, 1434, 2118, 2927, 5578],
  "lastDate": "20_01_29",
  "lastDateRate": 4.053516819571866,
  "lastDateRateList": [9392, 15205, 23790, 35655, 58266, 96337, 157971, 254404, 398932, 635114, 1025618, 1665956, 2697187, 4314265, 6888710, 11046070, 17799051, 28732144, 46220090, 74143592, 118919023, 191067776, 307534005, 494887917, 795430214, 1277470474, 2051966918, 3298561180, 5304597675, 8528887426],
  "maxRate": 4.053516819571866,
  "maxRateList": [9392, 15205, 23790, 35655, 58266, 96337, 157971, 254404, 398932, 635114, 1025618, 1665956, 2697187, 4314265, 6888710, 11046070, 17799051, 28732144, 46220090, 74143592, 118919023, 191067776, 307534005, 494887917, 795430214, 1277470474, 2051966918, 3298561180, 5304597675, 8528887426],
  "minRate": 1.4576576576576576,
  "minRateList": [6950, 9040, 12127, 16394, 24525, 34656, 47833, 65510, 89407, 125156, 175673, 245397, 340888, 471213, 653648, 909719, 1267424, 1764322, 2451189, 3403984, 4730043, 6577513, 9149290, 12722284, 17684127, 24578910, 34166672, 47503205, 66047940, 91825343, 127652979, 177456290, 246699701, 342974987, 476824901, 662899243, 921569763, 1281173471, 1781113587, 2476161055, 3442441213, 4785774435, 6653286756, 9249540615],
  "province": "Global",
  "r0": [1.4576576576576576, 4.053516819571866]
}