{
  "input": [555, 654, 941, 1434, 2118, 2927, 5578, 6166, 8234, 9927, 12038, 16787, 19881, 23892],
  "lastDate": "20_02_05",
  "lastDateRate": 0.48712654845761477,
  "lastDateRateList": [28728, 34592, 42769, 52454, 64092, 78086, 94937, 115771, 141323, 172544, 210582, 256828, 313223, 382065, 466116, 568696, 693804, 846383, 1032497, 1259554, 1536581, 1874551, 2286847, 2789804, 3403366, 4151875, 5065019, 6179003, 7537991, 9195861, 11218350, 13685655, 16695611, 20367567, 24847115, 30311871, 36978517, 45111392, 55032975, 67136664, 81902381, 99915598, 121890555, 148698578, 181402629, 221299453, 269970993, 329347118, 401782143, 490148180, 597949019, 729459057, 889892782, 1085611531, 1324375722, 1615652564, 1970991437, 2404481836, 2933312034, 3578450608, 4365477865, 5325600121, 6496887059, 7925781226],
  "maxRate": 4.053516819571866,
  "maxRateList": [64131, 112927, 180973, 261561, 358408, 618364, 1076115, 1809692, 2869934, 4322747, 6829296, 11191346, 18526963, 30160289, 47682617, 75365283, 120729592, 195828948, 318084187, 511366477, 816860919, 1306240351, 2100036285, 3389395887, 5462228502, 8773387976],
  "minRate": 0.48712654845761477,
  "minRateList": [28728, 34592, 42769, 52454, 64092, 78086, 94937, 115771, 141323, 172544, 210582, 256828, 313223, 382065, 466116, 568696, 693804, 846383, 1032497, 1259554, 1536581, 1874551, 2286847, 2789804, 3403366, 4151875, 5065019, 6179003, 7537991, 9195861, 11218350, 13685655, 16695611, 20367567, 24847115, 30311871, 36978517, 45111392, 55032975, 67136664, 81902381, 99915598, 121890555, 148698578, 181402629, 221299453, 269970993, 329347118, 401782143, 490148180, 597949019, 729459057, 889892782, 1085611531, 1324375722, 1615652564, 1970991437, 2404481836, 2933312034, 3578450608, 4365477865, 5325600121, 6496887059, 7925781226],
  "province": "Global",
  "r0": [1.4576576576576576, 4.053516819571866, 0.6248671625929861, 1.4421199442119945, 0.7993389990557129, 0.7212162623846943, 0.8513804230907135, 0.501783976646124, 0.48712654845761477]
}