{
  "input": [555, 654, 941, 1434, 2118, 2927, 5578, 6166, 8234, 9927, 12038, 16787, 19881, 23892, 27635, 30794, 34391, 37120, 40150, 42762, 44802, 45221, 60368],
  "lastDate": "20_02_14",
  "lastDateRate": 0.40805495689655175,
  "lastDateRateList": [76751, 94200, 112482, 130935, 155568, 186887, 225326, 271225, 324654, 388134, 464394, 556339, 667014, 799491, 957871, 1147369, 1374386, 1646564, 1972800, 2363664, 2831854, 3392679, 4064568, 4869579, 5834084, 6989636, 8374035, 10032602, 12019658, 14400285, 17252441, 20669507, 24763360, 29668041, 35544149, 42584093, 51018388, 61123200, 73229391, 87733357, 105110007, 125928313, 150869938, 180751554, 216551585, 259442244, 310827916, 372391142, 446147710, 534512658, 640379352, 767214224, 919170275, 1101223060, 1319333600, 1580643569, 1893709136, 2268781123, 2718140651, 3256501266, 3901490709, 4674228109, 5600015492, 6709166258, 8037997742],
  "maxRate": 4.053516819571866,
  "maxRateList": [223117, 396453, 578059, 761363, 1006066, 1910475, 3517504, 5860676, 8946874, 13024979, 20769122, 35027384, 58783733, 95050037, 147847008, 232034993, 374019083, 612299933, 997586857, 1596887191, 2537444938, 4053537582, 6535505659, 10579240763],
  "minRate": 0.012183420080835103,
  "minRateList": [60857, 61378, 61924, 62475, 63210, 63951, 64699, 65453, 66214, 66984, 67763, 68551, 69348, 70155, 70971, 71797, 72632, 73477, 74332, 75197, 76072, 76957, 77852, 78758, 79674, 80601, 81539, 82488, 83448, 84419, 85401, 86394, 87399, 88416, 89445, 90485, 91538, 92603, 93680, 94770, 95872, 96987, 98115, 99256, 100411, 101579, 102761, 103956, 105165, 106388, 107626, 108878, 110145, 111426, 112722, 114033, 115360, 116702, 118060, 119433, 120822, 122227, 123649, 125087, 126542, 128014, 129503, 131009, 132533, 134075, 135635, 137213, 138809, 140424, 142057, 143709, 145381, 147072, 148783, 150514, 152265, 154036, 155828, 157641, 159475, 161330, 163207, 165106, 167027, 168970, 170936, 172924, 174936, 176971, 179030, 181113, 183220, 185351, 187507, 189688, 191895, 194127, 196385, 198669, 200980, 203318, 205683, 208076, 210496, 212945, 215422, 217928, 220463, 223028, 225622, 228247, 230902, 233588, 236305, 239054, 241835, 244648, 247494, 250373, 253285, 256231, 259212, 262227, 265277, 268363, 271485, 274643, 277838, 281070, 284340, 287648, 290994, 294379, 297803, 301267, 304772, 308317, 311904, 315532, 319202, 322915, 326671, 330471, 334315, 338204, 342138, 346118, 350144, 354217, 358337, 362505, 366722, 370988, 375304, 379670, 384087, 388555, 393075, 397647, 402273, 406952, 411686, 416475, 421320, 426221, 431179, 436195, 441269, 446402, 451595, 456848, 462162, 467538, 472977, 478479, 484045, 489676, 495372, 501134, 506964, 512861, 518827, 524862, 530968, 537145, 543393, 549714, 556109, 562578, 569122, 575742, 582439, 589214, 596068, 603002, 610017, 617113, 624292, 631554, 638901, 646333, 653852, 661458, 669152, 676936, 684811, 692777, 700836, 708989, 717236, 725579, 734019, 742558, 751196, 759934, 768774, 777717, 786764, 795916, 805175, 814541, 824016, 833601, 843298, 853108, 863032, 873071, 883227, 893501, 903895, 914410, 925047, 935808, 946694, 957707, 968848, 980118, 991519, 1003053, 1014721, 1026525, 1038466, 1050546, 1062767, 1075130, 1087637, 1100289, 1113088, 1126036, 1139135, 1152386, 1165791, 1179352, 1193071, 1206950, 1220990, 1235193, 1249562, 1264098, 1278803, 1293679, 1308728, 1323952, 1339353, 1354933, 1370694, 1386639, 1402769, 1419087, 1435595, 1452295, 1469189, 1486280, 1503569, 1521059, 1538753, 1556653, 1574761, 1593080, 1611612, 1630359, 1649324, 1668510, 1687919, 1707554, 1727417, 1747511, 1767839, 1788404, 1809208, 1830254, 1851545, 1873083, 1894872, 1916914, 1939213, 1961771, 1984592, 2007678, 2031033, 2054659, 2078560, 2102739, 2127199, 2151944, 2176977, 2202301, 2227920, 2253837, 2280055, 2306578, 2333410, 2360554, 2388013, 2415792, 2443894, 2472323, 2501083, 2530177, 2559610, 2589385, 2619506, 2649978, 2680804, 2711989, 2743537, 2775452, 2807738, 2840399, 2873440, 2906866, 2940680, 2974888, 3009494, 3044502, 3079918, 3115746, 3151990, 3188656, 3225748, 3263272, 3301232, 3339634, 3378483, 3417784, 3457542, 3497762, 3538450, 3579611, 3621251, 3663376, 3705991, 3749101, 3792713, 3836832, 3881464, 3926616, 3972293, 4018501, 4065247, 4112537, 4160377, 4208773, 4257732, 4307261, 4357366, 4408054, 4459331, 4511205, 4563682, 4616770, 4670475, 4724805, 4779767, 4835368, 4891616, 4948518, 5006082, 5064316, 5123227, 5182824, 5243114, 5304105, 5365806, 5428224, 5491369, 5555248, 5619870, 5685244, 5751378, 5818282, 5885964, 5954433, 6023699, 6093770, 6164657, 6236368, 6308913, 6382302, 6456545, 6531652, 6607632, 6684496, 6762254, 6840917, 6920495, 7000999, 7082439, 7164826, 7248172, 7332487, 7417783, 7504071, 7591363, 7679671, 7769006, 7859380, 7950805, 8043294, 8136859, 8231512, 8327266, 8424134, 8522129, 8621264, 8721552, 8823007, 8925642, 9029471, 9134507, 9240765, 9348259, 9457004, 9567014, 9678304, 9790888, 9904782, 10020001, 10136560, 10254475, 10373762, 10494436, 10616514, 10740012, 10864947, 10991335, 11119193, 11248538, 11379388, 11511760, 11645672, 11781142, 11918188, 12056828, 12197081, 12338965, 12482500, 12627704, 12774597, 12923199, 13073530, 13225610, 13379459, 13535097, 13692546, 13851826, 14012959, 14175967, 14340871, 14507693, 14676456, 14847182, 15019894, 15194615, 15371368, 15550177, 15731066, 15914060, 16099182, 16286458, 16475912, 16667570, 16861458, 17057601, 17256026, 17456759, 17659827, 17865257, 18073077, 18283314, 18495997, 18711154, 18928814, 19149006, 19371759, 19597104, 19825070, 20055688, 20288988, 20525002, 20763762, 21005299, 21249646, 21496835, 21746900, 21999874, 22255790, 22514683, 22776588, 23041540, 23309574, 23580726, 23855032, 24132529, 24413254, 24697244, 24984538, 25275174, 25569191, 25866628, 26167525, 26471922, 26779860, 27091380, 27406524, 27725334, 28047853, 28374123, 28704189, 29038094, 29375883, 29717602, 30063296, 30413011, 30766794, 31124693, 31486755, 31853029, 32223563, 32598408, 32977613, 33361229, 33749308, 34141901, 34539061, 34940841, 35347295, 35758477, 36174442, 36595246, 37020945, 37451596, 37887257, 38327985, 38773840, 39224882, 39681171, 40142767, 40609733, 41082131, 41560024, 42043476, 42532552, 43027317, 43527838, 44034181, 44546414, 45064606, 45588826, 46119144, 46655631, 47198359, 47747400, 48302828, 48864717, 49433142, 50008179, 50589906, 51178400, 51773739, 52376004, 52985275, 53601633, 54225161, 54855942, 55494061, 56139603, 56792654, 57453302, 58121635, 58797742, 59481714, 60173643, 60873621, 61581741, 62298099, 63022790, 63755911, 64497560, 65247836, 66006840, 66774673, 67551438, 68337239, 69132181, 69936370, 70749914, 71572922, 72405503, 73247769, 74099833, 74961809, 75833812, 76715959, 77608367, 78511156, 79424447, 80348362, 81283025, 82228560, 83185094, 84152755, 85131673, 86121978, 87123803, 88137282, 89162550, 90199745, 91249005, 92310471, 93384285, 94470590, 95569531, 96681256, 97805913, 98943653, 100094628, 101258992, 102436900, 103628511, 104833983, 106053478, 107287159, 108535191, 109797741, 111074977, 112367071, 113674196, 114996526, 116334238, 117687511, 119056526, 120441466, 121842517, 123259866, 124693702, 126144218, 127611607, 129096066, 130597793, 132116989, 133653857, 135208603, 136781435, 138372563, 139982200, 141610561, 143257864, 144924330, 146610181, 148315643, 150040944, 151786315, 153551989, 155338202, 157145194, 158973206, 160822482, 162693270, 164585821, 166500387, 168437224, 170396592, 172378752, 174383970, 176412514, 178464655, 180540668, 182640831, 184765424, 186914732, 189089042, 191288645, 193513835, 195764910, 198042171, 200345922, 202676472, 205034132, 207419218, 209832049, 212272948, 214742241, 217240258, 219767333, 222323805, 224910015, 227526310, 230173039, 232850557, 235559221, 238299394, 241071443, 243875738, 246712654, 249582571, 252485873, 255422948, 258394189, 261399993, 264440762, 267516903, 270628828, 273776953, 276961699, 280183492, 283442763, 286739948, 290075488, 293449829, 296863422, 300316724, 303810197, 307344309,