{
  "input": [555, 654, 941, 1434, 2118, 2927, 5578, 6166, 8234, 9927, 12038, 16787, 19881, 23892, 27635, 30794, 34391, 37120, 40150, 42762, 44802, 45221, 60368, 66885, 69030, 71224, 73258, 75136, 75639, 76197, 76819, 78572, 78958, 79561, 80406, 81388, 82746, 84112, 86011, 88369, 90306, 92840, 95120, 97886, 101801, 105847, 109821, 113590, 118620, 125875, 128352, 145205, 156101],
  "lastDate": "20_03_15",
  "lastDateRate": 0.09592393696628225,
  "lastDateRateList": [167479, 179553, 191865, 205794, 220768, 236833, 254056, 272460, 292201, 313378, 336096, 360466, 386601, 414630, 444690, 476930, 511507, 548591, 588364, 631020, 676769, 725835, 778458, 834896, 895426, 960344, 1029969, 1104642, 1184729, 1270622, 1362742, 1461541, 1567503, 1681147, 1803030, 1933750, 2073947, 2224308, 2385570, 2558524, 2744017, 2942958, 3156322, 3385155, 3630579, 3893796, 4176096, 4478863, 4803580, 5151839, 5525347, 5925935, 6355565, 6816343, 7310528, 7840541, 8408980, 9018631, 9672481, 10373736, 11125832, 11932454, 12797557, 13725379, 14720469, 15787703, 16932311, 18159903, 19476495, 20888540, 22402959, 24027173, 25769142, 27637404, 29641115, 31790095, 34094876, 36566754, 39217843, 42061135, 45110566, 48381081, 51888708, 55650638, 59685308, 64012491, 68653395, 73630764, 78968992, 84694242, 90834572, 97420076, 104483029, 112058046, 120182251, 128895461, 138240378, 148262801, 159011850, 170540205, 182904365, 196164926, 210386878, 225639921, 241998809, 259543716, 278360628, 298541766, 320186036, 343399515, 368295970, 394997417, 423634719, 454348224, 487288457, 522616856, 560506563, 601143273, 644726143, 691468770, 741600236, 795366232, 853030261, 914874931, 981203338, 1052340552, 1128635212, 1210461233, 1298219638, 1392340525, 1493285174, 1601548307, 1717660514, 1842190853, 1975749638, 2118991431, 2272618250, 2437383009, 2614093208, 2803614892, 3006876892, 3224875382, 3458678756, 3709432868, 3978366646, 4266798115, 4576140858, 4907910941, 5263734346, 5645354937, 6054643010, 6493604457, 6964390597, 7469308719, 8010833390],
  "maxRate": 4.053516819571866,
  "maxRateList": [636929, 1147165, 1667442, 2256033, 2888791, 5470593, 10120646, 16879650, 26024518, 37734281, 59909422, 100933631, 169355576, 274846397, 427802940, 670646790, 1079782961, 1766268637, 2880363130, 4614469543, 7332947586, 11709865980],
  "minRate": 0.005137350936967632,
  "minRateList": [156710, 157357, 158016, 158762, 159564, 160369, 161177, 161989, 162805, 163625, 164449, 165277, 166109, 166945, 167786, 168631, 169480, 170333, 171191, 172053, 172919, 173790, 174665, 175544, 176428, 177316, 178209, 179106, 180008, 180914, 181825, 182741, 183661, 184586, 185515, 186449, 187388, 188332, 189280, 190233, 191191, 192154, 193122, 194094, 195071, 196053, 197040, 198032, 199029, 200031, 201038, 202050, 203067, 204089, 205117, 206150, 207188, 208231, 209279, 210333, 211392, 212456, 213526, 214601, 215682, 216768, 217859, 218956, 220058, 221166, 222280, 223399, 224524, 225655, 226791, 227933, 229081, 230234, 231393, 232558, 233729, 234906, 236089, 237278, 238473, 239674, 240881, 242094, 243313, 244538, 245769, 247006, 248250, 249500, 250756, 252019, 253288, 254563, 255845, 257133, 258428, 259729, 261037, 262351, 263672, 265000, 266334, 267675, 269023, 270378, 271739, 273107, 274482, 275864, 277253, 278649, 280052, 281462, 282879, 284303, 285735, 287174, 288620, 290073, 291534, 293002, 294477, 295960, 297450, 298948, 300453, 301966, 303486, 305014, 306550, 308094, 309645, 311204, 312771, 314346, 315929, 317520, 319119, 320726, 322341, 323964, 325595, 327234, 328882, 330538, 332202, 333875, 335556, 337246, 338944, 340651, 342366, 344090, 345823, 347564, 349314, 351073, 352841, 354618, 356404, 358199, 360003, 361816, 363638, 365469, 367309, 369158, 371017, 372885, 374763, 376650, 378546, 380452, 382368, 384293, 386228, 388173, 390128, 392092, 394066, 396050, 398044, 400048, 402062, 404086, 406121, 408166, 410221, 412287, 414363, 416449, 418546, 420653, 422771, 424900, 427039, 429189, 431350, 433522, 435705, 437899, 440104, 442320, 444547, 446785, 449035, 451296, 453568, 455852, 458147, 460454, 462772, 465102, 467444, 469798, 472164, 474541, 476930, 479331, 481745, 484171, 486609, 489059, 491521, 493996, 496483, 498983, 501495, 504020, 506558, 509109, 511672, 514248, 516837, 519439, 522054, 524683, 527325, 529980, 532649, 535331, 538026, 540735, 543458, 546194, 548944, 551708, 554486, 557278, 560084, 562904, 565738, 568587, 571450, 574327, 577219, 580125, 583046, 585982, 588933, 591898, 594878, 597873, 600883, 603909, 606950, 610006, 613077, 616164, 619266, 622384, 625518, 628668, 631833, 635014, 638211, 641425, 644655, 647901, 651163, 654442, 657737, 661049, 664377, 667722, 671084, 674463, 677859, 681272, 684702, 688150, 691615, 695097, 698597, 702115, 705650, 709203, 712774, 716363, 719970, 723595, 727238, 730900, 734580, 738279, 741996, 745732, 749487, 753261, 757054, 760866, 764697, 768547, 772417, 776306, 780215, 784144, 788092, 792060, 796048, 800056, 804084, 808133, 812202, 816292, 820402, 824533, 828685, 832858, 837052, 841267, 845503, 849760, 854039, 858339, 862661, 867005, 871371, 875758, 880168, 884600, 889054, 893531, 898030, 902552, 907097, 911664, 916254, 920867, 925504, 930164, 934848, 939555, 944286, 949041, 953820, 958623, 963450, 968301, 973177, 978077, 983002, 987952, 992927, 997927, 1002952, 1008002, 1013077, 1018178, 1023305, 1028458, 1033636, 1038841, 1044072, 1049329, 1054613, 1059923, 1065260, 1070624, 1076015, 1081433, 1086878, 1092351, 1097851, 1103379, 1108935, 1114519, 1120131, 1125771, 1131439, 1137136, 1142862, 1148617, 1154400, 1160213, 1166055, 1171926, 1177827, 1183758, 1189718, 1195708, 1201729, 1207780, 1213861, 1219973, 1226116, 1232290, 1238495, 1244731, 1250998, 1257297, 1263628, 1269991, 1276386, 1282813, 1289272, 1295764, 1302288, 1308845, 1315435, 1322058, 1328715, 1335405, 1342129, 1348887, 1355679, 1362505, 1369365, 1376260, 1383190, 1390155, 1397155, 1404190, 1411260, 1418366, 1425508, 1432686, 1439900, 1447150, 1454437, 1461760, 1469120, 1476517, 1483952, 1491424, 1498934, 1506481, 1514066, 1521690, 1529352, 1537053, 1544792, 1552570, 1560387, 1568244, 1576140, 1584076, 1592052, 1600068, 1608125, 1616222, 1624360, 1632539, 1640759, 1649021, 1657324, 1665669, 1674056, 1682485, 1690957, 1699471, 1708028, 1716628, 1725272, 1733959, 1742690, 1751465, 1760284, 1769147, 1778055, 1787008, 1796006, 1805049, 1814138, 1823272, 1832452, 1841679, 1850952, 1860272, 1869639, 1879053, 1888514, 1898023, 1907580, 1917185, 1926838, 1936540, 1946291, 1956091, 1965940, 1975839, 1985788, 1995787, 2005836, 2015936, 2026087, 2036289, 2046542, 2056847, 2067204, 2077613, 2088074, 2098588, 2109155, 2119775, 2130448, 2141175, 2151956, 2162791, 2173681, 2184626, 2195626, 2206681, 2217792, 2228959, 2240182, 2251462, 2262798, 2274192, 2285643, 2297152, 2308719, 2320344, 2332027, 2343769, 2355570, 2367431, 2379351, 2391331, 2403372, 2415473, 2427635, 2439859, 2452144, 2464491, 2476900, 2489372, 2501906, 2514504, 2527165, 2539890, 2552679, 2565532, 2578450, 2591433, 2604481, 2617595, 2630775, 2644021, 2657334, 2670714, 2684162, 2697677, 2711260, 2724912, 2738632, 2752421, 2766280, 2780209, 2794208, 2808277, 2822417, 2836628, 2850911, 2865266, 2879693, 2894193, 2908766, 2923412, 2938132, 2952926, 2967794, 2982737, 2997756, 3012850, 3028020, 3043267, 3058590, 3073991, 3089469, 3105025, 3120659, 3136372, 3152164, 3168036, 3183988, 3200020, 3216133, 3232327, 3248602, 3264959, 3281399, 3297921, 3314527, 3331216, 3347989, 3364847, 3381790, 3398818, 3415932, 3433132, 3450418, 3467791, 3485252, 3502801, 3520438, 3538164, 3555979, 3573884, 3591879, 3609965, 3628142, 3646410, 3664770, 3683223, 3701769, 3720408, 3739141, 3757968, 3776890, 3795907, 3815020, 3834229, 3853535, 3872938, 3892439, 3912038, 3931736, 3951533, 3971430, 3991427, 4011525, 4031724, 4052024, 4072427, 4092932, 4113541, 4134253, 4155070, 4175991, 4197018, 4218151, 4239390, 4260736, 4282190, 4303752, 4325422, 4347201, 4369090, 4391089, 4413199, 4435420, 