{
  "input": [555, 654, 941, 1434, 2118, 2927, 5578, 6166, 8234, 9927, 12038, 16787, 19881, 23892, 27635, 30794, 34391, 37120, 40150, 42762, 44802, 45221, 60368, 66885, 69030, 71224, 73258, 75136, 75639, 76197, 76819, 78572, 78958, 79561, 80406, 81388, 82746, 84112, 86011, 88369, 90306, 92840, 95120, 97886, 101801, 105847, 109821, 113590, 118620, 125875, 128352, 145205, 156101, 167454, 181574, 197102, 214821, 242500, 272035, 304396],
  "lastDate": "20_03_22",
  "lastDateRate": 0.17822485598158327,
  "lastDateRateList": [339524, 377810, 421030, 469513, 523764, 584276, 651611, 726649, 810328, 903676, 1007809, 1123942, 1253449, 1397870, 1558928, 1738545, 1938859, 2162255, 2411390, 2689230, 2999082, 3344635, 3730003, 4159773, 4639061, 5173572, 5769669, 6434448, 7175823, 8002619, 8924678, 9952976, 11099755, 12378665, 13804931, 15395530, 17169398, 19147650, 21353836, 23814218, 26558084, 29618097, 33030684, 36836468, 41080754, 45814065, 51092746, 56979635, 63544809, 70866420, 79031625, 88137622, 98292809, 109618073, 122248230, 136333630, 152041945, 169560167, 189096832, 210884505, 235182547, 262280201, 292500037, 326201793, 363786654, 405702030, 452446881, 504577658, 562714926, 627550750, 699856936, 780494216, 870422496, 970712283, 1082557425, 1207289327, 1346392796, 1501523720, 1674528777, 1867467418, 2082636384, 2322597046, 2590205895, 2888648545, 3221477657, 3592655227, 4006599751, 4468238824, 4983067795, 5557215186, 6197515646, 6911591310, 7707942531, 8596049071],
  "maxRate": 4.053516819571866,
  "maxRateList": [1103352, 1974133, 2957111, 4059809, 5293683, 9766139, 17768320, 29755019, 46211523, 67669556, 107256765, 179280949, 299893419, 487212605, 761512288, 1196279389, 1922997731, 3138620749, 5113545238, 8200348106],
  "minRate": 0.005137350936967632,
  "minRateList": [305409, 306513, 307759, 309157, 310721, 312290, 313865, 315446, 317034, 318630, 320234, 321846, 323467, 325096, 326733, 328378, 330031, 331693, 333363, 335042, 336729, 338424, 340128, 341841, 343562, 345292, 347031, 348778, 350534, 352299, 354073, 355856, 357648, 359449, 361259, 363078, 364906, 366743, 368590, 370446, 372311, 374186, 376070, 377964, 379867, 381780, 383702, 385634, 387576, 389528, 391489, 393460, 395441, 397432, 399433, 401444, 403465, 405497, 407539, 409591, 411653, 413726, 415809, 417903, 420007, 422122, 424247, 426383, 428530, 430688, 432857, 435037, 437227, 439429, 441642, 443866, 446101, 448347, 450605, 452874, 455154, 457446, 459749, 462064, 464391, 466729, 469079, 471441, 473815, 476201, 478599, 481009, 483431, 485865, 488311, 490770, 493241, 495725, 498221, 500730, 503251, 505785, 508332, 510892, 513464, 516049, 518647, 521258, 523883, 526521, 529172, 531836, 534514, 537205, 539910, 542629, 545361, 548107, 550867, 553641, 556429, 559231, 562047, 564877, 567721, 570580, 573453, 576340, 579242, 582159, 585090, 588036, 590997, 593973, 596964, 599970, 602991, 606027, 609078, 612145, 615227, 618325, 621438, 624567, 627712, 630873, 634050, 637243, 640452, 643677, 646918, 650175, 653449, 656739, 660046, 663369, 666709, 670066, 673440, 676831, 680239, 683664, 687106, 690566, 694043, 697538, 701050, 704580, 708128, 711694, 715277, 718879, 722499, 726137, 729793, 733468, 737161, 740873, 744603, 748352, 752120, 755907, 759713, 763538, 767383, 771247, 775130, 779033, 782956, 786898, 790860, 794842, 798844, 802866, 806909, 810972, 815055, 819159, 823284, 827429, 831595, 835782, 839990, 844219, 848470, 852742, 857036, 861351, 865688, 870047, 874428, 878831, 883256, 887703, 892173, 896665, 901180, 905718, 910278, 914861, 919467, 924097, 928750, 933426, 938126, 942850, 947597, 952368, 957163, 961982, 966826, 971694, 976587, 981504, 986446, 991413, 996405, 1001422, 1006464, 1011532, 1016625, 1021744, 1026889, 1032060, 1037257, 1042480, 1047729, 1053004, 1058306, 1063635, 1068991, 1074374, 1079784, 1085221, 1090685, 1096177, 1101696, 1107243, 1112818, 1118421, 1124052, 1129712, 1135400, 1141117, 1146863, 1152638, 1158442, 1164275, 1170137, 1176029, 1181951, 1187902, 1193883, 1199894, 1205936, 1212008, 1218111, 1224244, 1230408, 1236603, 1242830, 1249088, 1255377, 1261698, 1268051, 1274436, 1280853, 1287302, 1293784, 1300298, 1306845, 1313425, 1320038, 1326685, 1333365, 1340079, 1346827, 1353608, 1360424, 1367274, 1374158, 1381077, 1388031, 1395020, 1402044, 1409104, 1416199, 1423330, 1430497, 1437700, 1444939, 1452215, 1459527, 1466876, 1474262, 1481685, 1489146, 1496644, 1504180, 1511754, 1519366, 1527016, 1534705, 1542433, 1550199, 1558005, 1565850, 1573734, 1581658, 1589622, 1597626, 1605670, 1613755, 1621881, 1630047, 1638255, 1646504, 1654794, 1663126, 1671500, 1679916, 1688375, 1696876, 1705420, 1714007, 1722637, 1731311, 1740028, 1748789, 1757594, 1766444, 1775338, 1784277, 1793261, 1802290, 1811365, 1820486, 1829652, 1838865, 1848124, 1857430, 1866782, 1876182, 1885629, 1895123, 1904665, 1914255, 1923894, 1933581, 1943317, 1953102, 1962936, 1972820, 1982753, 1992737, 2002771, 2012855, 2022990, 2033176, 2043413, 2053702, 2064043, 2074436, 2084881, 2095379, 2105930, 2116534, 2127191, 2137902, 2148667, 2159486, 2170359, 2181287, 2192270, 2203308, 2214402, 2225552, 2236758, 2248020, 2259339, 2270715, 2282148, 2293639, 2305188, 2316795, 2328460, 2340184, 2351967, 2363810, 2375712, 2387674, 2399696, 2411779, 2423923, 2436128, 2448394, 2460722, 2473112, 2485565, 2498080, 2510658, 2523300, 2536005, 2548774, 2561608, 2574506, 2587469, 2600497, 2613591, 2626751, 2639977, 2653270, 2666630, 2680057, 2693552, 2707114, 2720745, 2734444, 2748212, 2762050, 2775957, 2789934, 2803982, 2818101, 2832291, 2846552, 2860885, 2875290, 2889768, 2904318, 2918942, 2933639, 2948410, 2963256, 2978177, 2993173, 3008244, 3023391, 3038614, 3053914, 3069291, 3084745, 3100277, 3115887, 3131576, 3147344, 3163191, 3179118, 3195125, 3211213, 3227382, 3243632, 3259964, 3276378, 3292875, 3309455, 3326119, 3342867, 3359699, 3376616, 3393618, 3410705, 3427878, 3445138, 3462485, 3479919, 3497441, 3515051, 3532750, 3550538, 3568416, 3586384, 3604442, 3622591, 3640831, 3659163, 3677588, 3696105, 3714716, 3733420, 3752218, 3771111, 3790099, 3809183, 3828363, 3847639, 3867013, 3886484, 3906053, 3925721, 3945488, 3965354, 3985320, 4005387, 4025555, 4045824, 4066195, 4086669, 4107246, 4127927, 4148712, 4169601, 4190596, 4211696, 4232903, 4254216, 4275637, 4297166, 4318803, 4340549, 4362404, 4384369, 4406445, 4428632, 4450931, 4473342, 4495866, 4518503, 4541254, 4564120, 4587101, 4610198, 4633411, 4656741, 4680188, 4703754, 4727438, 4751241, 4775164, 4799208, 4823373, 4847660, 4872069, 4896601, 4921256, 4946035, 4970939, 4995969, 5021125, 5046407, 5071817, 5097354, 5123020, 5148815, 5174740, 5200796, 5226983, 5253302, 5279753, 5306337, 5333055, 5359908, 5386896, 5414020, 5441281, 5468679, 5496215, 5523889, 5551703, 5579657, 5607752, 5635988, 5664366, 5692887, 5721552, 5750361, 5779315, 5808415, 5837661, 5867055, 5896597, 5926287, 5956127, 5986117, 6016258, 6046551, 6076996, 6107595, 6138348, 6169256, 6200319, 6231539, 6262916, 6294451, 6326145, 6357998, 6390012, 6422187, 6454524, 6487024, 6519687, 6552515, 6585508, 6618667, 6651993, 6685487, 6719150, 6752982, 6786984, 6821158, 6855504, 6890023, 6924715, 6959582, 6994625, 7029844, 7065240, 7100815, 7136569, 7172503, 7208618, 7244915, 7281394, 7318057, 7354905, 7391938, 7429158, 7466565, 7504160, 7541945, 7579920, 7618086, 7656444, 7694996, 7733742, 7772683, 7811820, 7851154, 7890686, 7930417, 7970348, 8010480, 8050814, 8091351, 8132092, 8173038, 8214191, 8255551, 8297119, 8338896, 8380884, 8423083, 8465495, 8508120, 8550960, 8594016, 8637288, 8680778, 8724487, 8768416, 8812566, 8856939, 8901535, 8946356, 8991402, 9036675, 9082176, 9127906, 9173867, 9220059, 9266484, 9313142, 9360035, 9407164, 9454531, 9502136, 9549981, 9598067, 9646395, 9694966, 9743782, 9792844, 9842153, 9891710, 9941516, 9991573, 10041882, 10092445, 10143262, 10194335, 10245665, 10297254, 10349102, 10401211, 10453583, 10506219, 10559120, 10612287, 10665722, 10719426, 10773400, 10827646, 10882165, 