{
  "input": [555, 654, 941, 1434, 2118, 2927, 5578, 6166, 8234, 9927, 12038, 16787, 19881, 23892, 27635, 30794, 34391, 37120, 40150, 42762, 44802, 45221, 60368, 66885, 69030, 71224, 73258, 75136, 75639, 76197, 76819, 78572, 78958, 79561, 80406, 81388, 82746, 84112, 86011, 88369, 90306, 92840, 95120, 97886, 101801, 105847, 109821, 113590, 118620, 125875, 128352, 145205, 156101, 167454, 181574],
  "lastDate": "20_03_17",
  "lastDateRate": 0.11217477656405164,
  "lastDateRateList": [195972, 212260, 229771, 248555, 268923, 290906, 314716, 340491, 368373, 398539, 431171, 466474, 504669, 545991, 590697, 639064, 691391, 748002, 809248, 875509, 947196, 1024753, 1108660, 1199437, 1297647, 1403898, 1518849, 1643213, 1777760, 1923323, 2080805, 2251182, 2435509, 2634929, 2850677, 3084091, 3336617, 3609820, 3905393, 4225167, 4571124, 4945408, 5350339, 5788426, 6262383, 6775148, 7329898, 7930071, 8579386, 9281867, 10041868, 10864098, 11753652, 12716043, 13757234, 14883678, 16102356, 17420819, 18847238, 20390453, 22060026, 23866304, 25820480, 27934665, 30221960, 32696538, 35373735, 38270142, 41403707, 44793849, 48461576, 52429617, 56722562, 61367014, 66391754, 71827920, 77709201, 84072042, 90955873, 98403353, 106460634, 115177646, 124608409, 134811364, 145849738, 157791936, 170711963, 184689883, 199812318, 216172980, 233873255, 253022831, 273740377, 296154279, 320403435, 346638115, 375020895, 405727661, 438948701, 474889885, 513773938, 555841823, 601354233, 650593205, 703863872, 761496349, 823847781, 891304558, 964284705, 1043240478, 1128661161, 1221076102, 1321057992, 1429226413, 1546251681, 1672858995, 1809832934, 1958022319, 2118345473, 2291795910, 2479448494, 2682466099, 2902106815, 3139731745, 3396813439, 3674945020, 3975850055, 4301393239, 4653591946, 5034628735, 5446864872, 5892854964, 6375362789, 6897378426, 7462136779, 8073137629],
  "maxRate": 4.053516819571866,
  "maxRateList": [701851, 1290442, 1923200, 2601978, 3337991, 6182956, 11413784, 19209508, 29756670, 43287273, 68349989, 114615954, 192482018, 313101180, 488566869, 765624699, 1230222396, 2010451493, 3279612392, 5260026413, 8363499008],
  "minRate": 0.005137350936967632,
  "minRateList": [182233, 182979, 183781, 184641, 185574, 186510, 187450, 188394, 189343, 190296, 191254, 192217, 193185, 194158, 195136, 196119, 197106, 198098, 199095, 200097, 201105, 202118, 203136, 204159, 205187, 206220, 207258, 208302, 209351, 210405, 211464, 212529, 213599, 214675, 215756, 216842, 217934, 219031, 220134, 221242, 222356, 223476, 224601, 225732, 226869, 228011, 229159, 230313, 231473, 232639, 233810, 234987, 236170, 237359, 238554, 239755, 240962, 242175, 243394, 244620, 245852, 247090, 248334, 249584, 250841, 252104, 253373, 254649, 255931, 257220, 258515, 259817, 261125, 262440, 263761, 265089, 266424, 267765, 269113, 270468, 271830, 273199, 274575, 275958, 277347, 278743, 280147, 281558, 282976, 284401, 285833, 287272, 288718, 290172, 291633, 293101, 294577, 296060, 297551, 299049, 300555, 302068, 303589, 305118, 306654, 308198, 309750, 311310, 312877, 314452, 316035, 317626, 319225, 320832, 322447, 324071, 325703, 327343, 328991, 330648, 332313, 333986, 335668, 337358, 339057, 340764, 342480, 344204, 345937, 347679, 349430, 351189, 352957, 354734, 356520, 358315, 360119, 361932, 363754, 365586, 367427, 369277, 371136, 373005, 374883, 376771, 378668, 380575, 382491, 384417, 386353, 388298, 390253, 392218, 394193, 396178, 398173, 400178, 402193, 404218, 406253, 408299, 410355, 412421, 414498, 416585, 418683, 420791, 422910, 425039, 427179, 429330, 431492, 433665, 435849, 438044, 440250, 442467, 444695, 446934, 449184, 451446, 453719, 456004, 458300, 460608, 462927, 465258, 467601, 469955, 472321, 474699, 477089, 479491, 481905, 484331, 486770, 489221, 491684, 494160, 496648, 499149, 501662, 504188, 506727, 509278, 511842, 514419, 517009, 519612, 522228, 524858, 527501, 530157, 532826, 535509, 538205, 540915, 543639, 546376, 549127, 551892, 554671, 557464, 560271, 563092, 565927, 568777, 571641, 574519, 577412, 580319, 583241, 586178, 589130, 592096, 595077, 598073, 601084, 604111, 607153, 610210, 613283, 616371, 619475, 622594, 625729, 628880, 632047, 635229, 638427, 641642, 644873, 648120, 651383, 654663, 657959, 661272, 664602, 667948, 671311, 674691, 678088, 681502, 684933, 688382, 691848, 695332, 698833, 702352, 705888, 709442, 713014, 716604, 720212, 723838, 727483, 731146, 734827, 738527, 742246, 745983, 749739, 753514, 757308, 761121, 764953, 768805, 772676, 776567, 780477, 784407, 788357, 792327, 796316, 800326, 804356, 808406, 812476, 816567, 820679, 824811, 828964, 833138, 837333, 841549, 845786, 850045, 854325, 858627, 862950, 867295, 871662, 876051, 880462, 884895, 889351, 893829, 898330, 902853, 907399, 911968, 916560, 921175, 925813, 930475, 935160, 939869, 944601, 949357, 954137, 958941, 963769, 968622, 973499, 978401, 983327, 988278, 993254, 998255, 1003281, 1008333, 1013410, 1018513, 1023641, 1028795, 1033975, 1039181, 1044413, 1049672, 1054957, 1060269, 1065608, 1070974, 1076367, 1081787, 1087234, 1092708, 1098210, 1103740, 1109298, 1114884, 1120498, 1126140, 1131810, 1137509, 1143237, 1148993, 1154778, 1160593, 1166437, 1172310, 1178213, 1184145, 1190107, 1196099, 1202122, 1208175, 1214258, 1220372, 1226517, 1232693, 1238900, 1245138, 1251407, 1257708, 1264041, 1270406, 1276803, 1283232, 1289693, 1296187, 1302714, 1309273, 1315865, 1322491, 1329150, 1335842, 1342568, 1349328, 1356122, 1362950, 1369813, 1376710, 1383642, 1390609, 1397611, 1404648, 1411721, 1418829, 1425973, 1433153, 1440369, 1447622, 1454911, 1462237, 1469600, 1477000, 1484437, 1491911, 1499423, 1506973, 1514561, 1522187, 1529851, 1537554, 1545296, 1553077, 1560897, 1568756, 1576655, 1584594, 1592573, 1600592, 1608651, 1616751, 1624892, 1633074, 1641297, 1649561, 1657867, 1666215, 1674605, 1683037, 1691511, 1700028, 1708588, 1717191, 1725837, 1734527, 1743261, 1752039, 1760861, 1769727, 1778638, 1787594, 1796595, 1805641, 1814733, 1823870, 1833053, 1842283, 1851559, 1860882, 1870252, 1879669, 1889133, 1898645, 1908205, 1917813, 1927470, 1937175, 1946929, 1956732, 1966584, 1976486, 1986438, 1996440, 2006492, 2016595, 2026749, 2036954, 2047210, 2057518, 2067878, 2078290, 2088755, 2099272, 2109842, 2120465, 2131142, 2141873, 2152658, 2163497, 2174391, 2185339, 2196343, 2207402, 2218517, 2229688, 2240915, 2252198, 2263538, 2274935, 2286390, 2297902, 2309472, 2321101, 2332788, 2344534, 2356339, 2368204, 2380128, 2392112, 2404157, 2416262, 2428428, 2440656, 2452945, 2465296, 2477709, 2490185, 2502724, 2515326, 2527991, 2540720, 2553513, 2566370, 2579292, 2592279, 2605332, 2618450, 2631634, 2644885, 2658202, 2671587, 2685039, 2698559, 2712147, 2725803, 2739528, 2753322, 2767185, 2781118, 2795121, 2809195, 2823340, 2837556, 2851844, 2866204, 2880636, 2895140, 2909718, 2924369, 2939094, 2953893, 2968766, 2983714, 2998738, 3013837, 3029012, 3044264, 3059592, 3074998, 3090481, 3106042, 3121681, 3137399, 3153196, 3169073, 3185030, 3201067, 3217185, 3233384, 3249665, 3266028, 3282473, 3299001, 3315612, 3332307, 3349086, 3365949, 3382897, 3399930, 3417049, 3434254, 3451546, 3468925, 3486392, 3503947, 3521590, 3539322, 3557143, 3575054, 3593055, 3611147, 3629330, 3647604, 3665970, 3684429, 3702981, 3721626, 3740365, 3759198, 3778126, 3797150, 3816269, 3835485, 3854797, 3874207, 3893714, 3913320, 3933024, 3952827, 3972730, 3992733, 4012837, 4033042, 4053349, 4073758, 4094270, 4114885, 4135604, 4156427, 4177355, 4198389, 4219529, 4240775, 4262128, 4283589, 4305158, 4326835, 4348621, 4370517, 4392523, 4414640, 4436868, 4459208, 4481661, 4504227, 4526907, 4549701, 4572610, 4595634, 4618774, 4642030, 4665403, 4688894, 4712503, 4736231, 4760079, 4784047, 4808135, 4832345, 4856677, 4881131, 4905708, 4930409, 4955234, 4980184, 5005260, 5030462, 5055791, 5081248, 5106833, 5132547, 5158390, 5184363, 5210467, 5236703, 5263071, 5289571, 5316205, 5342973, 5369876, 5396914, 5424088, 5451399, 5478848, 5506435, 5534161, 5562026, 5590032, 5618179, 