{
  "input": [555, 654, 941, 1434, 2118, 2927, 5578, 6166, 8234, 9927, 12038, 16787, 19881, 23892, 27635],
  "lastDate": "20_02_06",
  "lastDateRate": 0.3770524831268258,
  "lastDateRateList": [32174, 38504, 46000, 55009, 65429, 77560, 92078, 109422, 130163, 154833, 184077, 218795, 260053, 309131, 367511, 436918, 519415, 617469, 734028, 872599, 1037340, 1233187, 1466005, 1742772, 2071788, 2462920, 2927896, 3480657, 4137774, 4918947, 5847597, 6951567, 8263957, 9824115, 11678816, 13883667, 16504773, 19620719, 23324926, 27728453, 32963324, 39186490, 46584531, 55379252, 65834334, 78263237, 93038600, 110603413, 131484297, 156307296, 185816644, 220897079, 262600371, 312176852, 371112906, 441175533, 524465325, 623479447, 741186504, 881115547, 1047461877, 1245212830, 1480297304, 1759763516, 2091990321, 2486938423, 2956449013, 3514598787, 4178121990, 4966912135, 5904618443, 7019354885, 8344543085],
  "maxRate": 4.053516819571866,
  "maxRateList": [76431, 144477, 225065, 321912, 433931, 743745, 1329385, 2241690, 3546566, 5305513, 8320296, 13708980, 22795708, 37171773, 58677759, 92404219, 147973800, 240376586, 391052993, 628904276, 1003466332, 1603280619, 2577651153, 4162791037, 6712065098, 10779632753],
  "minRate": 0.3770524831268258,
  "minRateList": [32174, 38504, 46000, 55009, 65429, 77560, 92078, 109422, 130163, 154833, 184077, 218795, 260053, 309131, 367511, 436918, 519415, 617469, 734028, 872599, 1037340, 1233187, 1466005, 1742772, 2071788, 2462920, 2927896, 3480657, 4137774, 4918947, 5847597, 6951567, 8263957, 9824115, 11678816, 13883667, 16504773, 19620719, 23324926, 27728453, 32963324, 39186490, 46584531, 55379252, 65834334, 78263237, 93038600, 110603413, 131484297, 156307296, 185816644, 220897079, 262600371, 312176852, 371112906, 441175533, 524465325, 623479447, 741186504, 881115547, 1047461877, 1245212830, 1480297304, 1759763516, 2091990321, 2486938423, 2956449013, 3514598787, 4178121990, 4966912135, 5904618443, 7019354885, 8344543085],
  "province": "Global",
  "r0": [1.4576576576576576, 4.053516819571866, 0.6248671625929861, 1.4421199442119945, 0.7993389990557129, 0.7212162623846943, 0.8513804230907135, 0.501783976646124, 0.48712654845761477, 0.3770524831268258]
}