{
  "input": [555, 654, 941, 1434, 2118, 2927, 5578, 6166, 8234, 9927, 12038, 16787, 19881, 23892, 27635, 30794, 34391, 37120, 40150, 42762, 44802, 45221, 60368, 66885, 69030, 71224, 73258, 75136, 75639, 76197, 76819, 78572, 78958, 79561, 80406, 81388, 82746, 84112, 86011, 88369, 90306, 92840, 95120, 97886, 101801, 105847, 109821, 113590, 118620, 125875, 128352, 145205, 156101, 167454, 181574, 197102, 214821, 242500],
  "lastDate": "20_03_20",
  "lastDateRate": 0.17731468728579575,
  "lastDateRateList": [272192, 304388, 339337, 377428, 420427, 468691, 522663, 582832, 649756, 724304, 807410, 900086, 1003431, 1118642, 1247072, 1390238, 1549836, 1727759, 1926111, 2147235, 2393745, 2668554, 2974911, 3316439, 3697175, 4121621, 4594795, 5122290, 5710343, 6365906, 7096730, 7911455, 8819712, 9832240, 10961009, 12219363, 13622180, 15186044, 16929445, 18872993, 21039666, 23455079, 26147788, 29149627, 32496086, 36226728, 40385658, 45022045, 50190702, 55952735, 62376266, 69537236, 77520306, 86419855, 96341097, 107401325, 119731298, 133476787, 148800297, 165882988, 184926820, 206156938, 229824333, 256208811, 285622301, 318412542, 354967195, 395718425, 441148010, 491793039, 548252259, 611193156, 681359845, 759581866, 846783995, 943997173, 1052370696, 1173185804, 1307870825, 1458018064, 1625402628, 1812003409, 2020026483, 2251931189, 2510459206, 2798666965, 3119961783, 3478142147, 3877442622, 4322583911, 4818828669, 5372043717, 5988769404, 6676296930, 7442754544, 8297203643],
  "maxRate": 4.053516819571866,
  "maxRateList": [921278, 1657291, 2456247, 3327028, 4310006, 8044422, 14762279, 24718718, 38204882, 55675564, 88283764, 148122910, 248320649, 403184781, 628866616, 986726338, 1587145045, 2593716972, 4228033263, 6777154668, 10776866475],
  "minRate": 0.005137350936967632,
  "minRateList": [243360, 244293, 245306, 246410, 247656, 248906, 250161, 251421, 252687, 253959, 255238, 256523, 257815, 259113, 260418, 261729, 263047, 264371, 265702, 267040, 268385, 269736, 271094, 272459, 273831, 275210, 276596, 277989, 279389, 280796, 282210, 283631, 285059, 286494, 287937, 289387, 290844, 292308, 293780, 295259, 296746, 298240, 299742, 301251, 302768, 304292, 305824, 307364, 308912, 310467, 312030, 313601, 315180, 316767, 318362, 319965, 321576, 323195, 324822, 326458, 328102, 329754, 331414, 333083, 334760, 336446, 338140, 339843, 341554, 343274, 345002, 346739, 348485, 350240, 352004, 353776, 355557, 357347, 359146, 360954, 362771, 364598, 366434, 368279, 370133, 371997, 373870, 375753, 377645, 379547, 381458, 383379, 385309, 387249, 389199, 391159, 393129, 395108, 397097, 399096, 401106, 403126, 405156, 407196, 409246, 411307, 413378, 415459, 417551, 419653, 421766, 423890, 426024, 428169, 430325, 432492, 434670, 436859, 439059, 441270, 443492, 445725, 447969, 450225, 452492, 454770, 457060, 459361, 461674, 463999, 466335, 468683, 471043, 473415, 475799, 478195, 480603, 483023, 485455, 487899, 490356, 492825, 495306, 497800, 500307, 502826, 505358, 507903, 510460, 513030, 515613, 518209, 520818, 523440, 526076, 528725, 531387, 534063, 536752, 539455, 542171, 544901, 547645, 550402, 553173, 555958, 558757, 561570, 564398, 567240, 570096, 572967, 575852, 578752, 581666, 584595, 587539, 590497, 593470, 596458, 599461, 602479, 605513, 608562, 611626, 614706, 617801, 620912, 624038, 627180, 630338, 633512, 636702, 639908, 643130, 646368, 649623, 652894, 656181, 659485, 662806, 666143, 669497, 672868, 676256, 679661, 683083, 686522, 689979, 693453, 696945, 700454, 703981, 707526, 711089, 714669, 718267, 721884, 725519, 729172, 732844, 736534, 740243, 743970, 747716, 751481, 755265, 759068, 762890, 766731, 770592, 774472, 778372, 782291, 786230, 790189, 794168, 798167, 802186, 806225, 810284, 814364, 818464, 822585, 826727, 830890, 835074, 839279, 843505, 847752, 852021, 856311, 860623, 864956, 869311, 873688, 878087, 882508, 886952, 891418, 895906, 900417, 904951, 909508, 914088, 918691, 923317, 927966, 932638, 937334, 942054, 946797, 951564, 956355, 961170, 966010, 970874, 975763, 980676, 985614, 990577, 995565, 1000578, 1005616, 1010679, 1015768, 1020883, 1026023, 1031189, 1036381, 1041599, 1046844, 1052115, 1057413, 1062737, 1068088, 1073466, 1078871, 1084303, 1089763, 1095250, 1100765, 1106308, 1111878, 1117476, 1123103, 1128758, 1134441, 1140153, 1145894, 1151664, 1157463, 1163291, 1169148, 1175035, 1180952, 1186898, 1192874, 1198880, 1204917, 1210984, 1217082, 1223210, 1229369, 1235559, 1241780, 1248033, 1254317, 1260633, 1266981, 1273360, 1279772, 1286216, 1292692, 1299201, 1305743, 1312318, 1318926, 1325567, 1332241, 1338949, 1345691, 1352467, 1359277, 1366121, 1373000, 1379913, 1386861, 1393844, 1400862, 1407916, 1415005, 1422130, 1429291, 1436488, 1443721, 1450990, 1458296, 1465639, 1473019, 1480436, 1487890, 1495382, 1502912, 1510479, 1518085, 1525729, 1533411, 1541132, 1548892, 1556691, 1564529, 1572407, 1580324, 1588281, 1596278, 1604316, 1612394, 1620513, 1628673, 1636874, 1645116, 1653399, 1661724, 1670091, 1678500, 1686952, 1695446, 1703983, 1712563, 1721186, 1729852, 1738562, 1747316, 1756114, 1764956, 1773843, 1782775, 1791752, 1800774, 1809841, 1818954, 1828113, 1837318, 1846569, 1855867, 1865212, 1874604, 1884043, 1893529, 1903063, 1912645, 1922275, 1931954, 1941682, 1951459, 1961285, 1971160, 1981085, 1991060, 2001085, 2011161, 2021288, 2031466, 2041695, 2051975, 2062307, 2072691, 2083127, 2093616, 2104158, 2114753, 2125401, 2136103, 2146859, 2157669, 2168533, 2179452, 2190426, 2201455, 2212540, 2223681, 2234878, 2246131, 2257441, 2268808, 2280232, 2291713, 2303252, 2314849, 2326505, 2338219, 2349992, 2361825, 2373717, 2385669, 2397681, 2409754, 2421888, 2434083, 2446339, 2458657, 2471037, 2483479, 2495984, 2508552, 2521183, 2533878, 2546637, 2559460, 2572347, 2585299, 2598316, 2611399, 2624548, 2637763, 2651045, 2664393, 2677809, 2691292, 2704843, 2718462, 2732150, 2745907, 2759733, 2773629, 2787595, 2801631, 2815738, 2829916, 2844165, 2858486, 2872879, 2887344, 2901882, 2916493, 2931178, 2945937, 2960770, 2975678, 2990661, 3005719, 3020853, 3036064, 3051351, 3066715, 3082156, 3097675, 3113272, 3128948, 3144703, 3160537, 3176451, 3192445, 3208520, 3224675, 3240912, 3257231, 3273632, 3290115, 3306681, 3323331, 3340065, 3356883, 3373785, 3390773, 3407846, 3425005, 3442250, 3459582, 3477002, 3494509, 3512104, 3529788, 3547561, 3565424, 3583377, 3601420, 3619554, 3637779, 3656096, 3674505, 3693007, 3711602, 3730291, 3749074, 3767951, 3786923, 3805991, 3825155, 3844415, 3863772, 3883227, 3902780, 3922431, 3942181, 3962031, 3981980, 4002030, 4022181, 4042433, 4062787, 4083244, 4103804, 4124467, 4145234, 4166106, 4187083, 4208166, 4229355, 4250651, 4272054, 4293565, 4315184, 4336912, 4358749, 4380696, 4402754, 4424923, 4447203, 4469595, 4492100, 4514718, 4537450, 4560297, 4583259, 4606336, 4629530, 4652840, 4676268, 4699814, 4723478, 4747262, 4771165, 4795189, 4819334, 4843600, 4867988, 4892499, 4917134, 4941893, 4966776, 4991785, 5016919, 5042180, 5067568, 5093084, 5118729, 5144503, 5170406, 5196440, 5222605, 5248902, 5275331, 5301893, 5328589, 5355419, 5382384, 5409485, 5436723, 5464098, 5491611, 5519262, 5547052, 5574982, 5603053, 5631265, 5659619, 5688116, 5716757, 5745542, 5774472, 5803547, 5832769, 5862138, 5891655, 5921320, 5951135, 5981100, 6011216, 6041483, 6071903, 6102476, 6133203, 6164085, 6195122, 6226315, 6257666, 6289174, 6320841, 6352668, 6384655, 6416803, 6449113, 6481585, 6514221, 6547021, 6579986, 6613117, 6646415, 6679881, 6713515, 6747319, 6781293, 6815438, 6849755, 6884245, 6918908, 6953746, 6988759, 7023949, 7059316, 7094861, 7130585, 7166489, 7202573, 7238839, 7275288, 7311920, 7348737, 7385739, 7422927, 7460303, 7497867, 7535620, 7573563, 7611697, 7650023, 7688542, 7727255, 7766163, 7805267, 7844568, 7884067, 7923765, 7963663, 8003761, 8044061, 8084564, 8125271, 8166183, 8207301, 8248626, 8290159, 8331901, 8373854, 8416018, 8458394, 8500983, 8543787, 8586806, 8630042, 8673496, 8717169, 8761061, 8805174, 8849510, 8894069, 8938852, 