{
  "input": [555, 654, 941, 1434, 2118, 2927, 5578, 6166, 8234, 9927, 12038, 16787, 19881, 23892, 27635, 30794, 34391, 37120, 40150, 42762, 44802, 45221, 60368, 66885, 69030, 71224, 73258, 75136, 75639, 76197, 76819, 78572, 78958, 79561, 80406, 81388, 82746, 84112, 86011, 88369, 90306, 92840, 95120, 97886, 101801, 105847, 109821, 113590, 118620, 125875, 128352, 145205, 156101, 167454, 181574, 197102, 214821, 242500, 272035, 304396, 336953, 378235],
  "lastDate": "20_03_24",
  "lastDateRate": 0.1921692944358326,
  "lastDateRateList": [424836, 477113, 535609, 600361, 673046, 754686, 846372, 949300, 1064671, 1194010, 1339037, 1501684, 1684110, 1888707, 2118159, 2375481, 2664059, 2987693, 3350644, 3757689, 4214184, 4726134, 5300277, 5944168, 6666280, 7476117, 8384335, 9402885, 10545172, 11826226, 13262906, 14874118, 16681064, 18707522, 20980160, 23528883, 26387232, 29592820, 33187831, 37219574, 41741103, 46811919, 52498750, 58876432, 66028891, 74050249, 83046062, 93134710, 104448952, 117137677, 131367861, 147326764, 165224396, 185296277, 207806542, 233051411, 261363091, 293114147, 328722402, 368656439, 413441764, 463667725, 519995264, 583165616, 654010064, 733460876, 822563576, 922490699, 1034557224, 1160237877, 1301186536, 1459257998, 1636532385, 1835342517, 2058304611, 2308352710, 2588777290, 2903268564, 3255965041, 3651507986, 4095102498, 4592586003, 5150505075, 5776201580, 6477909293, 7264862251, 8147416263],
  "maxRate": 4.053516819571866,
  "maxRateList": [1361213, 2463911, 3697785, 5063630, 6596812, 12114512, 22102017, 37091051, 57616560, 84356848, 133463226, 223054124, 373403323, 606953018, 948894920, 1489890351, 2394043994, 3907640644, 6367934911, 10214296429],
  "minRate": 0.005137350936967632,
  "minRateList": [379481, 380879, 382443, 384174, 386117, 388067, 390024, 391989, 393963, 395947, 397941, 399945, 401959, 403983, 406017, 408061, 410116, 412181, 414256, 416342, 418438, 420545, 422663, 424791, 426930, 429080, 431240, 433411, 435593, 437786, 439990, 442205, 444432, 446670, 448919, 451179, 453451, 455734, 458029, 460335, 462653, 464983, 467324, 469677, 472042, 474419, 476808, 479209, 481622, 484047, 486484, 488934, 491396, 493870, 496357, 498856, 501368, 503892, 506429, 508979, 511542, 514118, 516707, 519309, 521924, 524552, 527193, 529848, 532516, 535197, 537892, 540600, 543322, 546058, 548807, 551570, 554347, 557138, 559943, 562762, 565596, 568444, 571306, 574183, 577074, 579980, 582900, 585835, 588785, 591750, 594730, 597725, 600735, 603760, 606800, 609855, 612926, 616012, 619114, 622231, 625364, 628513, 631678, 634859, 638056, 641269, 644498, 647743, 651004, 654282, 657576, 660887, 664215, 667559, 670920, 674298, 677693, 681105, 684534, 687981, 691445, 694927, 698426, 701943, 705477, 709029, 712599, 716187, 719793, 723417, 727060, 730721, 734400, 738098, 741814, 745549, 749303, 753076, 756868, 760679, 764509, 768358, 772227, 776115, 780023, 783951, 787898, 791865, 795852, 799859, 803886, 807934, 812002, 816091, 820200, 824330, 828481, 832653, 836846, 841060, 845295, 849551, 853829, 858128, 862449, 866792, 871156, 875542, 879951, 884382, 888835, 893310, 897808, 902329, 906872, 911438, 916027, 920639, 925275, 929934, 934616, 939322, 944052, 948805, 953582, 958383, 963209, 968059, 972933, 977832, 982756, 987704, 992677, 997675, 1002698, 1007747, 1012821, 1017921, 1023046, 1028197, 1033374, 1038577, 1043806, 1049062, 1054344, 1059653, 1064989, 1070351, 1075740, 1081157, 1086601, 1092072, 1097571, 1103097, 1108651, 1114233, 1119843, 1125482, 1131149, 1136845, 1142569, 1148322, 1154104, 1159915, 1165755, 1171625, 1177524, 1183453, 1189412, 1195401, 1201420, 1207469, 1213549, 1219659, 1225800, 1231972, 1238175, 1244409, 1250675, 1256972, 1263301, 1269662, 1276055, 1282480, 1288938, 1295428, 1301951, 1308507, 1315096, 1321718, 1328373, 1335062, 1341784, 1348540, 1355330, 1362154, 1369013, 1375906, 1382834, 1389797, 1396795, 1403828, 1410897, 1418001, 1425141, 1432317, 1439529, 1446777, 1454062, 1461383, 1468741, 1476136, 1483569, 1491039, 1498547, 1506092, 1513675, 1521297, 1528957, 1536656, 1544393, 1552169, 1559984, 1567839, 1575733, 1583667, 1591641, 1599655, 1607710, 1615805, 1623941, 1632118, 1640336, 1648595, 1656896, 1665239, 1673624, 1682051, 1690520, 1699032, 1707587, 1716185, 1724826, 1733511, 1742240, 1751012, 1759829, 1768690, 1777596, 1786546, 1795542, 1804583, 1813669, 1822801, 1831979, 1841203, 1850474, 1859791, 1869155, 1878567, 1888026, 1897533, 1907087, 1916690, 1926341, 1936040, 1945788, 1955585, 1965432, 1975328, 1985274, 1995270, 2005317, 2015414, 2025562, 2035761, 2046011, 2056313, 2066667, 2077073, 2087531, 2098042, 2108606, 2119223, 2129894, 2140618, 2151396, 2162229, 2173116, 2184058, 2195055, 2206107, 2217215, 2228379, 2239599, 2250876, 2262210, 2273601, 2285049, 2296555, 2308119, 2319741, 2331421, 2343160, 2354958, 2366816, 2378733, 2390710, 2402748, 2414846, 2427005, 2439225, 2451507, 2463851, 2476257, 2488725, 2501256, 2513850, 2526508, 2539229, 2552014, 2564864, 2577779, 2590759, 2603804, 2616915, 2630092, 2643335, 2656645, 2670022, 2683466, 2696978, 2710558, 2724206, 2737923, 2751709, 2765564, 2779489, 2793484, 2807550, 2821686, 2835894, 2850173, 2864524, 2878947, 2893443, 2908012, 2922654, 2937370, 2952160, 2967025, 2981964, 2996979, 3012069, 3027235, 3042478, 3057797, 3073194, 3088668, 3104220, 3119850, 3135559, 3151347, 3167215, 3183162, 3199190, 3215298, 3231488, 3247759, 3264112, 3280547, 3297065, 3313666, 3330351, 3347120, 3363973, 3380911, 3397934, 3415043, 3432238, 3449520, 3466889, 3484345, 3501889, 3519522, 3537243, 3555054, 3572954, 3590944, 3609025, 3627197, 3645461, 3663817, 3682265, 3700806, 3719440, 3738168, 3756990, 3775907, 3794919, 3814027, 3833231, 3852532, 3871930, 3891426, 3911020, 3930713, 3950505, 3970396, 3990388, 4010480, 4030673, 4050968, 4071365, 4091865, 4112468, 4133175, 4153986, 4174902, 4195923, 4217050, 4238284, 4259624, 4281072, 4302628, 4324292, 4346066, 4367949, 4389942, 4412046, 4434261, 4456588, 4479028, 4501581, 4524247, 4547027, 4569922, 4592932, 4616058, 4639301, 4662661, 4686138, 4709734, 4733448, 4757282, 4781236, 4805310, 4829506, 4853823, 4878263, 4902826, 4927513, 4952324, 4977260, 5002321, 5027509, 5052823, 5078265, 5103835, 5129534, 5155362, 5181320, 5207409, 5233629, 5259981, 5286466, 5313084, 5339836, 5366723, 5393745, 5420903, 5448198, 5475631, 5503202, 5530912, 5558761, 5586750, 5614880, 5643152, 5671566, 5700123, 5728824, 5757670, 5786661, 5815798, 5845082, 5874513, 5904092, 5933820, 5963698, 5993726, 6023905, 6054236, 6084720, 6115358, 6146150, 6177097, 6208200, 6239459, 6270876, 6302451, 6334185, 6366079, 6398133, 6430349, 6462727, 6495268, 6527973, 6560842, 6593877, 6627078, 6660446, 6693982, 6727687, 6761562, 6795608, 6829825, 6864214, 6898776, 6933513, 6968424, 7003511, 7038775, 7074216, 7109836, 7145635, 7181614, 7217775, 7254118, 7290644, 7327354, 7364248, 7401328, 7438595, 7476050, 7513693, 7551526, 7589549, 7627764, 7666171, 7704771, 7743566, 7782556, 7821743, 7861127, 7900709, 7940490, 7980472, 8020655, 8061040, 8101629, 8142422, 8183420, 8224625, 8266037, 8307658, 8349488, 8391529, 8433782, 8476248, 8518927, 8561821, 8604931, 8648258, 8691803, 8735568, 8779553, 8823760, 8868189, 8912842, 8957720, 9002824, 9048155, 9093714, 9139502, 9185521, 9231772, 9278256, 9324974, 9371927, 9419116, 9466543, 9514209, 9562115, 9610262, 9658651, 9707284, 9756162, 9805286, 9854657, 9904277, 9954147, 10004268, 10054641, 10105268, 10156150, 10207288, 10258683, 10310337, 10362251, 10414427, 10466865, 10519567, 10572535, 10625770, 10679273, 10733045, 10787088, 10841403, 10895991, 10950854, 11005993, 11061410, 11117106, 11173083, 11229341, 11285883, 11342709, 11399821, 11457221, 11514910, 11572890, 11631161, 11689726, 11748586, 11807742, 11867196, 11926949, 11987003, 12047360, 12108021, 12168987, 12230260, 12291841, 12353733, 12415936, 12478452, 12541283, 12604431, 12667896, 12731681, 12795787, 12860216, 12924969, 12990048, 13055455, 13121191, 13187258, 13253658, 