{
  "input": [555, 654, 941, 1434, 2118, 2927, 5578, 6166, 8234, 9927, 12038, 16787],
  "lastDate": "20_02_03",
  "lastDateRate": 0.8513804230907135,
  "lastDateRateList": [22037, 29047, 37499, 47748, 62040, 80802, 105532, 137458, 178110, 230930, 299723, 389571, 506600, 658239, 854848, 1110026, 1441699, 1873008, 2433420, 3161221, 4106275, 5333709, 6928351, 9000117, 11691519, 15187521, 19728536, 25627198, 33289721, 43243651, 56174009, 72970498, 94788993, 123131210, 159948008, 207773460, 269899113, 350600606, 455432108, 591608711, 768502967, 998289788, 1296784280, 1684530261, 2188214336, 2842502717, 3692427099, 4796483848, 6230659934, 8093662781],
  "maxRate": 4.053516819571866,
  "maxRateList": [41781, 75158, 115397, 164193, 232239, 401599, 706253, 1174017, 1839576, 2780961, 4408849, 7271657, 12030555, 19487307, 30759979, 48631323, 78107107, 126873164, 205865291, 330551383, 527679269, 844287741, 1358570245, 2193048665, 3532944256, 5671901048, 9094235607],
  "minRate": 0.6248671625929861,
  "minRateList": [20640, 25785, 31988, 39510, 50000, 62897, 79009, 98997, 123686, 154929, 194231, 243601, 305461, 382748, 479558, 600927, 753145, 944018, 1183185, 1482845, 1858345, 2328961, 2918847, 3658180, 4584761, 5745980, 7201271, 9025163, 11311040, 14175907, 17766381, 22266219, 27905747, 34973644, 43831703, 54933331, 68846760, 86284145, 108138027, 135527019, 169853054, 212873134, 266789263, 334361165, 419047549, 525183145, 658200576, 824908426, 1033839738, 1295688791, 1623858493, 2035146419, 2550604607, 3196617111, 4006250489, 5020946338, 6292642506, 7886431570],
  "province": "Global",
  "r0": [1.4576576576576576, 4.053516819571866, 0.6248671625929861, 1.4421199442119945, 0.7993389990557129, 0.7212162623846943, 0.8513804230907135]
}