{
  "input": [555, 654, 941, 1434, 2118, 2927, 5578, 6166, 8234, 9927, 12038, 16787, 19881, 23892, 27635, 30794, 34391],
  "lastDate": "20_02_08",
  "lastDateRate": 0.2142729493060106,
  "lastDateRateList": [38651, 43770, 49691, 56289, 63658, 71940, 81319, 91966, 104027, 117667, 133082, 150506, 170212, 192502, 217715, 246231, 278480, 314952, 356200, 402850, 455611, 515282, 582768, 659092, 745412, 843037, 953448, 1078319, 1219545, 1379267, 1559907, 1764205, 1995260, 2256576, 2552116, 2886362, 3264383, 3691913, 4175436, 4722285, 5340754, 6040223, 6831300, 7725983, 8737841, 9882220, 11176476, 12640239, 14295708, 16167991, 18285483, 20680299, 23388760, 26451944, 29916307, 33834391, 38265620, 43277199, 48945135, 55355390, 62605185, 70804472, 80077605, 90565223, 102426386, 115840984, 131012467, 148170932, 167576609, 189523813, 214345402, 242417830, 274166853, 310073987, 350683813, 396612234, 448555817, 507302357, 573742825, 648884880, 733868153, 829981531, 938682703, 1061620270, 1200658747, 1357906841, 1535749432, 1736883743, 1964360249, 2221628940, 2512591644, 2841661204, 3213828406, 3634737670, 4110772655, 4649153077, 5258044204, 5946680695, 6725506656, 7606334037, 8602521779],
  "maxRate": 4.053516819571866,
  "maxRateList": [114979, 211826, 323845, 448669, 588073, 1054142, 1912782, 3225493, 5044180, 7427944, 11700926, 19454420, 32529010, 52975678, 83084974, 130514874, 209373693, 341230582, 555968384, 892754724, 1421798961, 2270498747, 3653682650, 5907309846, 9526106135],
  "minRate": 0.2142729493060106,
  "minRateList": [38651, 43770, 49691, 56289, 63658, 71940, 81319, 91966, 104027, 117667, 133082, 150506, 170212, 192502, 217715, 246231, 278480, 314952, 356200, 402850, 455611, 515282, 582768, 659092, 745412, 843037, 953448, 1078319, 1219545, 1379267, 1559907, 1764205, 1995260, 2256576, 2552116, 2886362, 3264383, 3691913, 4175436, 4722285, 5340754, 6040223, 6831300, 7725983, 8737841, 9882220, 11176476, 12640239, 14295708, 16167991, 18285483, 20680299, 23388760, 26451944, 29916307, 33834391, 38265620, 43277199, 48945135, 55355390, 62605185, 70804472, 80077605, 90565223, 102426386, 115840984, 131012467, 148170932, 167576609, 189523813, 214345402, 242417830, 274166853, 310073987, 350683813, 396612234, 448555817, 507302357, 573742825, 648884880, 733868153, 829981531, 938682703, 1061620270, 1200658747, 1357906841, 1535749432, 1736883743, 1964360249, 2221628940, 2512591644, 2841661204, 3213828406, 3634737670, 4110772655, 4649153077, 5258044204, 5946680695, 6725506656, 7606334037, 8602521779],
  "province": "Global",
  "r0": [1.4576576576576576, 4.053516819571866, 0.6248671625929861, 1.4421199442119945, 0.7993389990557129, 0.7212162623846943, 0.8513804230907135, 0.501783976646124, 0.48712654845761477, 0.3770524831268258, 0.26241900647948163, 0.2142729493060106]
}