{
  "input": [555, 654, 941, 1434, 2118, 2927, 5578, 6166, 8234, 9927, 12038, 16787, 19881, 23892, 27635, 30794, 34391, 37120],
  "lastDate": "20_02_09",
  "lastDateRate": 0.13726673708565967,
  "lastDateRateList": [40400, 44193, 48420, 53141, 58236, 63782, 69848, 76494, 83788, 91782, 100537, 110125, 120625, 132126, 144725, 158525, 173641, 190199, 208336, 228202, 249962, 273797, 299905, 328503, 359828, 394139, 431722, 472889, 517982, 567374, 621476, 680737, 745649, 816751, 894633, 979941, 1073384, 1175737, 1287850, 1410653, 1545166, 1692506, 1853896, 2030675, 2224311, 2436411, 2668736, 2923214, 3201958, 3507282, 3841720, 4208049, 4609309, 5048831, 5530264, 6057604, 6635229, 7267934, 7960971, 8720092, 9551600, 10462396, 11460042, 12552819, 13749798, 15060915, 16497054, 18070137, 19793222, 21680612, 23747975, 26012472, 28492901, 31209852, 34185879, 37445686, 41016333, 44927461, 49211536, 53904120, 59044167, 64674345, 70841391, 77596498, 84995741, 93100541, 101978177, 111702344, 122353762, 134020850, 146800457, 160798669, 176131685, 192926787, 211323392, 231474212, 253546521, 277723543, 304205974, 333213646, 364987356, 399790860, 437913065, 479670426, 525409576, 575510199, 630388186, 690499084, 756341878, 828463136, 907461543, 993992872, 1088775428, 1192596010, 1306316441, 1430880726, 1567322884, 1716775534, 1880479297, 2059793092, 2256205420, 2471346718, 2707002894, 2965130151, 3247871228, 3557573184, 3896806884, 4268388339, 4675402080, 5121226766, 5609563229, 6144465195, 6730372935, 7372150123, 8075124211],
  "maxRate": 4.053516819571866,
  "maxRateList": [133967, 245986, 370810, 510214, 660681, 1203718, 2200826, 3703911, 5772072, 8450154, 13329445, 22250530, 37264396, 60661587, 94914428, 148945558, 239138456, 390190312, 636083075, 1020820305, 1624573630, 2593925384, 4175568377, 6753941820, 10891854096],
  "minRate": 0.13726673708565967,
  "minRateList": [40400, 44193, 48420, 53141, 58236, 63782, 69848, 76494, 83788, 91782, 100537, 110125, 120625, 132126, 144725, 158525, 173641, 190199, 208336, 228202, 249962, 273797, 299905, 328503, 359828, 394139, 431722, 472889, 517982, 567374, 621476, 680737, 745649, 816751, 894633, 979941, 1073384, 1175737, 1287850, 1410653, 1545166, 1692506, 1853896, 2030675, 2224311, 2436411, 2668736, 2923214, 3201958, 3507282, 3841720, 4208049, 4609309, 5048831, 5530264, 6057604, 6635229, 7267934, 7960971, 8720092, 9551600, 10462396, 11460042, 12552819, 13749798, 15060915, 16497054, 18070137, 19793222, 21680612, 23747975, 26012472, 28492901, 31209852, 34185879, 37445686, 41016333, 44927461, 49211536, 53904120, 59044167, 64674345, 70841391, 77596498, 84995741, 93100541, 101978177, 111702344, 122353762, 134020850, 146800457, 160798669, 176131685, 192926787, 211323392, 231474212, 253546521, 277723543, 304205974, 333213646, 364987356, 399790860, 437913065, 479670426, 525409576, 575510199, 630388186, 690499084, 756341878, 828463136, 907461543, 993992872, 1088775428, 1192596010, 1306316441, 1430880726, 1567322884, 1716775534, 1880479297, 2059793092, 2256205420, 2471346718, 2707002894, 2965130151, 3247871228, 3557573184, 3896806884, 4268388339, 4675402080, 5121226766, 5609563229, 6144465195, 6730372935, 7372150123, 8075124211],
  "province": "Global",
  "r0": [1.4576576576576576, 4.053516819571866, 0.6248671625929861, 1.4421199442119945, 0.7993389990557129, 0.7212162623846943, 0.8513804230907135, 0.501783976646124, 0.48712654845761477, 0.3770524831268258, 0.26241900647948163, 0.2142729493060106, 0.13726673708565967]
}