{
  "input": [555, 654, 941, 1434, 2118, 2927, 5578, 6166, 8234, 9927, 12038, 16787, 19881, 23892, 27635, 30794, 34391, 37120, 40150, 42762, 44802, 45221, 60368, 66885, 69030, 71224, 73258, 75136, 75639, 76197, 76819, 78572, 78958, 79561, 80406, 81388, 82746, 84112, 86011, 88369, 90306, 92840, 95120, 97886, 101801, 105847, 109821, 113590, 118620, 125875, 128352, 145205],
  "lastDate": "20_03_14",
  "lastDateRate": 0.15345881024576355,
  "lastDateRateList": [162636, 180839, 200156, 219853, 242136, 267094, 294845, 325561, 359299, 396457, 437445, 482692, 532652, 587790, 648630, 715760, 789833, 871573, 961775, 1061313, 1171153, 1292360, 1426111, 1573704, 1736572, 1916296, 2114620, 2333469, 2574968, 2841460, 3135533, 3460040, 3818131, 4213283, 4649330, 5130505, 5661479, 6247405, 6893970, 7607451, 8394772, 9263576, 10222295, 11280235, 12447665, 13735917, 15157494, 16726195, 18457246, 20367450, 22475347, 24801398, 27368180, 30200607, 33326172, 36775212, 40581205, 44781093, 49415642, 54529837, 60173317, 66400860, 73272913, 80856179, 89224263, 98458389, 108648186, 119892560, 132300653, 145992902, 161102209, 177775230, 196173800, 216476501, 238880398, 263602951, 290884126, 320988724, 354208950, 390867252, 431319447, 475958179, 525216727, 579573211, 639555234, 705745003, 778784979, 859384113, 948324728, 1046470113, 1154772901, 1274284317, 1406164381, 1551693165, 1712283223, 1889493298, 2085043453, 2300831766, 2538952753, 2801717699, 3091677092, 3411645380, 3764728285, 4154352954, 4584301219, 5058746307, 5582293348, 6160024072, 6797546134, 7501047545, 8277356735],
  "maxRate": 4.053516819571866,
  "maxRateList": [605644, 1086472, 1596708, 2116985, 2705576, 5160564, 9564597, 16036880, 24618114, 35585212, 56503645, 95273900, 160279663, 260069602, 404314857, 633353332, 1019547688, 1669243998, 2723440504, 4362337577, 6929645961, 11062399663],
  "minRate": 0.005137350936967632,
  "minRateList": [145789, 146398, 147045, 147704, 148450, 149199, 149951, 150706, 151465, 152228, 152994, 153764, 154538, 155316, 156098, 156884, 157674, 158468, 159266, 160068, 160874, 161684, 162498, 163316, 164138, 164964, 165795, 166630, 167469, 168312, 169159, 170011, 170867, 171727, 172592, 173461, 174334, 175212, 176094, 176981, 177872, 178768, 179668, 180573, 181482, 182396, 183314, 184237, 185165, 186097, 187034, 187976, 188922, 189873, 190829, 191790, 192756, 193727, 194702, 195682, 196667, 197657, 198652, 199652, 200657, 201667, 202682, 203703, 204729, 205760, 206796, 207837, 208883, 209935, 210992, 212054, 213122, 214195, 215274, 216358, 217447, 218542, 219642, 220748, 221860, 222977, 224100, 225228, 226362, 227502, 228648, 229799, 230956, 232119, 233288, 234463, 235644, 236831, 238023, 239221, 240426, 241637, 242854, 244077, 245306, 246541, 247782, 249030, 250284, 251544, 252811, 254084, 255363, 256649, 257941, 259240, 260545, 261857, 263175, 264500, 265832, 267171, 268516, 269868, 271227, 272593, 273966, 275345, 276731, 278124, 279524, 280931, 282346, 283768, 285197, 286633, 288076, 289527, 290985, 292450, 293923, 295403, 296890, 298385, 299887, 301397, 302915, 304440, 305973, 307514, 309062, 310618, 312182, 313754, 315334, 316922, 318518, 320122, 321734, 323354, 324982, 326618, 328263, 329916, 331577, 333247, 334925, 336611, 338306, 340009, 341721, 343442, 345171, 346909, 348656, 350412, 352176, 353949, 355731, 357522, 359322, 361131, 362949, 364777, 366614, 368460, 370315, 372180, 374054, 375937, 377830, 379732, 381644, 383566, 385497, 387438, 389389, 391350, 393321, 395301, 397291, 399291, 401302, 403323, 405354, 407395, 409446, 411508, 413580, 415662, 417755, 419858, 421972, 424097, 426232, 428378, 430535, 432703, 434882, 437072, 439273, 441485, 443708, 445942, 448187, 450444, 452712, 454991, 457282, 459584, 461898, 464224, 466561, 468910, 471271, 473644, 476029, 478426, 480835, 483256, 485689, 488135, 490593, 493063, 495546, 498041, 500549, 503069, 505602, 508148, 510707, 513278, 515862, 518459, 521070, 523694, 526331, 528981, 531645, 534322, 537012, 539716, 542434, 545165, 547910, 550669, 553442, 556229, 559030, 561845, 564674, 567517, 570375, 573247, 576133, 579034, 581950, 584880, 587825, 590785, 593760, 596750, 599755, 602775, 605810, 608860, 611926, 615007, 618104, 621216, 624344, 627488, 630648, 633823, 637014, 640221, 643445, 646685, 649941, 653214, 656503, 659809, 663131, 666470, 669826, 673199, 676589, 679996, 683420, 686861, 690319, 693795, 697288, 700799, 704328, 707874, 711438, 715020, 718620, 722238, 725875, 729530, 733203, 736895, 740605, 744334, 748082, 751849, 755635, 759440, 763264, 767107, 770970, 774852, 778754, 782675, 786616, 790577, 794558, 798559, 802580, 806621, 810682, 814764, 818866, 822989, 827133, 831298, 835484, 839691, 843919, 848168, 852439, 856731, 861045, 865381, 869738, 874117, 878518, 882941, 887387, 891855, 896346, 900859, 905395, 909954, 914536, 919141, 923769, 928420, 933095, 937793, 942515, 947261, 952031, 956825, 961643, 966485, 971351, 976242, 981158, 986098, 991063, 996053, 1001068, 1006109, 1011175, 1016266, 1021383, 1026526, 1031695, 1036890, 1042111, 1047358, 1052632, 1057932, 1063259, 1068613, 1073994, 1079402, 1084837, 1090299, 1095789, 1101306, 1106851, 1112424, 1118025, 1123654, 1129312, 1134998, 1140713, 1146457, 1152230, 1158032, 1163863, 1169723, 1175613, 1181532, 1187481, 1193460, 1199469, 1205509, 1211579, 1217680, 1223811, 1229973, 1236166, 1242390, 1248646, 1254933, 1261252, 1267603, 1273986, 1280401, 1286848, 1293327, 1299839, 1306384, 1312962, 1319573, 1326217, 1332895, 1339606, 1346351, 1353130, 1359943, 1366791, 1373673, 1380590, 1387542, 1394529, 1401551, 1408608, 1415701, 1422829, 1429993, 1437193, 1444430, 1451703, 1459013, 1466359, 1473742, 1481163, 1488621, 1496116, 1503649, 1511220, 1518829, 1526477, 1534163, 1541888, 1549652, 1557455, 1565297, 1573179, 1581100, 1589061, 1597062, 1605103, 1613185, 1621308, 1629472, 1637677, 1645923, 1654210, 1662539, 1670910, 1679323, 1687779, 1696277, 1704818, 1713402, 1722029, 1730700, 1739414, 1748172, 1756974, 1765821, 1774712, 1783648, 1792629, 1801655, 1810727, 1819844, 1829007, 1838216, 1847472, 1856774, 1866123, 1875519, 1884963, 1894454, 1903993, 1913580, 1923215, 1932899, 1942631, 1952412, 1962243, 1972123, 1982053, 1992033, 2002063, 2012144, 2022275, 2032458, 2042692, 2052977, 2063314, 2073703, 2084144, 2094638, 2105185, 2115785, 2126438, 2137145, 2147906, 2158721, 2169591, 2180515, 2191494, 2202529, 2213619, 2224765, 2235967, 2247225, 2258540, 2269912, 2281341, 2292828, 2304373, 2315976, 2327637, 2339357, 2351136, 2362974, 2374872, 2386830, 2398848, 2410927, 2423066, 2435267, 2447529, 2459853, 2472239, 2484687, 2497198, 2509772, 2522409, 2535110, 2547875, 2560704, 2573598, 2586557, 2599581, 2612670, 2625825, 2639046, 2652334, 2665689, 2679111, 2692601, 2706159, 2719785, 2733480, 2747244, 2761077, 2774979, 2788951, 2802994, 2817108, 2831293, 2845549, 2859877, 2874277, 2888749, 2903294, 2917913, 2932605, 2947371, 2962212, 2977127, 2992117, 3007183, 3022325, 3037543, 3052838, 3068210, 3083659, 3099186, 3114791, 3130475, 3146237, 3162079, 3178001, 3194003, 3210085, 3226248, 3242493, 3258820, 3275229, 3291720, 3308294, 3324952, 3341694, 3358520, 3375431, 3392427, 3409508, 3426675, 3443929, 3461270, 3478698, 3496214, 3513818, 3531511, 3549293, 3567164, 3585125, 3603177, 3621320, 3639554, 3657880, 3676298, 3694809, 3713413, 3732111, 3750903, 3769789, 3788771, 3807848, 3827021, 3846291, 3865658, 3885122, 3904684, 3924345, 3944105, 3963964, 3983923, 4003983, 4024144, 4044406, 4064770, 4085237, 4105807, 4126480, 4147258, 4168140, 4189127, 4210220, 4231419, 4252725, 4274138, 4295659, 4317288, 4339026, 4360874, 4382832, 4404900, 4427079, 4449370, 4471773, 4494289, 4516919, 4539662, 4562520, 4585493, 4608582, 4631787, 4655109, 4678548, 4702105, 4725781, 4749576, 4773491, 4797526, 4821682, 4845960, 4870360, 4894883, 4919530, 4944301, 4969196, 4994217, 5019364, 5044637, 5070038, 5095567, 5121224, 5147010, 5172926, 5198973, 5225151, 5251461, 5277903, 5304478, 5331187, 5358030, 