{
  "input": [555, 654, 941, 1434, 2118, 2927, 5578, 6166, 8234, 9927, 12038, 16787, 19881, 23892, 27635, 30794, 34391, 37120, 40150, 42762, 44802, 45221, 60368, 66885],
  "lastDate": "20_02_15",
  "lastDateRate": 0.16231631382316314,
  "lastDateRateList": [73826, 81098, 88438, 98237, 109094, 121077, 134241, 148596, 164541, 182249, 201902, 223692, 247812, 274520, 304102, 336874, 373183, 413407, 457966, 507327, 562007, 622581, 689684, 764019, 846366, 937589, 1038644, 1150591, 1274604, 1411983, 1564169, 1732758, 1919518, 2126407, 2355595, 2609485, 2890740, 3202309, 3547460, 3929811, 4353373, 4822587, 5342374, 5918185, 6556057, 7262680, 8045465, 8912619, 9873237, 10937392, 12116243, 13422153, 14868816, 16471403, 18246720, 20213384, 22392018, 24805469, 27479046, 30440786, 33721748, 37356338, 41382670, 45842967, 50784003, 56257593, 62321136, 69038218, 76479279, 84722351, 93853876, 103969613, 115175642, 127589477, 141341297, 156575312, 173451276, 192146162, 212856016, 235798014, 261212741, 289366713, 320555170, 355105174, 393379038, 435778127, 482747065, 534778399, 592417762, 656269597, 727003496, 805361220, 892164478, 988323545, 1094846807, 1212851335, 1343574600, 1488387449, 1648808484, 1826519982, 2023385540, 2241469616, 2483059180, 2750687695, 3047161686, 3375590168, 3739417254, 4142458267, 4588939754, 5083543806, 5631457159, 6238425584, 6910814140, 7655673925, 8480816017],
  "maxRate": 4.053516819571866,
  "maxRateList": [240221, 421827, 605131, 849834, 1120953, 2094693, 3804576, 6257485, 9702301, 14246103, 22736976, 38158889, 63523710, 102852150, 160598968, 252763683, 407441381, 664935808, 1081848728, 1732839346, 2757421186, 4408991677, 7104320159, 11489612174],
  "minRate": 0.012183420080835103,
  "minRateList": [67406, 67952, 68503, 69238, 70053, 70874, 71702, 72537, 73381, 74234, 75097, 75971, 76855, 77749, 78653, 79568, 80494, 81430, 82377, 83335, 84304, 85285, 86277, 87281, 88296, 89323, 90362, 91413, 92476, 93552, 94640, 95741, 96855, 97982, 99122, 100275, 101441, 102621, 103815, 105023, 106245, 107481, 108731, 109996, 111276, 112570, 113879, 115204, 116544, 117900, 119271, 120658, 122062, 123482, 124918, 126371, 127841, 129328, 130832, 132354, 133894, 135452, 137028, 138622, 140235, 141866, 143516, 145185, 146874, 148583, 150311, 152060, 153829, 155618, 157428, 159259, 161112, 162986, 164882, 166800, 168740, 170703, 172689, 174698, 176730, 178786, 180866, 182970, 185098, 187251, 189429, 191633, 193862, 196117, 198398, 200706, 203041, 205403, 207792, 210209, 212654, 215128, 217631, 220163, 222724, 225315, 227936, 230587, 233269, 235983, 238728, 241505, 244314, 247156, 250031, 252940, 255882, 258859, 261870, 264916, 267998, 271116, 274270, 277460, 280688, 283953, 287256, 290598, 293978, 297398, 300858, 304358, 307898, 311480, 315103, 318768, 322476, 326227, 330022, 333861, 337745, 341674, 345649, 349670, 353738, 357853, 362016, 366227, 370487, 374797, 379157, 383568, 388030, 392544, 397110, 401729, 406402, 411130, 415913, 420751, 425645, 430596, 435605, 440672, 445798, 450984, 456230, 461537, 466906, 472337, 477832, 483390, 489013, 494702, 500457, 506279, 512168, 518126, 524153, 530250, 536418, 542658, 548971, 555357, 561817, 568352, 574963, 581651, 588417, 595262, 602186, 609191, 616277, 623446, 630698, 638035, 645457, 652965, 660561, 668245, 676018, 683882, 691837, 699885, 708027, 716263, 724595, 733024, 741551, 750177, 758904, 767732, 776663, 785698, 794838, 804084, 813438, 822900, 832472, 842156, 851952, 861862, 871888, 882030, 892290, 902670, 913170, 923793, 934539, 945410, 956408, 967534, 978789, 990175, 1001693, 1013345, 1025133, 1037058, 1049122, 1061326, 1073672, 1086162, 1098797, 1111579, 1124510, 1137591, 1150824, 1164211, 1177754, 1191454, 1205314, 1219335, 1233519, 1247868, 1262384, 1277069, 1291925, 1306953, 1322156, 1337536, 1353095, 1368835, 1384758, 1400866, 1417162, 1433647, 1450324, 1467195, 1484262, 1501528, 1518995, 1536665, 1554540, 1572623, 1590917, 1609424, 1628146, 1647086, 1666246, 1685629, 1705237, 1725073, 1745140, 1765441, 1785978, 1806754, 1827771, 1849033, 1870542, 1892301, 1914313, 1936582, 1959110, 1981900, 2004955, 2028278, 2051872, 2075741, 2099887, 2124314, 2149025, 2174024, 2199314, 2224898, 2250779, 2276961, 2303448, 2330243, 2357350, 2384772, 2412513, 2440577, 2468967, 2497688, 2526743, 2556136, 2585871, 2615951, 2646381, 2677165, 2708307, 2739812, 2771683, 2803925, 2836542, 2869538, 2902918, 2936687, 2970848, 3005407, 3040368, 3075735, 3111514, 3147709, 3184325, 3221367, 3258840, 3296749, 3335099, 3373895, 3413142, 3452846, 3493012, 3533645, 3574751, 3616335, 3658402, 3700959, 3744011, 3787564, 3831623, 3876195, 3921285, 3966900, 4013045, 4059727, 4106952, 4154727, 4203057, 4251950, 4301411, 4351448, 4402067, 4453275, 4505078, 4557484, 4610500, 4664132, 4718388, 4773275, 4828801, 4884973, 4941798, 4999284, 5057439, 5116270, 5175786, 5235994, 5296902, 5358519, 5420853, 5483912, 5547704, 5612238, 5677523, 5743568, 5810381, 5877971, 5946347, 6015519, 6085495, 6156285, 6227899, 6300346, 6373636, 6447778, 6522783, 6598660, 6675420, 6753073, 6831629, 6911099, 6991493, 7072822, 7155098, 7238331, 7322532, 7407712, 7493883, 7581057, 7669245, 7758458, 7848709, 7940010, 8032373, 8125811, 8220336, 8315960, 8412696, 8510558, 8609558, 8709710, 8811027, 8913522, 9017210, 9122104, 9228218, 9335566, 9444163, 9554023, 9665161, 9777592, 9891331, 10006393, 10122794, 10240549, 10359674, 10480184, 10602096, 10725426, 10850191, 10976407, 11104091, 11233261, 11363933, 11496125, 11629855, 11765141, 11902001, 12040453, 12180515, 12322206, 12465546, 12610553, 12757247, 12905647, 13055774, 13207647, 13361287, 13516714, 13673949, 13833013, 13993927, 14156713, 14321393, 14487988, 14656521, 14827015, 14999492, 15173976, 15350489, 15529056, 15709700, 15892445, 16077316, 16264337, 16453534, 16644932, 16838556, 17034433, 17232588, 17433048, 17635840, 17840991, 18048529, 18258481, 18470875, 18685740, 18903104, 19122997, 19345448, 19570486, 19798142, 20028446, 20261430, 20497124, 20735559, 20976768, 21220783, 21467637, 21717362, 21969992, 22225561, 22484103, 22745652, 23010244, 23277914, 23548697, 23822630, 24099750, 24380093, 24663698, 24950602, 25240843, 25534460, 25831493, 26131981, 26435965, 26743485, 27054582, 27369298, 27687675, 28009755, 28335582, 28665199, 28998651, 29335982, 29677237, 30022461, 30371701, 30725004, 31082417, 31443987, 31809763, 32179794, 32554130, 32932820, 33315915, 33703467, 34095527, 34492148, 34893382, 35299284, 35709907, 36125307, 36545539, 36970660, 37400726, 37835795, 38275925, 38721175, 39171604, 39627273, 40088242, 40554574, 41026330, 41503574, 41986370, 42474782, 42968875, 43468716, 43974371, 44485909, 45003397, 45526905, 46056503, 46592261, 47134252, 47682547, 48237220, 48798346, 49365999, 49940255, 50521192, 51108886, 51703417, 52304864, 52913307, 53528828, 54151509, 54781433, 55418685, 56063350, 56715514, 57375265, 58042690, 58717879, 59400922, 60091911, 60790938, 61498096, 62213481, 62937187, 63669312, 64409954, 65159211, 65917184, 66683974, 67459684, 68244418, 69038280, 69841377, 70653816, 71475706, 72307156, 73148278, 73999185, 74859990, 75730809, 76611757, 77502953, 78404516, 79316567, 80239227, 81172620, 82116871, 83072106, 84038453, 85016041, 86005001, 87005465, 88017567, 89041443, 90077229, 91125064, 92185088, 93257443, 94342272, 95439721, 96549936, 97673066, 98809261, 99958673, 101121455, 102297763, 103487755, 104691590, 105909429, 107141434, 108387771, 109648606, 110924108, 112214447, 113519796, 114840330, 116176225, 117527660, 118894816, 120277875, 121677023, 123092447, 124524336, 125972881, 127438277, 128920719, 130420406, 131937538, 133472319, 135024953, 136595648, 138184615, 139792065, 141418214, 143063280, 144727482, 146411043, 148114188, 149837146, 151580146, 153343422, 155127209, 156931746, 158757275, 160604040, 162472287, 164362267, 166274232, 168208439, 170165145, 172144613, 174147108, 176172897, 178222251, 180295444, 182392754, 184514461, 186660849, 188832206, 191028821, 193250989, 