{
  "input": [555, 654, 941, 1434, 2118, 2927, 5578, 6166],
  "lastDate": "20_01_30",
  "lastDateRate": 0.6248671625929861,
  "lastDateRateList": [7062, 8385, 10214, 13700, 17553, 21966, 27206, 33588, 42149, 53117, 66843, 83843, 104831, 131169, 164360, 206128, 258519, 324024, 405987, 508690, 637493, 799033, 1001505, 1255193, 1573057, 1971405, 2470694, 3096502, 3880831, 4863783, 6095649, 7639505, 9574407, 11999411, 15038629, 18847600, 23621276, 29604009, 37102047, 46499192, 58276438, 73036598, 91535171, 114719022, 143774840, 180189872, 225828044, 283025367, 354709517, 444549693, 557144427, 698256956, 875110214, 1096756543, 1374541048, 1722682305, 2159000148, 2705827784, 3391154933, 4250060498, 5326508102, 6675596399, 8366379329],
  "maxRate": 4.053516819571866,
  "maxRateList": [11979, 20564, 32429, 55040, 80034, 128591, 211948, 343399, 566505, 890924, 1412170, 2271305, 3663279, 5959617, 9570992, 15295247, 24502020, 39351183, 63508591, 102304768, 164304309, 263623659, 423134341, 680567483, 1095261581, 1761271861, 2829874797, 4545056965, 7303748704, 11743409944],
  "minRate": 0.6248671625929861,
  "minRateList": [7062, 8385, 10214, 13700, 17553, 21966, 27206, 33588, 42149, 53117, 66843, 83843, 104831, 131169, 164360, 206128, 258519, 324024, 405987, 508690, 637493, 799033, 1001505, 1255193, 1573057, 1971405, 2470694, 3096502, 3880831, 4863783, 6095649, 7639505, 9574407, 11999411, 15038629, 18847600, 23621276, 29604009, 37102047, 46499192, 58276438, 73036598, 91535171, 114719022, 143774840, 180189872, 225828044, 283025367, 354709517, 444549693, 557144427, 698256956, 875110214, 1096756543, 1374541048, 1722682305, 2159000148, 2705827784, 3391154933, 4250060498, 5326508102, 6675596399, 8366379329],
  "province": "Global",
  "r0": [1.4576576576576576, 4.053516819571866, 0.6248671625929861]
}