{
  "input": [3, 6, 6, 7, 7, 11],
  "lastDate": "20_03_20",
  "lastDateRate": 1.3333333333333333,
  "lastDateRateList": [19, 27, 36, 45, 60, 85, 121, 169, 229, 309, 422, 583, 808, 1113, 1525, 2088, 2865, 3942, 5426, 7459, 10243, 14063, 19319, 26554, 36499, 50156, 68907, 94666, 130071, 178736, 245611, 337487, 463708, 637136, 875451, 1202932, 1652915, 2271192, 3120707, 4287975, 5891884, 8095771, 11124027, 15284970, 21002270, 28858115, 39652476, 54484512, 74864472, 102867499, 141344986, 194214954, 266860970, 366680266, 503836931, 692296912, 951250184, 1307064811, 1795971832, 2467754407, 3390816956, 4659150535, 6401903616, 8796532725],
  "maxRate": 1.3333333333333333,
  "maxRateList": [19, 27, 36, 45, 60, 85, 121, 169, 229, 309, 422, 583, 808, 1113, 1525, 2088, 2865, 3942, 5426, 7459, 10243, 14063, 19319, 26554, 36499, 50156, 68907, 94666, 130071, 178736, 245611, 337487, 463708, 637136, 875451, 1202932, 1652915, 2271192, 3120707, 4287975, 5891884, 8095771, 11124027, 15284970, 21002270, 28858115, 39652476, 54484512, 74864472, 102867499, 141344986, 194214954, 266860970, 366680266, 503836931, 692296912, 951250184, 1307064811, 1795971832, 2467754407, 3390816956, 4659150535, 6401903616, 8796532725],
  "minRate": 1.3333333333333333,
  "minRateList": [19, 27, 36, 45, 60, 85, 121, 169, 229, 309, 422, 583, 808, 1113, 1525, 2088, 2865, 3942, 5426, 7459, 10243, 14063, 19319, 26554, 36499, 50156, 68907, 94666, 130071, 178736, 245611, 337487, 463708, 637136, 875451, 1202932, 1652915, 2271192, 3120707, 4287975, 5891884, 8095771, 11124027, 15284970, 21002270, 28858115, 39652476, 54484512, 74864472, 102867499, 141344986, 194214954, 266860970, 366680266, 503836931, 692296912, 951250184, 1307064811, 1795971832, 2467754407, 3390816956, 4659150535, 6401903616, 8796532725],
  "province": "Ghana",
  "r0": [1.3333333333333333]
}