{
  "input": [3, 6, 6, 7, 7, 11, 16, 19, 23, 27],
  "lastDate": "20_03_24",
  "lastDateRate": 0.5714285714285714,
  "lastDateRateList": [33, 42, 53, 66, 81, 100, 124, 154, 192, 238, 295, 366, 454, 564, 700, 869, 1078, 1337, 1659, 2059, 2556, 3172, 3936, 4884, 6061, 7522, 9335, 11584, 14375, 17838, 22136, 27470, 34089, 42303, 52496, 65145, 80842, 100321, 124494, 154492, 191718, 237913, 295239, 366378, 454659, 564212, 700162, 868870, 1078229, 1338034, 1660441, 2060534, 2557031, 3173162, 3937753, 4886576, 6064024, 7525185, 9338420, 11588565, 14380894, 17846051, 22146157, 27482397, 34104434, 42322088, 52519831, 65174778, 80879005, 100367253, 124551303, 154562635, 191805365, 238021939, 295374655, 366546828, 454868334, 564471400, 700483937, 869269454, 1078724784, 1338649546, 1661204632, 2061481167, 2558206569, 3174620731, 3939563329, 4888823119, 6066812357, 7528644682, 9342713671],
  "maxRate": 1.3333333333333333,
  "maxRateList": [42, 63, 88, 119, 155, 211, 295, 412, 571, 778, 1059, 1452, 2001, 2762, 3799, 5211, 7147, 9815, 13498, 18563, 25511, 35040, 48127, 66124, 90875, 124890, 171610, 235779, 323944, 445111, 611631, 840444, 1154816, 1586741, 2180222, 2995730, 4116322, 5656077, 7771732, 10678695, 14673002, 20161431, 27702867, 38065176, 52303436, 71867439, 98749347, 135686503, 186440071, 256177986, 352001238, 483667034, 664582371, 913169132, 1254739780, 1724074764, 2368964143, 3255073971, 4472632814, 6145619187, 8444385539],
  "minRate": 0.5,
  "minRateList": [33, 41, 51, 63, 77, 94, 115, 141, 173, 212, 259, 317, 388, 475, 581, 711, 870, 1064, 1302, 1593, 1949, 2384, 2916, 3567, 4364, 5339, 6531, 7989, 9773, 11955, 14625, 17891, 21886, 26773, 32751, 40064, 49010, 59953, 73340, 89716, 109748, 134253, 164230, 200900, 245758, 300632, 367759, 449874, 550324, 673203, 823519, 1007399, 1232336, 1507498, 1844100, 2255860, 2759560, 3375728, 4129477, 5051527, 6179457, 7559237, 9247101, 11311840, 13837604, 16927333, 20706952, 25330503, 30986423, 37905225, 46368892, 56722368, 69387620, 84880832, 103833445, 127017891, 155379075, 190072885, 232513301, 284430024, 347938970, 425628508, 520664951, 636921602, 779136614, 953106099, 1165920353, 1426252829, 1744713630, 2134281937, 2610834987, 3193795164, 3906921579, 4779278394, 5846419363, 7151836857, 8748734439],
  "province": "Ghana",
  "r0": [1.3333333333333333, 0.8333333333333334, 0.5, 0.5714285714285714, 0.5714285714285714]
}