{
  "input": [3, 6, 6, 7, 7, 11, 16, 19, 23, 27, 53],
  "lastDate": "20_03_25",
  "lastDateRate": 2.3636363636363638,
  "lastDateRateList": [91, 136, 190, 254, 379, 594, 915, 1364, 1964, 2860, 4264, 6427, 9651, 14293, 21053, 31132, 46323, 69134, 102917, 152679, 226264, 335755, 499163, 742421, 1103299, 1638105, 2431708, 3611548, 5366361, 7974159, 11846044, 17593717, 26130103, 38814229, 57662241, 85661981, 127247130, 189009192, 280751915, 417044485, 619518258, 920284202, 1367033201, 2030628636, 3016370146, 4480686029, 6655903234, 9887072618],
  "maxRate": 2.3636363636363638,
  "maxRateList": [91, 136, 190, 254, 379, 594, 915, 1364, 1964, 2860, 4264, 6427, 9651, 14293, 21053, 31132, 46323, 69134, 102917, 152679, 226264, 335755, 499163, 742421, 1103299, 1638105, 2431708, 3611548, 5366361, 7974159, 11846044, 17593717, 26130103, 38814229, 57662241, 85661981, 127247130, 189009192, 280751915, 417044485, 619518258, 920284202, 1367033201, 2030628636, 3016370146, 4480686029, 6655903234, 9887072618],
  "minRate": 0.5,
  "minRateList": [61, 71, 83, 97, 124, 155, 191, 233, 282, 344, 422, 518, 635, 776, 948, 1159, 1418, 1736, 2124, 2598, 3178, 3887, 4755, 5817, 7116, 8705, 10649, 13027, 15936, 19494, 23847, 29172, 35686, 43654, 53401, 65325, 79911, 97754, 119581, 146282, 178945, 218901, 267778, 327569, 400710, 490183, 599634, 733523, 897308, 1097663, 1342755, 1642572, 2009334, 2457988, 3006820, 3678198, 4499484, 5504151, 6733145, 8236555, 10075654, 12325396, 15077472, 18444045, 22562323, 27600150, 33762848, 41301584, 50523607, 61804769, 75604844, 92486268, 113137060, 138398864, 169301249, 207103671, 253346805, 309915335, 379114767, 463765392, 567317228, 693990631, 848948299, 1038505683, 1270388379, 1554046993, 1901042309, 2325516459, 2844769301, 3479963491, 4256986988, 5207508143, 6370266373, 7792651024, 9532632770],
  "province": "Ghana",
  "r0": [1.3333333333333333, 0.8333333333333334, 0.5, 0.5714285714285714, 0.5714285714285714, 2.3636363636363638]
}