{
  "input": [3, 6, 6, 7, 7, 11, 16, 19],
  "lastDate": "20_03_22",
  "lastDateRate": 0.5,
  "lastDateRateList": [23, 27, 33, 41, 51, 63, 77, 94, 115, 141, 173, 212, 259, 317, 388, 475, 581, 711, 870, 1064, 1302, 1593, 1949, 2384, 2916, 3567, 4364, 5339, 6531, 7989, 9773, 11955, 14625, 17891, 21886, 26773, 32751, 40064, 49010, 59953, 73340, 89716, 109748, 134253, 164230, 200900, 245758, 300632, 367759, 449874, 550324, 673203, 823519, 1007399, 1232336, 1507498, 1844100, 2255860, 2759560, 3375728, 4129477, 5051527, 6179457, 7559237, 9247101, 11311840, 13837604, 16927333, 20706952, 25330503, 30986423, 37905225, 46368892, 56722368, 69387620, 84880832, 103833445, 127017891, 155379075, 190072885, 232513301, 284430024, 347938970, 425628508, 520664951, 636921602, 779136614, 953106099, 1165920353, 1426252829, 1744713630, 2134281937, 2610834987, 3193795164, 3906921579, 4779278394, 5846419363, 7151836857, 8748734439],
  "maxRate": 1.3333333333333333,
  "maxRateList": [28, 37, 52, 73, 98, 135, 184, 253, 350, 481, 661, 906, 1243, 1710, 2351, 3232, 4440, 6097, 8377, 11512, 15821, 21741, 29870, 41039, 56388, 77483, 106471, 146298, 201017, 276201, 379512, 521473, 716537, 984560, 1352828, 1858844, 2554141, 3509524, 4822271, 6626042, 9104501, 12510022, 17189387, 23619082, 32453805, 44593140, 61273169, 84192352, 115684461, 158956201, 218413721, 300111280, 412367749, 566613697, 778555298, 1069773593, 1469921966, 2019745631, 2775230560, 3813304291, 5239669082, 7199565037, 9892559212],
  "minRate": 0.5,
  "minRateList": [23, 27, 33, 41, 51, 63, 77, 94, 115, 141, 173, 212, 259, 317, 388, 475, 581, 711, 870, 1064, 1302, 1593, 1949, 2384, 2916, 3567, 4364, 5339, 6531, 7989, 9773, 11955, 14625, 17891, 21886, 26773, 32751, 40064, 49010, 59953, 73340, 89716, 109748, 134253, 164230, 200900, 245758, 300632, 367759, 449874, 550324, 673203, 823519, 1007399, 1232336, 1507498, 1844100, 2255860, 2759560, 3375728, 4129477, 5051527, 6179457, 7559237, 9247101, 11311840, 13837604, 16927333, 20706952, 25330503, 30986423, 37905225, 46368892, 56722368, 69387620, 84880832, 103833445, 127017891, 155379075, 190072885, 232513301, 284430024, 347938970, 425628508, 520664951, 636921602, 779136614, 953106099, 1165920353, 1426252829, 1744713630, 2134281937, 2610834987, 3193795164, 3906921579, 4779278394, 5846419363, 7151836857, 8748734439],
  "province": "Ghana",
  "r0": [1.3333333333333333, 0.8333333333333334, 0.5]
}