{
  "input": [3, 6, 6, 7, 7, 11, 16],
  "lastDate": "20_03_21",
  "lastDateRate": 0.8333333333333334,
  "lastDateRateList": [21, 27, 33, 42, 55, 73, 96, 124, 159, 205, 266, 346, 449, 582, 753, 975, 1263, 1637, 2122, 2750, 3563, 4616, 5980, 7748, 10040, 13009, 16856, 21839, 28296, 36663, 47504, 61551, 79750, 103330, 133883, 173470, 224763, 291221, 377329, 488898, 633456, 820759, 1063443, 1377884, 1785299, 2313179, 2997145, 3883348, 5031585, 6519334, 8446983, 10944604, 14180727, 18373715, 23806493, 30845646, 39966149, 51783422, 67094851, 86933595, 112638300, 145943424, 189096276, 245008652, 317453315, 411318565, 532938085, 690518315, 894692192, 1159236621, 1502002092, 1946117163, 2521549092, 3267125919, 4233156437, 5484824847, 7106589150, 9207880060],
  "maxRate": 1.3333333333333333,
  "maxRateList": [24, 33, 42, 57, 78, 110, 154, 210, 286, 390, 537, 742, 1022, 1403, 1923, 2639, 3628, 4991, 6862, 9426, 12945, 17782, 24437, 33586, 46154, 63414, 87123, 119706, 164487, 226026, 310578, 426742, 586350, 805666, 1107034, 1521138, 2090127, 2871927, 3946148, 5422193, 7450377, 10237213, 14066449, 19327980, 26557571, 36491407, 50141024, 68896289, 94666929, 130077024, 178732233, 245586932, 337448651, 463671223, 637107255, 875416899, 1202866142, 1652797677, 2271025974, 3120502314, 4287724846, 5891546369, 8095276605],
  "minRate": 0.8333333333333334,
  "minRateList": [21, 27, 33, 42, 55, 73, 96, 124, 159, 205, 266, 346, 449, 582, 753, 975, 1263, 1637, 2122, 2750, 3563, 4616, 5980, 7748, 10040, 13009, 16856, 21839, 28296, 36663, 47504, 61551, 79750, 103330, 133883, 173470, 224763, 291221, 377329, 488898, 633456, 820759, 1063443, 1377884, 1785299, 2313179, 2997145, 3883348, 5031585, 6519334, 8446983, 10944604, 14180727, 18373715, 23806493, 30845646, 39966149, 51783422, 67094851, 86933595, 112638300, 145943424, 189096276, 245008652, 317453315, 411318565, 532938085, 690518315, 894692192, 1159236621, 1502002092, 1946117163, 2521549092, 3267125919, 4233156437, 5484824847, 7106589150, 9207880060],
  "province": "Ghana",
  "r0": [1.3333333333333333, 0.8333333333333334]
}