{
  "input": [4, 7, 16, 16, 19, 26, 30],
  "lastDate": "20_03_12",
  "lastDateRate": 0.5714285714285714,
  "lastDateRateList": [39, 48, 59, 74, 91, 113, 140, 174, 216, 268, 333, 413, 512, 635, 788, 978, 1214, 1507, 1870, 2320, 2879, 3573, 4434, 5503, 6829, 8474, 10516, 13050, 16195, 20097, 24939, 30948, 38405, 47659, 59143, 73394, 91079, 113025, 140259, 174055, 215994, 268039, 332625, 412773, 512233, 635658, 788823, 978894, 1214764, 1507469, 1870702, 2321458, 2880826, 3574977, 4436388, 5505361, 6831908, 8478094, 10520938, 13056017, 16201938, 20105885, 24950510, 30962475, 38423056, 47681306, 59170383, 73427817, 91120660, 113076692, 140323153, 174134800, 216093553, 268162502, 332777755, 412962414, 512468014, 635950044, 789185759, 979344476, 1215322998, 1508161863, 1871561888, 2322525179, 2882150594, 3576620879, 4438427658, 5507891594, 6835048839, 8481992036],
  "maxRate": 1.75,
  "maxRateList": [58, 86, 119, 165, 218, 320, 471, 679, 968, 1350, 1910, 2734, 3922, 5616, 7979, 11322, 16107, 22971, 32799, 46762, 66576, 94763, 134962, 192360, 274194, 390702, 556537, 792721, 1129351, 1609191, 2292920, 3266860, 4654122, 6630486, 9446570, 13459180, 19176185, 27320899, 38924250, 55455748, 79009313, 112567637, 160379210, 228496648, 325544207, 463810505, 660803870, 941467488, 1341336622, 1911038984, 2722707368, 3879114141, 5526682245, 7874021334],
  "minRate": 0.5714285714285714,
  "minRateList": [39, 48, 59, 74, 91, 113, 140, 174, 216, 268, 333, 413, 512, 635, 788, 978, 1214, 1507, 1870, 2320, 2879, 3573, 4434, 5503, 6829, 8474, 10516, 13050, 16195, 20097, 24939, 30948, 38405, 47659, 59143, 73394, 91079, 113025, 140259, 174055, 215994, 268039, 332625, 412773, 512233, 635658, 788823, 978894, 1214764, 1507469, 1870702, 2321458, 2880826, 3574977, 4436388, 5505361, 6831908, 8478094, 10520938, 13056017, 16201938, 20105885, 24950510, 30962475, 38423056, 47681306, 59170383, 73427817, 91120660, 113076692, 140323153, 174134800, 216093553, 268162502, 332777755, 412962414, 512468014, 635950044, 789185759, 979344476, 1215322998, 1508161863, 1871561888, 2322525179, 2882150594, 3576620879, 4438427658, 5507891594, 6835048839, 8481992036],
  "province": "West Bank and Gaza",
  "r0": [1.75, 0.5714285714285714]
}