{
  "input": [1, 1, 3, 6, 11, 26, 34, 43, 50],
  "lastDate": "20_03_08",
  "lastDateRate": 1.1666666666666667,
  "lastDateRateList": [63, 93, 133, 183, 241, 315, 424, 579, 793, 1074, 1442, 1937, 2613, 3538, 4791, 6473, 8733, 11782, 15910, 21500, 29052, 39241, 52987, 71549, 96632, 130526, 176307, 238125, 321599, 434336, 586616, 792308, 1070121, 1445320, 1952045, 2636430, 3560789, 4809264, 6495471, 8772857, 11848692, 16002946, 21613754, 29191804, 39426804, 53250278, 71920382, 97136428, 131193533, 177191471, 239316795, 323223907, 436549740, 589608862, 796332245, 1075535173, 1452629731, 1961937761, 2649814767, 3578869053, 4833660088, 6528394774, 8817322162],
  "maxRate": 15.0,
  "maxRateList": [215, 605, 1115, 1760, 2510, 5735, 14810, 31535, 57935, 95585, 181610, 403760, 876785, 1745810, 3179585, 5903735, 11960135, 25111910, 51299060, 98992835, 187548860, 366950885, 743629535, 1513115435, 2998007960, 5811240860, 11315504135],
  "minRate": 1.1666666666666667,
  "minRateList": [63, 93, 133, 183, 241, 315, 424, 579, 793, 1074, 1442, 1937, 2613, 3538, 4791, 6473, 8733, 11782, 15910, 21500, 29052, 39241, 52987, 71549, 96632, 130526, 176307, 238125, 321599, 434336, 586616, 792308, 1070121, 1445320, 1952045, 2636430, 3560789, 4809264, 6495471, 8772857, 11848692, 16002946, 21613754, 29191804, 39426804, 53250278, 71920382, 97136428, 131193533, 177191471, 239316795, 323223907, 436549740, 589608862, 796332245, 1075535173, 1452629731, 1961937761, 2649814767, 3578869053, 4833660088, 6528394774, 8817322162],
  "province": "Iceland",
  "r0": [15.0, 8.0, 3.0, 1.1666666666666667]
}