{
  "input": [4, 4, 8, 29, 50, 79, 94, 110, 158],
  "lastDate": "20_03_23",
  "lastDateRate": 1.6551724137931034,
  "lastDateRateList": [241, 372, 528, 710, 972, 1371, 1987, 2861, 4036, 5645, 7914, 11203, 15938, 22618, 31961, 45060, 63603, 89983, 127420, 180321, 254903, 360177, 509114, 720016, 1018478, 1440386, 2036541, 2879212, 4070963, 5756720, 8140807, 11511633, 16277225, 23015371, 32543735, 46018174, 65071911, 92013525, 130107932, 183973424, 260141436, 367846668, 520144916, 735495976, 1040003712, 1470582641, 2079432298, 2940361814, 4157734464, 5879119918, 8313187738],
  "maxRate": 7.25,
  "maxRateList": [521, 1094, 1776, 2574, 3720, 7497, 15429, 28305, 46967, 73937, 128290, 240150, 445361, 785872, 1321915, 2252018, 3993106, 7221973, 12919545, 22503429, 38830560, 67780579, 120139883, 213806584, 376956444, 658478004, 1149887202, 2020901354, 3570999088, 6303933307, 11077898836],
  "minRate": 1.6551724137931034,
  "minRateList": [241, 372, 528, 710, 972, 1371, 1987, 2861, 4036, 5645, 7914, 11203, 15938, 22618, 31961, 45060, 63603, 89983, 127420, 180321, 254903, 360177, 509114, 720016, 1018478, 1440386, 2036541, 2879212, 4070963, 5756720, 8140807, 11511633, 16277225, 23015371, 32543735, 46018174, 65071911, 92013525, 130107932, 183973424, 260141436, 367846668, 520144916, 735495976, 1040003712, 1470582641, 2079432298, 2940361814, 4157734464, 5879119918, 8313187738],
  "province": "Uruguay",
  "r0": [7.25, 3.75, 2.0, 1.6551724137931034]
}