{
  "input": [555, 654, 941, 1434, 2118, 2927, 5578, 6166, 8234, 9927, 12038, 16787, 19881, 23892, 27635, 30794],
  "lastDate": "20_02_07",
  "lastDateRate": 1.558066123940854,
  "lastDateRateList": [42942, 50857, 61117, 70692, 78773, 130096, 156341, 180835, 201507, 332794, 399931, 462588, 515468, 851309, 1023050, 1183331, 1318601, 2177705, 2617030, 3027039, 3373069, 5570713, 6694536, 7743366, 8628534, 14250252, 17125066, 19808042, 22072361, 36453087, 43807051, 50670281, 56462559, 93249407, 112061333, 129617929, 144434959, 238538149, 286660300, 331571233, 369474176, 610196358, 733296003, 848181139, 945139373, 1560922632, 1875819664, 2169703439, 2417729012, 3992943307, 4798470737, 5550244866, 6184710682, 10214213008],
  "maxRate": 7.529051987767584,
  "maxRateList": [143177, 169566, 203776, 235700, 262644, 1446237, 1738016, 2010298, 2240104, 12335031, 14823629, 17145936, 19105963, 105206121, 126431502, 146238580, 162955752, 897308475, 1078340853, 1247276451, 1389858081, 7653190632, 9197225196],
  "minRate": 1.558066123940854,
  "minRateList": [42942, 50857, 61117, 70692, 78773, 130096, 156341, 180835, 201507, 332794, 399931, 462588, 515468, 851309, 1023050, 1183331, 1318601, 2177705, 2617030, 3027039, 3373069, 5570713, 6694536, 7743366, 8628534, 14250252, 17125066, 19808042, 22072361, 36453087, 43807051, 50670281, 56462559, 93249407, 112061333, 129617929, 144434959, 238538149, 286660300, 331571233, 369474176, 610196358, 733296003, 848181139, 945139373, 1560922632, 1875819664, 2169703439, 2417729012, 3992943307, 4798470737, 5550244866, 6184710682, 10214213008],
  "province": "Global",
  "r0": [4.273873873873874, 7.529051987767584, 5.552603613177471, 4.741980474198048, 3.686968838526912, 3.1127434233003073, 2.0095016134815347, 2.2242945183263054, 1.901627398591207, 1.783821899869044, 1.558066123940854]
}