{
  "input": [555, 654, 941, 1434, 2118, 2927, 5578, 6166, 8234, 9927, 12038, 16787, 19881, 23892, 27635, 30794, 34391, 37120, 40150, 42762, 44802, 45221, 60368, 66885, 69030, 71224, 73258, 75136, 75639, 76197, 76819, 78572, 78958, 79561, 80406, 81388, 82746, 84112, 86011, 88369, 90306, 92840, 95120, 97886, 101801, 105847, 109821, 113590, 118620, 125875, 128352, 145205, 156101],
  "lastDate": "20_03_15",
  "lastDateRate": 0.3742494937934677,
  "lastDateRateList": [163013, 172984, 176388, 199548, 214522, 237723, 242401, 274229, 294807, 326691, 333119, 376859, 405138, 448955, 457789, 517898, 556761, 616976, 629116, 711721, 765129, 847879, 864562, 978082, 1051478, 1165197, 1188124, 1344129, 1444993, 1601271, 1632779, 1847169, 1985781, 2200546, 2243846, 2538471, 2728959, 3024099, 3083604, 3488492, 3750271, 4155867, 4237641, 4794058, 5153808, 5711198, 5823576, 6588232, 7082618, 7848611, 8003046, 9053874, 9733284, 10785950, 10998182, 12442282, 13375961, 14822586, 15114246, 17098800, 18381908, 20369931, 20770745, 23498017, 25261328, 27993367, 28544186, 32292138, 34715367, 38469870, 39226833, 44377454, 47707576, 52867199, 53907455, 60985694, 65562112, 72652721, 74082293, 83809559, 90098699, 99842965, 101807554, 115175244, 123818091, 137209144, 139908980, 158279521, 170156949, 188559597, 192269845, 217515552, 233838101, 259127931, 264226737, 298920637, 321351892, 356106428, 363113460, 410791534, 441617675, 489379078, 499008489, 564530058, 606892866, 672528950, 685762163, 775805146, 834022214, 924222569, 942408305, 1066149829, 1146154605, 1270112398, 1295104136, 1465155863, 1575102386, 1745451320, 1779796203, 2013489703, 2164583657, 2398685593, 2445884031, 2767037205, 2974677995, 3296392462, 3361254891, 3802599478, 4087949729, 4530065672, 4619202832, 5225720408, 5617862846, 6225440457, 6347937154, 7181443625, 7720345172, 8555308397],
  "maxRate": 7.529051987767584,
  "maxRateList": [1011716, 1073594, 1094721, 1238461, 1331394, 9156739, 9336932, 10562898, 11355529, 78098303, 79635178, 90091506, 96851897, 666104486, 679212573, 768395138, 826054865, 5681239790, 5793039346, 6553682079, 7045464888, 48455589524],
  "minRate": 0.0508677597955707,
  "minRateList": [124654, 132278, 134881, 152591, 164042, 139007, 141742, 160353, 172386, 146078, 148952, 168510, 181155, 153509, 156529, 177082, 190370, 161318, 164491, 186090, 200054, 169524, 172858, 195556, 210230, 178147, 181651, 205503, 220924, 187209, 190891, 215956, 232162, 196732, 200601, 226941, 243972, 206739, 210805, 238485, 256382, 217255, 221528, 250616, 269424, 228306, 232797, 263364, 283129, 239919, 244639, 276761, 297531, 252123, 257083, 290839, 312666, 264948, 270160, 305633, 328571, 278425, 283902, 321180, 345285, 292588, 298343, 337518, 362849, 307471, 313519, 354687, 381306, 323111, 329467, 372729, 400702, 339547, 346226, 391689, 421085, 356819, 363838, 411613, 442505, 374970, 382346, 432551, 465014, 394044, 401795, 454554, 488668, 414088, 422233, 477676, 513525, 435152, 443711, 501974, 539647, 457287, 466282, 527508, 567098, 480548, 490001, 554341, 595945, 504992, 514926, 582539, 626259, 530680, 541119, 612171, 658115, 557675, 568645, 643311, 691592, 586043, 597571, 676035, 726772, 615854, 627968, 710423, 763741, 647181, 659911, 746561, 802591, 680102, 693479, 784537, 843417, 714697, 728755, 824445, 886320, 751052, 765825, 866383, 931405, 789256, 804781, 910454, 978783, 829404, 845718, 956767, 1028571, 871594, 888738, 1005436, 1080892, 915930, 933946, 1056580, 1135875, 962521, 981454, 1110326, 1193654, 1011482, 1031378, 1166806, 1254373, 1062934, 1083842, 1226159, 1318180, 1117003, 1138975, 1288531, 1385233, 1173822, 1196912, 1354076, 1455697, 1233532, 1257796, 1422955, 1529745, 1296279, 1321777, 1495338, 1607560, 1362218, 1389013, 1571402, 1689333, 1431511, 1459669, 1651336, 1775266, 1504329, 1533919, 1735336, 1865570, 1580851, 1611946, 1823609, 1960467, 1661265, 1693942, 1916372, 2060192, 1745770, 1780109, 2013854, 2164989, 1834573, 1870659, 2116294, 2275117, 1927894, 1965815, 2223945, 2390847, 2025962, 2065812, 2337072, 2512464, 2129018, 2170895, 2455954, 2640267, 2237316, 2281324, 2580883, 2774571, 2351123, 2397370, 2712167, 2915707, 2470719, 2519319, 2850129, 3064022, 2596399, 2647471, 2995109, 3219882, 2728472, 2782142, 3147463, 3383670, 2867263, 2923663, 3307567, 3555790, 3013114, 3072383, 3475816, 3736665, 3166384, 3228668, 3652623, 3926741, 3327451, 3392903, 3838424, 4126486, 3496711, 3565492, 4033676, 4336391, 3674581, 3746861, 4238860, 4556973, 3861499, 3937455, 4454481, 4788776, 4057925, 4137745, 4681070, 5032370, 4264343, 4348223, 4919186, 5288355, 4481261, 4569407, 5169414, 5557362, 4709213, 4801842, 5432371, 5840053, 4948760, 5046101, 5708704, 6137123, 5200492, 5302785, 5999093, 6449305, 5465029, 5572526, 6304253, 6777367, 5743023, 5855988, 6624936, 7122116, 6035158, 6153869, 6961932, 7484402, 6342153, 6466903, 7316070, 7865117, 6664764, 6795860, 7688222, 8265198, 7003786, 7141550, 8079305, 8685630, 7360053, 7504825, 8490281, 9127449, 7734442, 7886579, 8922163, 9591742, 8127876, 8287752, 9376013, 10079652, 8541323, 8709331, 9852950, 10592381, 8975801, 9152355, 10354147, 11131192, 9432380, 9617915, 10880839, 11697411, 9912184, 10107157, 11434323, 12292432, 10416395, 10621285, 12015961, 12917720, 10946254, 11161566, 12627186, 13574815, 11503065, 11729330, 13269503, 14265335, 12088200, 12325975, 13944493, 14990981, 12703100, 12952970, 14653818, 15753539, 13349278, 13611859, 15399225, 16554886, 14028326, 14304264, 16182549, 17396996, 14741916, 15031890, 17005719, 18281942, 15491804, 15796529, 17870762, 19211903, 16279837, 16600063, 18779808, 20189169, 17107956, 17444471, 19735095, 21216147, 17978199, 18331832, 20738975, 22295365, 18892710, 19264331, 21793920, 23429480, 19853740, 20244264, 22902528, 24621285, 20863655, 21274044, 24067528, 25873715, 21924942, 22356207, 25291789, 27189853, 23040215, 23493417, 26578326, 28572940, 24212219, 24688474, 27930306, 30026381, 25443840, 25944321, 29351058, 31553756, 26738111, 27264050, 30844081, 33158825, 28098219, 28650911, 32413050, 34845540, 29527512, 30108319, 34061829, 36618055, 31029510, 31639862, 35794478, 38480733, 32607912, 33249311, 37615263, 40438162, 34266603, 34940629, 39528667, 42495161, 36009668, 36717981, 41539402, 44656795, 37841399, 38585742, 43652418, 46928386, 39766306, 40548512, 45872919, 49315528, 41789129, 42611124, 48206372, 51824098, 43914848, 44778656, 50658522, 54460274, 46148698, 47056446, 53235408, 57230546, 48496179, 49450102, 55943374, 60141736, 50963071, 51965518, 58789088, 63201011, 53555448, 54608887, 61779557, 66415905, 56279694, 57386719, 64922145, 69794333, 59142516, 60305853, 68224589, 73344614, 62150963, 63373477, 71695021, 77075490, 65312443, 66597144, 75341986, 80996148, 68634741, 69984792, 79174464, 85116241, 72126037, 73544762, 83201892, 89445914, 75794927, 77285819, 87434186, 93995827, 79650445, 81217175, 91881767, 98777184, 83702085, 85348511, 96555587, 103801758, 87959823, 89689999, 101467153, 109081921, 92434142, 94252328, 106628560, 114630674, 97136060, 99046733, 112052516, 120461680, 102077154, 104085018, 117752376, 126589296, 107269590, 109379590, 123742176, 133028610, 112726154, 114943485, 130036663, 139795477, 118460281, 120790403, 136651337, 146906560, 124486090, 126934740, 143602484, 154379368, 130818419, 133391626, 150907221, 162232301, 137472859, 140176959, 158583533, 170484695, 144465795, 147307447, 166650322, 179156870, 151814446, 154800647, 175127451, 188270179, 159536907, 162675009, 184035792, 197847061, 167652192, 170949922, 193397280, 207911098, 176180283, 179645762, 203234966, 218487070, 185142179, 188783939, 213573073, 229601018, 194559947, 198386955, 224437057, 241280307, 204456776, 208478455, 235853667, 253553696, 214857034, 219083287, 247851015, 266451405, 225786330, 230227563, 260458641, 280005191, 237271575, 241938723, 273707589, 294248428, 249341048, 254245604, 287630481, 309216186, 262024469, 267178508, 302261599, 324945321, 275353067, 280769280, 317636969, 341474562, 289359661, 