{
  "input": [555, 654, 941, 1434, 2118, 2927, 5578, 6166, 8234, 9927, 12038, 16787, 19881, 23892, 27635, 30794, 34391, 37120, 40150, 42762, 44802],
  "lastDate": "20_02_12",
  "lastDateRate": 0.45489381048256156,
  "lastDateRateList": [50035, 54006, 58414, 62214, 65182, 78573, 84986, 90515, 94833, 114315, 123646, 131690, 137972, 166316, 179892, 191595, 200735, 241972, 261724, 278750, 292048, 352044, 380781, 405552, 424899, 512187, 553996, 590035, 618183, 745178, 806005, 858438, 899391, 1084155, 1172652, 1248936, 1308518, 1577330, 1706084, 1817069, 1903755, 2294848, 2482171, 2643642, 2769761, 3338760, 3611295, 3846218, 4029708, 4857541, 5254051, 5595839, 5862797, 7067206, 7644086, 8141352, 8529747, 10282034, 11121333, 11844803, 12409876, 14959268, 16180359, 17232931, 18055052, 21764146, 23540704, 25072085, 26268183, 31664521, 34249225, 36477221, 38217417, 46068516, 49828985, 53070483, 55602283, 67024799, 72495882, 77211917, 80895417, 97513965, 105473810, 112335140, 117694241, 141872464, 153453193, 163435700, 171232623, 206409370, 223258101, 237781588, 249125283, 300303715, 324816829, 345946961, 362450832, 436910016, 472573994, 503316092, 527327472, 635657678, 687544979, 732271467, 767205475, 924814421, 1000304934, 1065377225, 1116202497, 1345506777, 1455337457, 1550010730, 1623956104, 1957569482, 2117361458, 2255101017, 2362683684, 2848055723, 3080536080, 3280932512, 3437453868, 4143618643, 4481852876, 4773408404, 5001130356, 6028525117, 6520620009, 6944802342, 7276113600, 8770863879],
  "maxRate": 7.529051987767584,
  "maxRateList": [293323, 316598, 342441, 364719, 382119, 2700281, 2920697, 3110707, 3259113, 23030837, 24910777, 26531382, 27797144, 196431206, 212465312, 226287536, 237083286, 1675371968, 1812127692, 1930018159, 2022095672, 14289334614],
  "minRate": 0.45489381048256156,
  "minRateList": [50035, 54006, 58414, 62214, 65182, 78573, 84986, 90515, 94833, 114315, 123646, 131690, 137972, 166316, 179892, 191595, 200735, 241972, 261724, 278750, 292048, 352044, 380781, 405552, 424899, 512187, 553996, 590035, 618183, 745178, 806005, 858438, 899391, 1084155, 1172652, 1248936, 1308518, 1577330, 1706084, 1817069, 1903755, 2294848, 2482171, 2643642, 2769761, 3338760, 3611295, 3846218, 4029708, 4857541, 5254051, 5595839, 5862797, 7067206, 7644086, 8141352, 8529747, 10282034, 11121333, 11844803, 12409876, 14959268, 16180359, 17232931, 18055052, 21764146, 23540704, 25072085, 26268183, 31664521, 34249225, 36477221, 38217417, 46068516, 49828985, 53070483, 55602283, 67024799, 72495882, 77211917, 80895417, 97513965, 105473810, 112335140, 117694241, 141872464, 153453193, 163435700, 171232623, 206409370, 223258101, 237781588, 249125283, 300303715, 324816829, 345946961, 362450832, 436910016, 472573994, 503316092, 527327472, 635657678, 687544979, 732271467, 767205475, 924814421, 1000304934, 1065377225, 1116202497, 1345506777, 1455337457, 1550010730, 1623956104, 1957569482, 2117361458, 2255101017, 2362683684, 2848055723, 3080536080, 3280932512, 3437453868, 4143618643, 4481852876, 4773408404, 5001130356, 6028525117, 6520620009, 6944802342, 7276113600, 8770863879],
  "province": "Global",
  "r0": [4.273873873873874, 7.529051987767584, 5.552603613177471, 4.741980474198048, 3.686968838526912, 3.1127434233003073, 2.0095016134815347, 2.2242945183263054, 1.901627398591207, 1.783821899869044, 1.558066123940854, 1.048668612616906, 0.8671093003370052, 0.6804788213627992, 0.5473855617875882, 0.45489381048256156]
}