{
  "input": [555, 654, 941, 1434, 2118, 2927, 5578, 6166, 8234, 9927, 12038, 16787, 19881, 23892, 27635, 30794, 34391, 37120, 40150, 42762, 44802, 45221, 60368, 66885, 69030, 71224, 73258, 75136, 75639, 76197, 76819, 78572, 78958, 79561, 80406, 81388, 82746, 84112, 86011, 88369, 90306, 92840, 95120, 97886, 101801, 105847, 109821, 113590, 118620, 125875, 128352, 145205],
  "lastDate": "20_03_14",
  "lastDateRate": 0.3221970297119859,
  "lastDateRateList": [150188, 156839, 166432, 169707, 191990, 207372, 220056, 224386, 253849, 274187, 290957, 296683, 335638, 362529, 384702, 392273, 443780, 479335, 508652, 518662, 586765, 633775, 672538, 685773, 775819, 837975, 889228, 906727, 1025786, 1107968, 1175735, 1198872, 1356291, 1464952, 1554553, 1585145, 1793284, 1936955, 2055425, 2095874, 2371075, 2561036, 2717677, 2771158, 3135028, 3386194, 3593304, 3664017, 4145125, 4477216, 4751056, 4844552, 5480672, 5919762, 6281832, 6405452, 7246528, 7827092, 8305820, 8469270, 9581338, 10348958, 10981931, 11198044, 12668417, 13683362, 14520277, 14806021, 16750143, 18092101, 19198667, 19576477, 22146989, 23921322, 25384420, 25883960, 29282683, 31628701, 33563205, 34223695, 38717476, 41819375, 44377170, 45250468, 51192132, 55293453, 58675362, 59830034, 67686085, 73108839, 77580389, 79107093, 89494341, 96664290, 102576560, 104595163, 118329152, 127809237, 135626423, 138295414, 156454453, 168988994, 179324854, 182853786, 206863613, 223436746, 237102789, 241768733, 273514455, 295427402, 313496603, 319665901, 361640000, 390613233, 414504277, 422661305, 478159334, 516467656, 548056324, 558841522, 632220851, 682872001, 724638444, 738898600, 835920531, 902891331, 958114798, 976969534, 1105251643, 1193800236, 1266816540, 1291746216, 1461360439, 1578439126, 1674981066, 1707943010, 1932206432, 2087007524, 2214654990, 2258237175, 2554757605, 2759435149, 2928210250, 2985834485, 3377892917, 3648516958, 3871670895, 3947861487, 4466239982, 4824058285, 5119111757, 5219850732, 5905249238, 6378355536, 6768474360, 6901671133, 7807903002],
  "maxRate": 7.529051987767584,
  "maxRateList": [968815, 1011716, 1073594, 1094721, 1238461, 8628978, 9156739, 9336932, 10562898, 73597002, 78098303, 79635178, 90091506, 627712656, 666104486, 679212573, 768395138, 5353793876, 5681239790, 5793039346, 6553682079, 45662786300],
  "minRate": 0.0508677597955707,
  "minRateList": [119368, 124654, 132278, 134881, 152591, 130995, 139007, 141742, 160353, 137658, 146078, 148952, 168510, 144660, 153509, 156529, 177082, 152019, 161318, 164491, 186090, 159752, 169524, 172858, 195556, 167878, 178147, 181651, 205503, 176418, 187209, 190891, 215956, 185392, 196732, 200601, 226941, 194822, 206739, 210805, 238485, 204732, 217255, 221528, 250616, 215146, 228306, 232797, 263364, 226090, 239919, 244639, 276761, 237591, 252123, 257083, 290839, 249677, 264948, 270160, 305633, 262378, 278425, 283902, 321180, 275725, 292588, 298343, 337518, 289751, 307471, 313519, 354687, 304490, 323111, 329467, 372729, 319979, 339547, 346226, 391689, 336256, 356819, 363838, 411613, 353361, 374970, 382346, 432551, 371336, 394044, 401795, 454554, 390225, 414088, 422233, 477676, 410075, 435152, 443711, 501974, 430935, 457287, 466282, 527508, 452856, 480548, 490001, 554341, 475892, 504992, 514926, 582539, 500100, 530680, 541119, 612171, 525539, 557675, 568645, 643311, 552272, 586043, 597571, 676035, 580365, 615854, 627968, 710423, 609887, 647181, 659911, 746561, 640911, 680102, 693479, 784537, 673513, 714697, 728755, 824445, 707773, 751052, 765825, 866383, 743776, 789256, 804781, 910454, 781610, 829404, 845718, 956767, 821369, 871594, 888738, 1005436, 863150, 915930, 933946, 1056580, 907057, 962521, 981454, 1110326, 953197, 1011482, 1031378, 1166806, 1001684, 1062934, 1083842, 1226159, 1052637, 1117003, 1138975, 1288531, 1106182, 1173822, 1196912, 1354076, 1162451, 1233532, 1257796, 1422955, 1221582, 1296279, 1321777, 1495338, 1283721, 1362218, 1389013, 1571402, 1349021, 1431511, 1459669, 1651336, 1417643, 1504329, 1533919, 1735336, 1489755, 1580851, 1611946, 1823609, 1565535, 1661265, 1693942, 1916372, 1645170, 1745770, 1780109, 2013854, 1728856, 1834573, 1870659, 2116294, 1816799, 1927894, 1965815, 2223945, 1909215, 2025962, 2065812, 2337072, 2006332, 2129018, 2170895, 2455954, 2108390, 2237316, 2281324, 2580883, 2215639, 2351123, 2397370, 2712167, 2328344, 2470719, 2519319, 2850129, 2446782, 2596399, 2647471, 2995109, 2571244, 2728472, 2782142, 3147463, 2702037, 2867263, 2923663, 3307567, 2839484, 3013114, 3072383, 3475816, 2983922, 3166384, 3228668, 3652623, 3135707, 3327451, 3392903, 3838424, 3295213, 3496711, 3565492, 4033676, 3462833, 3674581, 3746861, 4238860, 3638980, 3861499, 3937455, 4454481, 3824087, 4057925, 4137745, 4681070, 4018610, 4264343, 4348223, 4919186, 4223028, 4481261, 4569407, 5169414, 4437844, 4709213, 4801842, 5432371, 4663587, 4948760, 5046101, 5708704, 4900813, 5200492, 5302785, 5999093, 5150106, 5465029, 5572526, 6304253, 5412080, 5743023, 5855988, 6624936, 5687380, 6035158, 6153869, 6961932, 5976684, 6342153, 6466903, 7316070, 6280705, 6664764, 6795860, 7688222, 6600190, 7003786, 7141550, 8079305, 6935927, 7360053, 7504825, 8490281, 7288742, 7734442, 7886579, 8922163, 7659504, 8127876, 8287752, 9376013, 8049126, 8541323, 8709331, 9852950, 8458567, 8975801, 9152355, 10354147, 8888835, 9432380, 9617915, 10880839, 9340990, 9912184, 10107157, 11434323, 9816145, 10416395, 10621285, 12015961, 10315470, 10946254, 11161566, 12627186, 10840195, 11503065, 11729330, 13269503, 11391611, 12088200, 12325975, 13944493, 11971077, 12703100, 12952970, 14653818, 12580019, 13349278, 13611859, 15399225, 13219936, 14028326, 14304264, 16182549, 13892405, 14741916, 15031890, 17005719, 14599081, 15491804, 15796529, 17870762, 15341704, 16279837, 16600063, 18779808, 16122102, 17107956, 17444471, 19735095, 16942197, 17978199, 18331832, 20738975, 17804009, 18892710, 19264331, 21793920, 18709659, 19853740, 20244264, 22902528, 19661377, 20863655, 21274044, 24067528, 20661507, 21924942, 22356207, 25291789, 21712512, 23040215, 23493417, 26578326, 22816979, 24212219, 24688474, 27930306, 23977628, 25443840, 25944321, 29351058, 25197316, 26738111, 27264050, 30844081, 26479047, 28098219, 28650911, 32413050, 27825977, 29527512, 30108319, 34061829, 29241422, 31029510, 31639862, 35794478, 30728868, 32607912, 33249311, 37615263, 32291977, 34266603, 34940629, 39528667, 33934598, 36009668, 36717981, 41539402, 35660775, 37841399, 38585742, 43652418, 37474759, 39766306, 40548512, 45872919, 39381016, 41789129, 42611124, 48206372, 41384240, 43914848, 44778656, 50658522, 43489364, 46148698, 47056446, 53235408, 45701571, 48496179, 49450102, 55943374, 48026308, 50963071, 51965518, 58789088, 50469299, 53555448, 54608887, 61779557, 53036559, 56279694, 57386719, 64922145, 55734410, 59142516, 60305853, 68224589, 58569495, 62150963, 63373477, 71695021, 61548794, 65312443, 66597144, 75341986, 64679643, 68634741, 69984792, 79174464, 67969752, 72126037, 73544762, 83201892, 71427221, 75794927, 77285819, 87434186, 75060564, 79650445, 81217175, 91881767, 78878727, 83702085, 85348511, 96555587, 82891111, 87959823, 89689999, 101467153, 87107596, 92434142, 94252328, 106628560, 91538564, 97136060, 99046733, 112052516, 96194926, 102077154, 104085018, 117752376, 101088146, 107269590, 109379590, 123742176, 106230274, 112726154, 114943485, 130036663, 111633970, 118460281, 120790403, 136651337, 117312540, 124486090, 126934740, 143602484, 123279966, 130818419, 133391626, 150907221, 129550942, 137472859, 140176959, 158583533, 136140908, 144465795, 147307447, 166650322, 143066091, 151814446, 154800647, 175127451, 150343543, 159536907, 162675009, 184035792, 157991182, 167652192, 170949922, 193397280, 166027839, 176180283, 179645762, 203234966, 174473303, 185142179, 188783939, 213573073, 183348369, 194559947, 198386955, 224437057, 192674890, 204456776, 208478455, 235853667, 202475830, 214857034, 219083287, 247851015, 212775322, 225786330, 230227563, 260458641, 223598726, 237271575, 