{
  "input": [555, 654, 941, 1434, 2118, 2927, 5578, 6166, 8234, 9927, 12038, 16787, 19881, 23892, 27635, 30794, 34391, 37120, 40150, 42762, 44802, 45221, 60368, 66885, 69030, 71224, 73258, 75136, 75639, 76197, 76819, 78572, 78958, 79561, 80406, 81388, 82746, 84112, 86011, 88369, 90306, 92840, 95120, 97886, 101801, 105847, 109821, 113590, 118620, 125875, 128352, 145205, 156101, 167454, 181574, 197102, 214821, 242500],
  "lastDate": "20_03_20",
  "lastDateRate": 0.5534813998629092,
  "lastDateRateList": [260137, 282072, 306194, 333720, 376719, 438194, 475667, 518428, 585226, 680726, 738940, 805368, 909138, 1057495, 1147930, 1251124, 1412329, 1642799, 1783288, 1943598, 2194027, 2552058, 2770305, 3019343, 3408380, 3964575, 4303617, 4690493, 5294855, 6158894, 6685589, 7286594, 8225459, 9567727, 10385938, 11319588, 12778098, 14863286, 16134362, 17584769, 19850538, 23089838, 25064431, 27317612, 30837442, 35869634, 38937127, 42437402, 47905393, 55722809, 60488103, 65925715, 74420137, 86564347, 93967143, 102414372, 115610299, 134476103, 145976209, 159098822, 179598449, 208906125, 226771326, 247157061, 279002850, 324531780, 352285037, 383953897, 433425738, 504154084, 547268252, 596465237, 673318822, 783193992, 850171050, 926597651, 1045988266, 1216677299, 1320724913, 1439452216, 1624923316, 1890085554, 2051721587, 2236162244, 2524288148, 2936212752, 3187311323, 3473836453, 3921434686, 4561351896, 4951428856, 5396540316, 6091875845, 7085975329, 7691952631, 8383425005],
  "maxRate": 7.529051987767584,
  "maxRateList": [1428224, 1548654, 1681093, 1832219, 2068295, 13208550, 14338130, 15627091, 17640596, 112656410, 122290656, 133284272, 150457560, 960852378, 1043023363, 1136788485, 1283260351, 8195159885],
  "minRate": 0.0508677597955707,
  "minRateList": [175972, 190810, 207128, 225748, 254835, 200516, 217664, 237231, 267798, 210716, 228736, 249298, 281420, 221435, 240371, 261979, 295735, 232699, 252598, 275305, 310778, 244536, 265447, 289309, 326587, 256975, 278950, 304026, 343200, 270047, 293140, 319491, 360658, 283784, 308051, 335743, 379004, 298219, 323721, 352821, 398283, 313389, 340188, 370768, 418543, 329330, 357493, 389628, 439833, 346082, 375678, 409448, 462206, 363686, 394788, 430276, 485717, 382186, 414870, 452163, 510424, 401627, 435974, 475164, 536388, 422057, 458151, 499335, 563673, 443526, 481456, 524735, 592346, 466087, 505947, 551427, 622477, 489796, 531683, 579477, 654141, 514711, 558729, 608954, 687416, 540893, 587150, 639930, 722383, 568407, 617017, 672482, 759129, 597321, 648403, 706690, 797744, 627705, 681386, 742638, 838323, 659635, 716047, 780414, 880967, 693189, 752471, 820112, 925780, 728450, 790748, 861829, 972872, 765505, 830972, 905668, 1022360, 804445, 873242, 951737, 1074365, 845365, 917662, 1000150, 1129016, 888367, 964341, 1051025, 1186447, 933556, 1013395, 1104488, 1246799, 981044, 1064944, 1160671, 1310221, 1030948, 1119115, 1219712, 1376869, 1083390, 1176042, 1281756, 1446907, 1138500, 1235865, 1346956, 1520508, 1196413, 1298731, 1415473, 1597853, 1257272, 1364795, 1487475, 1679132, 1321227, 1434219, 1563140, 1764546, 1388435, 1507175, 1642653, 1854305, 1459062, 1583842, 1726211, 1948629, 1533281, 1664408, 1814019, 2047751, 1611276, 1749073, 1906294, 2151916, 1693238, 1838044, 2003263, 2261379, 1779369, 1931541, 2105165, 2376410, 1869882, 2029794, 2212250, 2497293, 1964999, 2133045, 2324782, 2624325, 2064954, 2241548, 2443038, 2757819, 2169994, 2355571, 2567310, 2898103, 2280377, 2475394, 2697903, 3045523, 2396375, 2601312, 2835139, 3200442, 2518273, 2733635, 2979356, 3363241, 2646372, 2872689, 3130909, 3534322, 2780987, 3018816, 3290171, 3714105, 2922450, 3172376, 3457535, 3903033, 3071108, 3333748, 3633412, 4101572, 3227328, 3503328, 3818236, 4310210, 3391495, 3681534, 4012461, 4529461, 3564013, 3868805, 4216566, 4759865, 3745306, 4065602, 4431053, 5001989, 3935821, 4272410, 4656451, 5256429, 4136027, 4489738, 4893314, 5523812, 4346417, 4718121, 5142226, 5804796, 4567509, 4958121, 5403800, 6100073, 4799848, 5210330, 5678679, 6410370, 5044006, 5475368, 5967541, 6736451, 5300583, 5753888, 6271096, 7079119, 5570212, 6046575, 6590093, 7439218, 5853556, 6354151, 6925316, 7817634, 6151313, 6677372, 7277591, 8215300, 6464217, 7017035, 7647786, 8633194, 6793037, 7373976, 8036812, 9072345, 7138584, 7749074, 8445627, 9533835, 7501708, 8143252, 8875237, 10018800, 7883303, 8557481, 9326700, 10528434, 8284309, 8992781, 9801128, 11063992, 8705713, 9450224, 10299689, 11626792, 9148553, 9930936, 10823611, 12218221, 9613919, 10436100, 11374184, 12839735, 10102958, 10966961, 11952763, 13492864, 10616873, 11524826, 12560773, 14179216, 11156930, 12111068, 13199711, 14900481, 11724458, 12727131, 13871151, 15658435, 12320855, 13374532, 14576745, 16454945, 12947589, 14054864, 15318231, 17291971, 13606204, 14769803, 16097435, 18171575, 14298321, 15521110, 16916275, 19095922, 15025645, 16310634, 17776768, 20067289, 15789966, 17140319, 18681032, 21088067, 16593166, 18012209, 19631294, 22160770, 17437223, 18928450, 20629894, 23288039, 18324215, 19891298, 21679290, 24472649, 19256327, 20903124, 22782067, 25717518, 20235853, 21966419, 23940940, 27025711, 21265206, 23083802, 25158762, 28400448, 22346919, 24258023, 26438532, 29845115, 23483657, 25491974, 27783401, 31363269, 24678218, 26788694, 29196680, 32958648, 25933544, 28151375, 30681850, 34635181, 27252725, 29583372, 32242567, 36396995, 28639010, 31088212, 33882674, 38248429, 30095812, 32669600, 35606210, 40194041, 31626719, 34331429, 37417418, 42238622, 33235499, 36077792, 39320758, 44387206, 34926114, 37912988, 41320917, 46645084, 36702727, 39841537, 43422819, 49017815, 38569713, 41868187, 45631641, 51511241, 40531668, 43997928, 47952820, 54131502, 42593423, 46236004, 50392073, 56885050, 44760055, 48587926, 52955405, 59778665, 47036899, 51059485, 55649128, 62819472, 49429561, 53656767, 58479874, 66014958, 51943932, 56386167, 61454614, 69372991, 54586203, 59254405, 64580673, 72901840, 57362881, 62268544, 67865747, 76610193, 60280802, 65436005, 71317926, 80507182, 63347151, 68764588, 74945709, 84602402, 66569479, 72262489, 78758029, 88905937, 69955719, 75938320, 82764274, 93428383, 73514210, 79801132, 86974307, 98180876, 77253713, 83860437, 91398495, 103175117, 81183436, 88126230, 96047732, 108423404, 85313056, 92609014, 100933465, 113938660, 89652740, 97319827, 106067724, 119734464, 94213174, 102270269, 111463152, 125825088, 99005587, 107472528, 117133033, 132225528, 104041779, 112939415, 123091328, 138951544, 109334151, 118684390, 129352708, 146019698, 114895734, 124721599, 135932590, 153447393, 120740223, 131065907, 142847176, 161252918, 126882008, 137732936, 150113492, 169455493, 133336212, 144739102, 157749429, 178075314, 140118726, 152101656, 165773789, 187133606, 147246252, 159838727, 174206330, 196652673, 154736339, 167969365, 183067816, 206655954, 162607430, 176513590, 192380066, 217168079, 170878906, 185492441, 202166009, 228214933, 179571133, 194928026, 212449741, 239823715, 188705514, 204843578, 223256583, 252023010, 198304541, 215263512, 234613145, 264842856, 208391849, 226213485, 246547390, 278314819, 218992276, 237720458, 259088703, 292472070, 230131922, 249812765, 272267965, 307349469, 241838217, 262520181, 286117626, 322983648, 254139985, 275873995, 300671789, 339413103, 267067517, 289907087, 315966289, 356678287, 280652643, 304654011, 332038786, 374821712, 294928814, 320151078, 348928855, 393888053, 309931182, 336436446, 366678084, 413924256, 325696687, 353550214, 385330177, 434979656, 342264148, 371534521, 404931060, 457106097, 359674358, 390433650, 425528996, 480358060, 377970187, 410294135, 447174703, 504792798, 397196684, 431164879, 469921478, 530470477, 417401190, 453097270, 493825331, 557454322, 438633453, 476145313, 518945119, 585810775, 460945754, 500365758, 545342695, 615609657, 484393032, 525818243, 573083056, 646924341, 509033020, 552565439, 602234507, 679831933, 534926389, 580673205, 632868827, 714413460, 562136896, 610210750, 665061446, 750754072, 590731541, 