{
  "input": [555, 654, 941, 1434, 2118, 2927, 5578, 6166, 8234, 9927, 12038, 16787, 19881, 23892, 27635, 30794, 34391, 37120, 40150, 42762],
  "lastDate": "20_02_11",
  "lastDateRate": 0.5473855617875882,
  "lastDateRateList": [47650, 53216, 57439, 62128, 66169, 82346, 88880, 96136, 102389, 127421, 137532, 148759, 158435, 197169, 212815, 230188, 245160, 305096, 329307, 356190, 379357, 472101, 509565, 551163, 587012, 730522, 788494, 852862, 908334, 1130399, 1220104, 1319706, 1405543, 1749163, 1887971, 2042094, 2174917, 2706630, 2921419, 3159907, 3365435, 4188200, 4520562, 4889594, 5207626, 6480760, 6995052, 7566087, 8058205, 10028234, 10824042, 11707654, 12469150, 15517545, 16748966, 18116255, 19294583, 24011625, 25917108, 28032831, 29856159, 37155242, 40103759, 43377598, 46198989, 57493485, 62055978, 67121869, 71487649, 88964589, 96024524, 103863411, 110618956, 137662521, 148586962, 160716743, 171170175, 213016997, 229921320, 248690768, 264866257, 329619426, 355776931, 384820504, 409850222, 510048341, 550524086, 595465692, 634196316, 789241439, 851873022, 921415014, 981346223, 1221260807, 1318176015, 1425784289, 1518520977, 1889761340, 2039726534, 2206238023, 2349737435, 2924189413, 3156243389, 3413900863, 3635949781, 4524848478, 4883925450, 5282620905, 5626216195, 7001685204, 7557315726, 8174251317],
  "maxRate": 7.529051987767584,
  "maxRateList": [262644, 293323, 316598, 342441, 364719, 2501767, 2700281, 2920697, 3110707, 21337701, 23030837, 24910777, 26531382, 181990361, 196431206, 212465312, 226287536, 1552205250, 1675371968, 1812127692, 1930018159, 13238839273],
  "minRate": 0.5473855617875882,
  "minRateList": [47650, 53216, 57439, 62128, 66169, 82346, 88880, 96136, 102389, 127421, 137532, 148759, 158435, 197169, 212815, 230188, 245160, 305096, 329307, 356190, 379357, 472101, 509565, 551163, 587012, 730522, 788494, 852862, 908334, 1130399, 1220104, 1319706, 1405543, 1749163, 1887971, 2042094, 2174917, 2706630, 2921419, 3159907, 3365435, 4188200, 4520562, 4889594, 5207626, 6480760, 6995052, 7566087, 8058205, 10028234, 10824042, 11707654, 12469150, 15517545, 16748966, 18116255, 19294583, 24011625, 25917108, 28032831, 29856159, 37155242, 40103759, 43377598, 46198989, 57493485, 62055978, 67121869, 71487649, 88964589, 96024524, 103863411, 110618956, 137662521, 148586962, 160716743, 171170175, 213016997, 229921320, 248690768, 264866257, 329619426, 355776931, 384820504, 409850222, 510048341, 550524086, 595465692, 634196316, 789241439, 851873022, 921415014, 981346223, 1221260807, 1318176015, 1425784289, 1518520977, 1889761340, 2039726534, 2206238023, 2349737435, 2924189413, 3156243389, 3413900863, 3635949781, 4524848478, 4883925450, 5282620905, 5626216195, 7001685204, 7557315726, 8174251317],
  "province": "Global",
  "r0": [4.273873873873874, 7.529051987767584, 5.552603613177471, 4.741980474198048, 3.686968838526912, 3.1127434233003073, 2.0095016134815347, 2.2242945183263054, 1.901627398591207, 1.783821899869044, 1.558066123940854, 1.048668612616906, 0.8671093003370052, 0.6804788213627992, 0.5473855617875882]
}