{
  "input": [555, 654, 941, 1434, 2118, 2927, 5578, 6166, 8234, 9927, 12038, 16787, 19881, 23892, 27635, 30794, 34391, 37120, 40150, 42762, 44802, 45221, 60368, 66885, 69030, 71224, 73258, 75136, 75639, 76197, 76819, 78572, 78958, 79561, 80406, 81388, 82746, 84112, 86011, 88369, 90306, 92840, 95120, 97886, 101801, 105847, 109821, 113590, 118620, 125875, 128352, 145205, 156101, 167454, 181574, 197102, 214821],
  "lastDate": "20_03_19",
  "lastDateRate": 0.4794325264281533,
  "lastDateRateList": [230941, 247737, 268626, 291599, 317813, 366510, 397414, 431401, 470183, 542227, 587947, 638229, 695604, 802188, 869828, 944217, 1029099, 1186783, 1286852, 1396905, 1522483, 1755765, 1903811, 2066627, 2252411, 2597536, 2816560, 3057435, 3332290, 3842879, 4166910, 4523269, 4929898, 5685280, 6164662, 6691871, 7293451, 8410988, 9120201, 9900172, 10790169, 12443489, 13492722, 14646636, 15963327, 18409302, 19961572, 21668710, 23616665, 27235320, 29531799, 32057394, 34939262, 40292818, 43690304, 47426751, 51690281, 59610506, 64636857, 70164678, 76472283, 88189721, 95625869, 103803907, 113135583, 130470742, 141472021, 153570876, 167376461, 193022659, 209298309, 227197749, 247622181, 285564000, 309642726, 336123740, 366340309, 422472670, 458095520, 497272394, 541975769, 625019810, 677721412, 735680954, 801816581, 924674637, 1002643101, 1088390332, 1186233530, 1367993734, 1483342816, 1610200059, 1754952468, 2023854426, 2194505610, 2382182341, 2596333763, 2994156067, 3246622979, 3524278039, 3841100618, 4429651875, 4803159636, 5213931563, 5682649192, 6553371065, 7105950595, 7713659945, 8407096051],
  "maxRate": 7.529051987767584,
  "maxRateList": [1331394, 1428224, 1548654, 1681093, 1832219, 12181397, 13208550, 14338130, 15627091, 103895768, 112656410, 122290656, 133284272, 886132407, 960852378, 1043023363, 1136788485, 7557869367, 8195159885],
  "minRate": 0.0508677597955707,
  "minRateList": [164042, 175972, 190810, 207128, 225748, 184923, 200516, 217664, 237231, 194330, 210716, 228736, 249298, 204215, 221435, 240371, 261979, 214603, 232699, 252598, 275305, 225519, 244536, 265447, 289309, 236991, 256975, 278950, 304026, 249046, 270047, 293140, 319491, 261714, 283784, 308051, 335743, 275027, 298219, 323721, 352821, 289017, 313389, 340188, 370768, 303719, 329330, 357493, 389628, 319169, 346082, 375678, 409448, 335404, 363686, 394788, 430276, 352465, 382186, 414870, 452163, 370394, 401627, 435974, 475164, 389235, 422057, 458151, 499335, 409035, 443526, 481456, 524735, 429842, 466087, 505947, 551427, 451707, 489796, 531683, 579477, 474684, 514711, 558729, 608954, 498830, 540893, 587150, 639930, 524204, 568407, 617017, 672482, 550869, 597321, 648403, 706690, 578890, 627705, 681386, 742638, 608337, 659635, 716047, 780414, 639282, 693189, 752471, 820112, 671801, 728450, 790748, 861829, 705974, 765505, 830972, 905668, 741885, 804445, 873242, 951737, 779623, 845365, 917662, 1000150, 819281, 888367, 964341, 1051025, 860956, 933556, 1013395, 1104488, 904751, 981044, 1064944, 1160671, 950774, 1030948, 1119115, 1219712, 999138, 1083390, 1176042, 1281756, 1049962, 1138500, 1235865, 1346956, 1103371, 1196413, 1298731, 1415473, 1159497, 1257272, 1364795, 1487475, 1218478, 1321227, 1434219, 1563140, 1280459, 1388435, 1507175, 1642653, 1345593, 1459062, 1583842, 1726211, 1414040, 1533281, 1664408, 1814019, 1485969, 1611276, 1749073, 1906294, 1561557, 1693238, 1838044, 2003263, 1640990, 1779369, 1931541, 2105165, 1724463, 1869882, 2029794, 2212250, 1812183, 1964999, 2133045, 2324782, 1904365, 2064954, 2241548, 2443038, 2001236, 2169994, 2355571, 2567310, 2103034, 2280377, 2475394, 2697903, 2210011, 2396375, 2601312, 2835139, 2322429, 2518273, 2733635, 2979356, 2440566, 2646372, 2872689, 3130909, 2564712, 2780987, 3018816, 3290171, 2695173, 2922450, 3172376, 3457535, 2832270, 3071108, 3333748, 3633412, 2976341, 3227328, 3503328, 3818236, 3127741, 3391495, 3681534, 4012461, 3286842, 3564013, 3868805, 4216566, 3454036, 3745306, 4065602, 4431053, 3629735, 3935821, 4272410, 4656451, 3814371, 4136027, 4489738, 4893314, 4008400, 4346417, 4718121, 5142226, 4212298, 4567509, 4958121, 5403800, 4426568, 4799848, 5210330, 5678679, 4651738, 5044006, 5475368, 5967541, 4888361, 5300583, 5753888, 6271096, 5137021, 5570212, 6046575, 6590093, 5398330, 5853556, 6354151, 6925316, 5672931, 6151313, 6677372, 7277591, 5961500, 6464217, 7017035, 7647786, 6264748, 6793037, 7373976, 8036812, 6583422, 7138584, 7749074, 8445627, 6918306, 7501708, 8143252, 8875237, 7270225, 7883303, 8557481, 9326700, 7640045, 8284309, 8992781, 9801128, 8028677, 8705713, 9450224, 10299689, 8437078, 9148553, 9930936, 10823611, 8866253, 9613919, 10436100, 11374184, 9317259, 10102958, 10966961, 11952763, 9791207, 10616873, 11524826, 12560773, 10289264, 11156930, 12111068, 13199711, 10812656, 11724458, 12727131, 13871151, 11362672, 12320855, 13374532, 14576745, 11940666, 12947589, 14054864, 15318231, 12548061, 13606204, 14769803, 16097435, 13186353, 14298321, 15521110, 16916275, 13857113, 15025645, 16310634, 17776768, 14561993, 15789966, 17140319, 18681032, 15302729, 16593166, 18012209, 19631294, 16081145, 17437223, 18928450, 20629894, 16899157, 18324215, 19891298, 21679290, 17758779, 19256327, 20903124, 22782067, 18662128, 20235853, 21966419, 23940940, 19611429, 21265206, 23083802, 25158762, 20609018, 22346919, 24258023, 26438532, 21657353, 23483657, 25491974, 27783401, 22759014, 24678218, 26788694, 29196680, 23916714, 25933544, 28151375, 30681850, 25133304, 27252725, 29583372, 32242567, 26411779, 28639010, 31088212, 33882674, 27755287, 30095812, 32669600, 35606210, 29167136, 31626719, 34331429, 37417418, 30650803, 33235499, 36077792, 39320758, 32209941, 34926114, 37912988, 41320917, 33848389, 36702727, 39841537, 43422819, 35570181, 38569713, 41868187, 45631641, 37379556, 40531668, 43997928, 47952820, 39280970, 42593423, 46236004, 50392073, 41279105, 44760055, 48587926, 52955405, 43378881, 47036899, 51059485, 55649128, 45585467, 49429561, 53656767, 58479874, 47904298, 51943932, 56386167, 61454614, 50341082, 54586203, 59254405, 64580673, 52901820, 57362881, 62268544, 67865747, 55592817, 60280802, 65436005, 71317926, 58420699, 63347151, 68764588, 74945709, 61392429, 66569479, 72262489, 78758029, 64515324, 69955719, 75938320, 82764274, 67797074, 73514210, 79801132, 86974307, 71245759, 77253713, 83860437, 91398495, 74869871, 81183436, 88126230, 96047732, 78678334, 85313056, 92609014, 100933465, 82680525, 89652740, 97319827, 106067724, 86886298, 94213174, 102270269, 111463152, 91306009, 99005587, 107472528, 117133033, 95950541, 104041779, 112939415, 123091328, 100831330, 109334151, 118684390, 129352708, 105960394, 114895734, 124721599, 135932590, 111350362, 120740223, 131065907, 142847176, 117014505, 126882008, 137732936, 150113492, 122966771, 133336212, 144739102, 157749429, 129221815, 140118726, 152101656, 165773789, 135795039, 147246252, 159838727, 174206330, 142702628, 154736339, 167969365, 183067816, 149961591, 162607430, 176513590, 192380066, 157589801, 170878906, 185492441, 202166009, 165606041, 179571133, 194928026, 212449741, 174030049, 188705514, 204843578, 223256583, 182882568, 198304541, 215263512, 234613145, 192185395, 208391849, 226213485, 246547390, 201961436, 218992276, 237720458, 259088703, 212234762, 230131922, 249812765, 272267965, 223030669, 241838217, 262520181, 286117626, 234375739, 254139985, 275873995, 300671789, 246297908, 267067517, 289907087, 315966289, 258826531, 280652643, 304654011, 332038786, 271992457, 294928814, 320151078, 348928855, 285828104, 309931182, 336436446, 366678084, 300367539, 325696687, 353550214, 385330177, 315646563, 342264148, 371534521, 404931060, 331702797, 359674358, 390433650, 425528996, 348575775, 377970187, 410294135, 447174703, 366307044, 397196684, 431164879, 469921478, 384940263, 417401190, 453097270, 493825331, 404521312, 438633453, 476145313, 518945119, 425098405, 460945754, 500365758, 545342695, 446722209, 484393032, 525818243, 573083056, 469445967, 509033020, 552565439, 602234507,