{
  "input": [555, 654, 941, 1434, 2118, 2927, 5578, 6166, 8234, 9927, 12038, 16787, 19881, 23892, 27635, 30794, 34391, 37120, 40150, 42762, 44802, 45221, 60368, 66885, 69030, 71224],
  "lastDate": "20_02_17",
  "lastDateRate": 0.5897504575688586,
  "lastDateRateList": [71890, 95970, 106330, 109740, 113228, 152568, 169038, 174459, 180004, 242545, 268728, 277346, 286161, 385586, 427210, 440911, 454925, 612986, 679157, 700938, 723217, 974495, 1079690, 1114317, 1149735, 1549204, 1716438, 1771486, 1827792, 2462848, 2728708, 2816221, 2905733, 3915314, 4337965, 4477089, 4619390, 6224372, 6896282, 7117454, 7343677, 9895198, 10963367, 11314976, 11674614, 15730896, 17429018, 17987988, 18559723, 25008199, 27707789, 28596412, 29505328, 39756796, 44048470, 45461159, 46906109, 63203385, 70026075, 72271898, 74569008, 100477610, 111323985, 114894283, 118546115, 159734326, 176977356, 182653239, 188458741, 253937718, 281349833, 290373070, 299602370, 403697603, 447276026, 461620721, 476293005, 641778449, 711057267, 733861752, 757187023, 1020267583, 1130403616, 1166657056, 1203738416, 1621970857, 1797059666, 1854693589, 1913643698, 2578528912, 2856876426, 2948499982, 3042215945, 4099217518, 4541720605, 4687379196, 4836364191, 6516732925, 7220202410, 7451763222, 7688612186, 10359979149],
  "maxRate": 7.529051987767584,
  "maxRateList": [385692, 514882, 570466, 588760, 607473, 4391455, 4865534, 5021565, 5181169, 37454948, 41498392, 42829189, 44190460, 319455199, 353941943, 365292380, 376902731, 2724650000, 3018789232, 3115597700, 3214622987, 23238681498],
  "minRate": 0.3149079701084586,
  "minRateList": [59461, 79378, 87948, 90768, 93653, 104375, 115644, 119352, 123145, 137244, 152061, 156937, 161924, 180463, 199946, 206358, 212915, 237292, 262911, 271342, 279964, 312017, 345704, 356790, 368127, 410274, 454569, 469146, 484053, 539473, 597716, 616884, 636485, 709357, 785942, 811146, 836919, 932739, 1033441, 1066582, 1100471, 1226466, 1358880, 1402457, 1447018, 1612690, 1786802, 1844102, 1902696, 2120539, 2349480, 2424824, 2501870, 2788314, 3089350, 3188420, 3289729, 3666376, 4062211, 4192479, 4325691, 4820947, 5341434, 5512724, 5687886, 6339102, 7023494, 7248725, 7479047, 8335336, 9235248, 9531406, 9834259, 10960200, 12143501, 12532922, 12931146, 14411654, 15967586, 16479639, 17003267, 18949999, 20995906, 21669209, 22357731, 24917505, 27607684, 28493016, 29398359, 32764226, 36301564, 37465694, 38656137, 43081942, 47733216, 49263940, 50829263, 56648789, 62764786, 64777547, 66835803, 74487944, 82529917, 85176513, 87882930, 97944791, 108519246, 111999276, 115557965, 128788386, 142692821, 147268741, 151948089, 169344875, 187627928, 193644841, 199797753, 222672926, 246713458, 254625145, 262715658, 292794405, 324405492, 334808633, 345446913, 384997697, 426563367, 440242540, 454230899, 506236540, 560891571, 578878425, 597271829, 665654461, 737520797, 761171855, 785357488, 875274356, 969771974, 1000870939, 1032672820, 1150905227, 1275160898, 1316053175, 1357869722, 1513334456, 1676719228, 1730488809, 1785473720, 1989895538, 2204731477, 2275433527, 2347733625, 2616529503, 2899018991, 2991985680, 3087053655, 3440495498, 3811943177, 3934185817, 4059191455, 4523934951, 5012354465, 5173092287, 5337463196, 5948558123, 6590784835, 6802140278, 7018272897, 7821806487],
  "province": "Global",
  "r0": [4.273873873873874, 7.529051987767584, 5.552603613177471, 4.741980474198048, 3.686968838526912, 3.1127434233003073, 2.0095016134815347, 2.2242945183263054, 1.901627398591207, 1.783821899869044, 1.558066123940854, 1.048668612616906, 0.8671093003370052, 0.6804788213627992, 0.5473855617875882, 0.45489381048256156, 0.3149079701084586, 0.6262931034482758, 0.6658779576587796, 0.6142837098358356, 0.5897504575688586]
}