{
  "input": [555, 654, 941, 1434, 2118, 2927, 5578, 6166, 8234, 9927, 12038],
  "lastDate": "20_02_02",
  "lastDateRate": 3.1127434233003073,
  "lastDateRateList": [22941, 25359, 33864, 40827, 49509, 104295, 139274, 167911, 203618, 428939, 572798, 690575, 837429, 1764116, 2355771, 2840158, 3444131, 7255356, 9688682, 11680841, 14164827, 29839418, 39847063, 48040302, 58256299, 122721870, 163880746, 197577436, 239593211, 504723564, 673999460, 812585301, 985385403, 2075798518, 2771986846, 3341954853, 4052637336, 8537226703],
  "maxRate": 7.529051987767584,
  "maxRateList": [47575, 52590, 70228, 84668, 102673, 448543, 598978, 722138, 875703, 3825647, 5108715, 6159153, 7468916, 32629142, 43572496, 52531736, 63702773, 278295648, 371632084, 448045907, 543324263, 2373598050, 3169669365, 3821406834, 4634040885, 20244541167],
  "minRate": 3.1127434233003073,
  "minRateList": [22941, 25359, 33864, 40827, 49509, 104295, 139274, 167911, 203618, 428939, 572798, 690575, 837429, 1764116, 2355771, 2840158, 3444131, 7255356, 9688682, 11680841, 14164827, 29839418, 39847063, 48040302, 58256299, 122721870, 163880746, 197577436, 239593211, 504723564, 673999460, 812585301, 985385403, 2075798518, 2771986846, 3341954853, 4052637336, 8537226703],
  "province": "Global",
  "r0": [4.273873873873874, 7.529051987767584, 5.552603613177471, 4.741980474198048, 3.686968838526912, 3.1127434233003073]
}