{
  "input": [555, 654, 941, 1434, 2118, 2927, 5578, 6166],
  "lastDate": "20_01_30",
  "lastDateRate": 5.552603613177471,
  "lastDateRateList": [9396, 13878, 19179, 36550, 40403, 90937, 125672, 239498, 264745, 595874, 823479, 1569335, 1734769, 3904526, 5395931, 10283230, 11367254, 25584811, 35357397, 67381930, 74485110, 167647125, 231683007, 441527078, 488071401, 1098525157, 1518126909, 2893151927, 3198138426, 7198199913, 9947683869],
  "maxRate": 7.529051987767584,
  "maxRateList": [12231, 18065, 24965, 47575, 52590, 154077, 212928, 405770, 448543, 1314131, 1816074, 3460833, 3825647, 11208292, 15489390, 29517625, 32629142, 95596105, 132109813, 251757358, 278295648, 815344149, 1126771463, 2147251595, 2373598050, 6954112635, 9610292386],
  "minRate": 4.273873873873874,
  "minRateList": [7563, 11170, 15437, 29418, 32519, 58909, 81413, 155147, 171501, 310679, 429362, 818226, 904475, 1638482, 2264401, 4315221, 4770087, 8641147, 11942165, 22757931, 25156837, 45572319, 62981472, 120022458, 132673985, 240342663, 332156340, 632983306, 699705863, 1267536891, 1751750644, 3338274120, 3690160470, 6684829694, 9238511955],
  "province": "Global",
  "r0": [4.273873873873874, 7.529051987767584, 5.552603613177471]
}