{
  "input": [555, 654, 941, 1434, 2118, 2927, 5578, 6166, 8234, 9927, 12038, 16787, 19881, 23892, 27635],
  "lastDate": "20_02_06",
  "lastDateRate": 1.783821899869044,
  "lastDateRateList": [33512, 46732, 55345, 66511, 76931, 130094, 154071, 185155, 214162, 362159, 428906, 515439, 596189, 1008186, 1193998, 1434890, 1659684, 2806610, 3323878, 3994478, 4620265, 7813102, 9253084, 11119915, 12861995, 21750284, 25758938, 30955863, 35805503, 60548917, 71708296, 86175609, 99676143, 168557401, 199623125, 239897548, 277480630, 469233784, 555715227, 667832048, 772456655, 1306263284, 1547012219, 1859125481, 2150381753, 3636404337, 4306606495, 5175474229, 5986279817, 10123102030],
  "maxRate": 7.529051987767584,
  "maxRateList": [102673, 143177, 169566, 203776, 235700, 1221164, 1446237, 1738016, 2010298, 10415371, 12335031, 14823629, 17145936, 88833241, 105206121, 126431502, 146238580, 757663331, 897308475, 1078340853, 1247276451, 6462149939, 7653190632, 9197225196],
  "minRate": 1.783821899869044,
  "minRateList": [33512, 46732, 55345, 66511, 76931, 130094, 154071, 185155, 214162, 362159, 428906, 515439, 596189, 1008186, 1193998, 1434890, 1659684, 2806610, 3323878, 3994478, 4620265, 7813102, 9253084, 11119915, 12861995, 21750284, 25758938, 30955863, 35805503, 60548917, 71708296, 86175609, 99676143, 168557401, 199623125, 239897548, 277480630, 469233784, 555715227, 667832048, 772456655, 1306263284, 1547012219, 1859125481, 2150381753, 3636404337, 4306606495, 5175474229, 5986279817, 10123102030],
  "province": "Global",
  "r0": [4.273873873873874, 7.529051987767584, 5.552603613177471, 4.741980474198048, 3.686968838526912, 3.1127434233003073, 2.0095016134815347, 2.2242945183263054, 1.901627398591207, 1.783821899869044]
}