{
  "input": [555, 654, 941, 1434, 2118, 2927, 5578, 6166, 8234],
  "lastDate": "20_01_31",
  "lastDateRate": 4.741980474198048,
  "lastDateRateList": [12162, 16807, 32029, 35405, 47279, 96505, 183910, 203295, 271475, 554130, 1056008, 1167316, 1558804, 3181804, 6063577, 6702706, 8950622, 18269856, 34816941, 38486807, 51394297, 104905156, 199918195, 220990494, 295105050, 602363357, 1147926372, 1268923102, 1694487435, 3458758634, 6591370814, 7286131675, 9729713766],
  "maxRate": 7.529051987767584,
  "maxRateList": [18065, 24965, 47575, 52590, 70228, 212928, 405770, 448543, 598978, 1816074, 3460833, 3825647, 5108715, 15489390, 29517625, 32629142, 43572496, 132109813, 251757358, 278295648, 371632084, 1126771463, 2147251595, 2373598050, 3169669365, 9610292386],
  "minRate": 4.273873873873874,
  "minRateList": [11170, 15437, 29418, 32519, 43425, 81413, 155147, 171501, 229018, 429362, 818226, 904475, 1207812, 2264401, 4315221, 4770087, 6369848, 11942165, 22757931, 25156837, 33593775, 62981472, 120022458, 132673985, 177169332, 332156340, 632983306, 699705863, 934368711, 1751750644, 3338274120, 3690160470, 4927742734, 9238511955],
  "province": "Global",
  "r0": [4.273873873873874, 7.529051987767584, 5.552603613177471, 4.741980474198048]
}