{
  "input": [555, 654, 941, 1434, 2118, 2927],
  "lastDate": "20_01_28",
  "lastDateRate": 4.273873873873874,
  "lastDateRateList": [3449, 4963, 7563, 11170, 15437, 26174, 39886, 58909, 81413, 138038, 210354, 310679, 429362, 727995, 1109380, 1638482, 2264401, 3839354, 5850730, 8641147, 11942165, 20248269, 30856012, 45572319, 62981472, 106786817, 162730716, 240342663, 332156340, 563180204, 858221272, 1267536891, 1751750644, 2970141364, 4526150744, 6684829694, 9238511955],
  "maxRate": 4.273873873873874,
  "maxRateList": [3449, 4963, 7563, 11170, 15437, 26174, 39886, 58909, 81413, 138038, 210354, 310679, 429362, 727995, 1109380, 1638482, 2264401, 3839354, 5850730, 8641147, 11942165, 20248269, 30856012, 45572319, 62981472, 106786817, 162730716, 240342663, 332156340, 563180204, 858221272, 1267536891, 1751750644, 2970141364, 4526150744, 6684829694, 9238511955],
  "minRate": 4.273873873873874,
  "minRateList": [3449, 4963, 7563, 11170, 15437, 26174, 39886, 58909, 81413, 138038, 210354, 310679, 429362, 727995, 1109380, 1638482, 2264401, 3839354, 5850730, 8641147, 11942165, 20248269, 30856012, 45572319, 62981472, 106786817, 162730716, 240342663, 332156340, 563180204, 858221272, 1267536891, 1751750644, 2970141364, 4526150744, 6684829694, 9238511955],
  "province": "Global",
  "r0": [4.273873873873874]
}