{
  "input": [555, 654, 941, 1434, 2118, 2927, 5578, 6166, 8234, 9927, 12038, 16787, 19881, 23892, 27635, 30794, 34391, 37120, 40150, 42762, 44802, 45221, 60368, 66885, 69030, 71224, 73258, 75136, 75639, 76197, 76819, 78572, 78958, 79561, 80406, 81388, 82746, 84112, 86011, 88369, 90306, 92840, 95120, 97886, 101801, 105847, 109821, 113590, 118620, 125875, 128352, 145205, 156101, 167454, 181574, 197102, 214821, 242500, 272035, 304396],
  "lastDate": "20_03_22",
  "lastDateRate": 0.6764294447442916,
  "lastDateRateList": [330428, 360132, 406534, 456047, 510298, 603736, 681526, 764531, 855479, 1012121, 1142530, 1281682, 1434150, 1696749, 1915371, 2148649, 2404251, 2844480, 3210984, 3602058, 4030557, 4768570, 5382988, 6038596, 6756944, 7994171, 9024200, 10123280, 11327540, 13401664, 15128435, 16970965, 18989822, 22466944, 25361754, 28450625, 31835097, 37664246, 42517191, 47695465, 53369294, 63141451, 71277071, 79958082, 89469856, 105852188, 119490981, 134044083, 149989901, 177453725, 200318199, 224715448, 251447486, 297488650, 335819327, 376719594, 421533969, 498718732, 562977408, 631543820, 706671958, 836066767, 943791903, 1058738655, 1184685678, 1401606946, 1582200536, 1774900656, 1986041953, 2349695154, 2652447566, 2975495721, 3329459209, 3939098142, 4446641200, 4988208639, 5581603453, 6603620111, 7454480238, 8362379839],
  "maxRate": 7.529051987767584,
  "maxRateList": [1681093, 1832219, 2068295, 2320201, 2596209, 15627091, 17640596, 19789115, 22143202, 133284272, 150457560, 168782391, 188860521, 1136788485, 1283260351, 1439553787, 1610801202, 9695728088],
  "minRate": 0.0508677597955707,
  "minRateList": [207128, 225748, 254835, 285873, 319880, 237231, 267798, 300415, 336152, 249298, 281420, 315696, 353251, 261979, 295735, 331755, 371220, 275305, 310778, 348631, 390103, 289309, 326587, 366365, 409947, 304026, 343200, 385001, 430800, 319491, 360658, 404585, 452714, 335743, 379004, 425165, 475743, 352821, 398283, 446792, 499943, 370768, 418543, 469519, 525374, 389628, 439833, 493402, 552099, 409448, 462206, 518500, 580183, 430276, 485717, 544875, 609696, 452163, 510424, 572592, 640710, 475164, 536388, 601718, 673301, 499335, 563673, 632326, 707550, 524735, 592346, 664491, 743541, 551427, 622477, 698292, 781363, 579477, 654141, 733813, 821109, 608954, 687416, 771140, 862877, 639930, 722383, 810366, 906770, 672482, 759129, 851588, 952895, 706690, 797744, 894906, 1001367, 742638, 838323, 940428, 1052304, 780414, 880967, 988265, 1105832, 820112, 925780, 1038536, 1162083, 861829, 972872, 1091364, 1221196, 905668, 1022360, 1146879, 1283316, 951737, 1074365, 1205218, 1348595, 1000150, 1129016, 1266525, 1417195, 1051025, 1186447, 1330950, 1489285, 1104488, 1246799, 1398652, 1565042, 1160671, 1310221, 1469798, 1644652, 1219712, 1376869, 1544563, 1728312, 1281756, 1446907, 1623131, 1816227, 1346956, 1520508, 1705696, 1908614, 1415473, 1597853, 1792461, 2005701, 1487475, 1679132, 1883639, 2107727, 1563140, 1764546, 1979455, 2214942, 1642653, 1854305, 2080145, 2327611, 1726211, 1948629, 2185957, 2446011, 1814019, 2047751, 2297152, 2570434, 1906294, 2151916, 2414003, 2701186, 2003263, 2261379, 2536798, 2838589, 2105165, 2376410, 2665839, 2982982, 2212250, 2497293, 2801444, 3134720, 2324782, 2624325, 2943947, 3294176, 2443038, 2757819, 3093699, 3461743, 2567310, 2898103, 3251069, 3637834, 2697903, 3045523, 3416444, 3822882, 2835139, 3200442, 3590231, 4017343, 2979356, 3363241, 3772858, 4221696, 3130909, 3534322, 3964775, 4436444, 3290171, 3714105, 4166454, 4662116, 3457535, 3903033, 4378392, 4899267, 3633412, 4101572, 4601111, 5148482, 3818236, 4310210, 4835159, 5410374, 4012461, 4529461, 5081113, 5685588, 4216566, 4759865, 5339578, 5974801, 4431053, 5001989, 5611190, 6278726, 4656451, 5256429, 5896619, 6598111, 4893314, 5523812, 6196567, 6933742, 5142226, 5804796, 6511772, 7286446, 5403800, 6100073, 6843011, 7657091, 5678679, 6410370, 7191100, 8046590, 5967541, 6736451, 7556895, 8455902, 6271096, 7079119, 7941297, 8886035, 6590093, 7439218, 8345253, 9338048, 6925316, 7817634, 8769757, 9813054, 7277591, 8215300, 9215855, 10312222, 7647786, 8633194, 9684645, 10836782, 8036812, 9072345, 10177281, 11388025, 8445627, 9533835, 10694976, 11967308, 8875237, 10018800, 11239005, 12576058, 9326700, 10528434, 11810708, 13215774, 9801128, 11063992, 12411492, 13888031, 10299689, 11626792, 13042837, 14594484, 10823611, 12218221, 13706297, 15336873, 11374184, 12839735, 14403506, 16117025, 11952763, 13492864, 15136180, 16936862, 12560773, 14179216, 15906124, 17798402, 13199711, 14900481, 16715233, 18703767, 13871151, 15658435, 17565499, 19655186, 14576745, 16454945, 18459017, 20655001, 15318231, 17291971, 19397986, 21705675, 16097435, 18171575, 20384718, 22809794, 16916275, 19095922, 21421643, 23970077, 17776768, 20067289, 22511314, 25189381, 18681032, 21088067, 23656414, 26470708, 19631294, 22160770, 24859763, 27817214, 20629894, 23288039, 26124323, 29232213, 21679290, 24472649, 27453209, 30719190, 22782067, 25717518, 28849692, 32281806, 23940940, 27025711, 30317211, 33923909, 25158762, 28400448, 31859380, 35649542, 26438532, 29845115, 33479995, 37462954, 27783401, 31363269, 35183047, 39368611, 29196680, 32958648, 36972730, 41371204, 30681850, 34635181, 38853450, 43475664, 32242567, 36396995, 40829838, 45687174, 33882674, 38248429, 42906760, 48011178, 35606210, 40194041, 45089331, 50453399, 37417418, 42238622, 47382924, 53019850, 39320758, 44387206, 49793187, 55716851, 41320917, 46645084, 52326055, 58551042, 43422819, 49017815, 54987764, 61529402, 45631641, 51511241, 57784868, 64659265, 47952820, 54131502, 60724255, 67948337, 50392073, 56885050, 63813162, 71404717, 52955405, 59778665, 67059195, 75036915, 55649128, 62819472, 70470346, 78853875, 58479874, 66014958, 74055015, 82864995, 61454614, 69372991, 77822028, 87080152, 64580673, 72901840, 81780660, 91509724, 67865747, 76610193, 85940659, 96164619, 71317926, 80507182, 90312268, 101056298, 74945709, 84602402, 94906251, 106196805, 78758029, 88905937, 99733919, 111598799, 82764274, 93428383, 104807160, 117275580, 86974307, 98180876, 110138465, 123241126, 91398495, 103175117, 115740962, 129510126, 96047732, 108423404, 121628445, 136098016, 100933465, 113938660, 127815412, 143021017, 106067724, 119734464, 134317096, 150296176, 111463152, 125825088, 141149506, 157941406, 117133033, 132225528, 148329465, 165975532, 123091328, 138951544, 155874653, 174418335, 129352708, 146019698, 163803647, 183290605, 135932590, 153447393, 172135972, 192614187, 142847176, 161252918, 180892143, 202412039, 150113492, 169455493, 190093721, 212708286, 157749429, 178075314, 199763363, 223528280, 165773789, 187133606, 209924878, 234898663, 174206330, 196652673, 220603286, 246847432, 183067816, 206655954, 231824881, 259404008, 192380066, 217168079, 243617293, 272599309, 202166009, 228214933, 256009559, 286465825, 212449741, 239823715, 269032192, 301037700, 223256583, 252023010, 282717257, 316350813, 234613145, 264842856, 297098451, 332442870, 246547390, 278314819, 312211184, 349353494, 259088703, 292472070, 328092668, 367124324, 272267965, 307349469, 344782007, 385799116, 286117626, 322983648, 362320295, 405423853, 300671789, 339413103, 380750717, 426046856, 315966289, 356678287, 400118653, 447718905, 332038786, 374821712, 420471793, 470493363, 348928855, 393888053, 441860251, 494426306, 366678084, 413924256, 464336692, 519576665, 385330177, 434979656, 487956459, 546006366, 404931060, 457106097, 512777711, 573780487, 425528996, 480358060, 538861564, 602967415, 447174703, 504792798, 566272245, 633639017, 469921478, 530470477, 595077246, 665870814, 493825331, 557454322, 625347492, 699742171, 518945119, 585810775, 657157518, 735336488, 545342695, 615609657, 690585649, 772741408, 573083056, 646924341, 725714194, 812049032, 602234507, 679831933, 762629649, 853356147, 632868827, 714413460, 801422911, 896764463, 665061446, 750754072, 842189499, 942380862, 698891632, 788943250, 885029792, 990317665, 734442684, 829075026, 930049275, 1040692906, 771802138, 871248215,