{
  "input": [555, 654, 941, 1434, 2118, 2927, 5578, 6166, 8234, 9927, 12038, 16787, 19881, 23892, 27635, 30794, 34391, 37120],
  "lastDate": "20_02_09",
  "lastDateRate": 0.8671093003370052,
  "lastDateRateList": [44609, 51598, 57496, 64212, 69307, 96339, 107351, 119891, 129404, 179875, 200436, 223850, 241611, 335846, 374236, 417952, 451114, 627061, 698740, 780362, 842279, 1170791, 1304624, 1457021, 1572627, 2185995, 2435876, 2720417, 2936266, 4081492, 4548047, 5079316, 5482330, 7620592, 8491701, 9483638, 10236109, 14228478, 15854934, 17706989, 19111934, 26566124, 29602895, 33060884, 35684070, 49601857, 55271841, 61728284, 66626059, 92612089, 103198568, 115253453, 124398134, 172916893, 192683006, 215190794, 232264913, 322854739, 359760233, 401784733, 433663979, 602805086, 671711677, 750176012, 809698048, 1125502982, 1254159119, 1400660609, 1511794756, 2101437085, 2341652155, 2615186450, 2822686049, 3923612725, 4372120517, 4882838943, 5270263374, 7325813810, 8163226879],
  "maxRate": 7.529051987767584,
  "maxRateList": [203776, 235700, 262644, 293323, 316598, 2010298, 2240104, 2501767, 2700281, 17145936, 19105963, 21337701, 23030837, 146238580, 162955752, 181990361, 196431206, 1247276451, 1389858081, 1552205250, 1675371968, 10638085694],
  "minRate": 0.8671093003370052,
  "minRateList": [44609, 51598, 57496, 64212, 69307, 96339, 107351, 119891, 129404, 179875, 200436, 223850, 241611, 335846, 374236, 417952, 451114, 627061, 698740, 780362, 842279, 1170791, 1304624, 1457021, 1572627, 2185995, 2435876, 2720417, 2936266, 4081492, 4548047, 5079316, 5482330, 7620592, 8491701, 9483638, 10236109, 14228478, 15854934, 17706989, 19111934, 26566124, 29602895, 33060884, 35684070, 49601857, 55271841, 61728284, 66626059, 92612089, 103198568, 115253453, 124398134, 172916893, 192683006, 215190794, 232264913, 322854739, 359760233, 401784733, 433663979, 602805086, 671711677, 750176012, 809698048, 1125502982, 1254159119, 1400660609, 1511794756, 2101437085, 2341652155, 2615186450, 2822686049, 3923612725, 4372120517, 4882838943, 5270263374, 7325813810, 8163226879],
  "province": "Global",
  "r0": [4.273873873873874, 7.529051987767584, 5.552603613177471, 4.741980474198048, 3.686968838526912, 3.1127434233003073, 2.0095016134815347, 2.2242945183263054, 1.901627398591207, 1.783821899869044, 1.558066123940854, 1.048668612616906, 0.8671093003370052]
}