{
  "input": [555, 654, 941, 1434, 2118, 2927, 5578, 6166, 8234, 9927, 12038, 16787, 19881, 23892, 27635, 30794, 34391, 37120, 40150, 42762, 44802, 45221, 60368, 66885, 69030, 71224, 73258, 75136, 75639, 76197, 76819, 78572, 78958, 79561, 80406, 81388, 82746, 84112, 86011, 88369, 90306, 92840, 95120, 97886, 101801, 105847, 109821, 113590, 118620, 125875, 128352, 145205, 156101, 167454, 181574, 197102, 214821, 242500, 272035, 304396, 336953, 378235],
  "lastDate": "20_03_24",
  "lastDateRate": 0.760698441958654,
  "lastDateRateList": [426969, 478972, 535950, 593273, 665958, 843325, 943646, 1044575, 1172551, 1484841, 1661476, 1839182, 2064509, 2614357, 2925358, 3238245, 3634978, 4603094, 5150673, 5701573, 6400100, 8104660, 9068782, 10038751, 11268646, 14269862, 15967390, 17675213, 19840687, 25124924, 28113759, 31120720, 34933467, 44237415, 49499852, 54794203, 61507301, 77888748, 87154312, 96476068, 108295809, 137138597, 153452461, 169865263, 190676262, 241459714, 270183509, 299081504, 335723397, 425137742, 475711683, 526592338, 591107662, 748539360, 837584819, 927170309, 1040762340, 1317952085, 1474734286, 1632467318, 1832468630, 2320516183, 2596562360, 2874282663, 3226424662, 4085729228, 4571763302, 5060745006, 5680760875, 7193737086, 8049496523],
  "maxRate": 7.529051987767584,
  "maxRateList": [2068295, 2320201, 2596209, 2873890, 3225986, 19789115, 22143202, 24511557, 27514602, 168782391, 188860521, 209060344, 234673471, 1439553787, 1610801202, 1783086543, 2001542234, 12278029089],
  "minRate": 0.0508677597955707,
  "minRateList": [254835, 285873, 319880, 354093, 397475, 300415, 336152, 372105, 417694, 315696, 353251, 391033, 438941, 331755, 371220, 410924, 461269, 348631, 390103, 431827, 484733, 366365, 409947, 453793, 509390, 385001, 430800, 476876, 535302, 404585, 452714, 501134, 562532, 425165, 475743, 526626, 591147, 446792, 499943, 553414, 621217, 469519, 525374, 581565, 652817, 493402, 552099, 611148, 686024, 518500, 580183, 642236, 720921, 544875, 609696, 674905, 757593, 572592, 640710, 709236, 796130, 601718, 673301, 745313, 836627, 632326, 707550, 783225, 879184, 664491, 743541, 823066, 923906, 698292, 781363, 864934, 970903, 733813, 821109, 908931, 1020291, 771140, 862877, 955166, 1072191, 810366, 906770, 1003753, 1126731, 851588, 952895, 1054812, 1184045, 894906, 1001367, 1108468, 1244275, 940428, 1052304, 1164853, 1307568, 988265, 1105832, 1224106, 1374081, 1038536, 1162083, 1286374, 1443977, 1091364, 1221196, 1351809, 1517429, 1146879, 1283316, 1420572, 1594617, 1205218, 1348595, 1492833, 1675732, 1266525, 1417195, 1568770, 1760973, 1330950, 1489285, 1648570, 1850550, 1398652, 1565042, 1732429, 1944683, 1469798, 1644652, 1820554, 2043605, 1544563, 1728312, 1913162, 2147559, 1623131, 1816227, 2010480, 2256801, 1705696, 1908614, 2112749, 2371599, 1792461, 2005701, 2220220, 2492237, 1883639, 2107727, 2333158, 2619012, 1979455, 2214942, 2451841, 2752235, 2080145, 2327611, 2576561, 2892235, 2185957, 2446011, 2707625, 3039357, 2297152, 2570434, 2845356, 3193962, 2414003, 2701186, 2990093, 3356432, 2536798, 2838589, 3142192, 3527166, 2665839, 2982982, 3302028, 3706585, 2801444, 3134720, 3469995, 3895131, 2943947, 3294176, 3646506, 4093268, 3093699, 3461743, 3831996, 4301483, 3251069, 3637834, 4026921, 4520290, 3416444, 3822882, 4231761, 4750227, 3590231, 4017343, 4447021, 4991860, 3772858, 4221696, 4673231, 5245785, 3964775, 4436444, 4910948, 5512626, 4166454, 4662116, 5160757, 5793041, 4378392, 4899267, 5423273, 6087720, 4601111, 5148482, 5699143, 6397389, 4835159, 5410374, 5989046, 6722810, 5081113, 5685588, 6293695, 7064784, 5339578, 5974801, 6613841, 7424154, 5611190, 6278726, 6950272, 7801804, 5896619, 6598111, 7303817, 8198664, 6196567, 6933742, 7675346, 8615712, 6511772, 7286446, 8065774, 9053974, 6843011, 7657091, 8476062, 9514529, 7191100, 8046590, 8907220, 9998512, 7556895, 8455902, 9360310, 10507114, 7941297, 8886035, 9836448, 11041587, 8345253, 9338048, 10336806, 11603248, 8769757, 9813054, 10862616, 12193479, 9215855, 10312222, 11415173, 12813734, 9684645, 10836782, 11995837, 13465540, 10177281, 11388025, 12606038, 14150502, 10694976, 11967308, 13247279, 14870306, 11239005, 12576058, 13921138, 15626725, 11810708, 13215774, 14629275, 16421621, 12411492, 13888031, 15373433, 17256952, 13042837, 14594484, 16155445, 18134774, 13706297, 15336873, 16977236, 19057249, 14403506, 16117025, 17840830, 20026649, 15136180, 16936862, 18748353, 21045360, 15906124, 17798402, 19702040, 22115890, 16715233, 18703767, 20704239, 23240876, 17565499, 19655186, 21757417, 24423087, 18459017, 20655001, 22864168, 25665435, 19397986, 21705675, 24027217, 26970978, 20384718, 22809794, 25249428, 28342931, 21421643, 23970077, 26533810, 29784672, 22511314, 25189381, 27883525, 31299752, 23656414, 26470708, 29301897, 32891900, 24859763, 27817214, 30792419, 34565037, 26124323, 29232213, 32358760, 36323283, 27453209, 30719190, 34004778, 38170967, 28849692, 32281806, 35734525, 40112639, 30317211, 33923909, 37552260, 42153079, 31859380, 35649542, 39462459, 44297312, 33479995, 37462954, 41469826, 46550617, 35183047, 39368611, 43579303, 48918543, 36972730, 41371204, 45796085, 51406920, 38853450, 43475664, 48125629, 54021875, 40829838, 45687174, 50573672, 56769847, 42906760, 48011178, 53146241, 59657602, 45089331, 50453399, 55849671, 62692251, 47382924, 53019850, 58690619, 65881265, 49793187, 55716851, 61676079, 69232497, 52326055, 58551042, 64813403, 72754199, 54987764, 61529402, 68110316, 76455042, 57784868, 64659265, 71574935, 80344139, 60724255, 67948337, 75215792, 84431065, 63813162, 71404717, 79041851, 88725884, 67059195, 75036915, 83062533, 93239171, 70470346, 78853875, 87287738, 97982039, 74055015, 82864995, 91727870, 102966166, 77822028, 87080152, 96393861, 108203824, 81780660, 91509724, 101297201, 113707910, 85940659, 96164619, 106449963, 119491977, 90312268, 101056298, 111864834, 125570266, 94906251, 106196805, 117555148, 131957744, 99733919, 111598799, 123534915, 138670139, 104807160, 117275580, 129818859, 145723978, 110138465, 123241126, 136422454, 153136630, 115740962, 129510126, 143361959, 160926347, 121628445, 136098016, 150654461, 169112310, 127815412, 143021017, 158317916, 177714674, 134317096, 150296176, 166371194, 186754621, 141149506, 157941406, 174834124, 196254410, 148329465, 165975532, 183727544, 206237432, 155874653, 174418335, 193073353, 216728268, 163803647, 183290605, 202894562, 227752749, 172135972, 192614187, 213215354, 239338021, 180892143, 202412039, 224061141, 251512610, 190093721, 212708286, 235458629, 264306493, 199763363, 223528280, 247435882, 277751172, 209924878, 234898663, 260022391, 291879752, 220603286, 246847432, 273249148, 306727021, 231824881, 259404008, 287148720, 322329537, 243617293, 272599309, 301755332, 338725718, 256009559, 286465825, 317104950, 355955936, 269032192, 301037700, 333235368, 374062617, 282717257, 316350813, 350186305, 393090344, 297098451, 332442870, 367999498, 413085969, 312211184, 349353494, 386718808, 434098727, 328092668, 367124324, 406390327, 456180357, 344782007, 385799116, 427062493, 479385230, 362320295, 405423853, 448786205, 503770483, 380750717, 426046856, 471614954, 529396159, 400118653, 447718905, 495604950, 556325356, 420471793, 470493363, 520815264, 584624381, 441860251, 494426306, 547307970, 614362914, 464336692, 519576665, 575148300, 645614179, 487956459, 546006366, 604404806, 678455126, 512777711, 573780487, 635149524, 712966618, 538861564, 602967415, 667458157, 749233633, 566272245, 633639017, 701410258, 787345469, 595077246, 665870814, 737089427, 827395969, 625347492, 699742171, 774583515, 869483748, 657157518, 735336488, 813984843, 913712438, 690585649, 772741408, 855390428, 960190943, 725714194, 812049032, 898902223, 1009033705, 762629649, 853356147, 944627365, 1060360989, 801422911, 896764463, 992678443, 1114299177, 842189499, 942380862, 1043173772, 1170981080, 885029792, 990317665, 1096237685, 1230546264, 930049275, 1040692906, 1152000840, 1293141396, 977358798, 1093630623, 