{
  "input": [555, 654, 941, 1434, 2118, 2927, 5578, 6166, 8234, 9927, 12038, 16787, 19881, 23892, 27635, 30794, 34391, 37120, 40150],
  "lastDate": "20_02_10",
  "lastDateRate": 0.6804788213627992,
  "lastDateRateList": [46440, 51749, 57793, 62379, 67471, 86963, 97120, 104827, 113384, 146139, 163208, 176160, 190539, 245583, 274268, 296033, 320197, 412697, 460902, 497477, 538084, 693529, 774536, 836000, 904239, 1165461, 1301591, 1404880, 1519554, 1958533, 2187296, 2360871, 2553578, 3291273, 3675705, 3967394, 4291234, 5530915, 6176944, 6667122, 7211328, 9294586, 10380224, 11203957, 12118484, 15619355, 17443747, 18828012, 20364856, 26247995, 29313847, 31640075, 34222709, 44109200, 49261299, 53170476, 57510538, 74124576, 82782570, 89351859, 96645241, 124564780, 139114356, 150153907, 162410281, 209328475, 233778729, 252330461, 272927038, 351772069, 392860203, 424035996, 458648107, 591145512, 660193251, 712583511, 770748430, 993407513, 1109440776, 1197481499, 1295226413, 1669400287, 1864391728, 2012342298, 2176600556, 2805391827, 3133070814, 3381698613, 3657731137, 4714401551, 5265059149, 5682872899, 6146739710, 7922451962],
  "maxRate": 7.529051987767584,
  "maxRateList": [235700, 262644, 293323, 316598, 342441, 2240104, 2501767, 2700281, 2920697, 19105963, 21337701, 23030837, 24910777, 162955752, 181990361, 196431206, 212465312, 1389858081, 1552205250, 1675371968, 1812127692, 11854171828],
  "minRate": 0.6804788213627992,
  "minRateList": [46440, 51749, 57793, 62379, 67471, 86963, 97120, 104827, 113384, 146139, 163208, 176160, 190539, 245583, 274268, 296033, 320197, 412697, 460902, 497477, 538084, 693529, 774536, 836000, 904239, 1165461, 1301591, 1404880, 1519554, 1958533, 2187296, 2360871, 2553578, 3291273, 3675705, 3967394, 4291234, 5530915, 6176944, 6667122, 7211328, 9294586, 10380224, 11203957, 12118484, 15619355, 17443747, 18828012, 20364856, 26247995, 29313847, 31640075, 34222709, 44109200, 49261299, 53170476, 57510538, 74124576, 82782570, 89351859, 96645241, 124564780, 139114356, 150153907, 162410281, 209328475, 233778729, 252330461, 272927038, 351772069, 392860203, 424035996, 458648107, 591145512, 660193251, 712583511, 770748430, 993407513, 1109440776, 1197481499, 1295226413, 1669400287, 1864391728, 2012342298, 2176600556, 2805391827, 3133070814, 3381698613, 3657731137, 4714401551, 5265059149, 5682872899, 6146739710, 7922451962],
  "province": "Global",
  "r0": [4.273873873873874, 7.529051987767584, 5.552603613177471, 4.741980474198048, 3.686968838526912, 3.1127434233003073, 2.0095016134815347, 2.2242945183263054, 1.901627398591207, 1.783821899869044, 1.558066123940854, 1.048668612616906, 0.8671093003370052, 0.6804788213627992]
}