{
  "input": [555, 654, 941, 1434, 2118, 2927, 5578, 6166, 8234, 9927, 12038, 16787, 19881, 23892, 27635, 30794, 34391, 37120, 40150, 42762, 44802, 45221, 60368, 66885, 69030],
  "lastDate": "20_02_16",
  "lastDateRate": 0.6142837098358356,
  "lastDateRateList": [72323, 73000, 97451, 107971, 111434, 117843, 157314, 174296, 179886, 190232, 253949, 281363, 290387, 307088, 409946, 454200, 468767, 495727, 661769, 733208, 756723, 800244, 1068283, 1183606, 1221566, 1291821, 1724512, 1910676, 1971954, 2085366, 2783852, 3084373, 3183293, 3366372, 4493927, 4979053, 5138738, 5434279, 7254473, 8037604, 8295381, 8772468, 11710778, 12974973, 13391098, 14161252, 18904518, 20945288, 21617031, 22860278, 30517255, 33811637, 34896021, 36902974, 49263508, 54581575, 56332078, 59571870, 79525278, 88110147, 90935956, 96165899, 128376361, 142234775, 146796432, 155239044, 207235868, 229607280, 236971089, 250599860, 334537486, 370651292, 382538569, 404539272, 540038414, 598336343, 617525780, 653041157, 871775214, 965884612, 996861807, 1054193702, 1407292527, 1559211795, 1609217776, 1701767720, 2271769401, 2517010201, 2597734041, 2747135908, 3667280337, 4063168565, 4193479745, 4434656745, 5920030907, 6559106825, 6769466040, 7158794142, 9556609455],
  "maxRate": 7.529051987767584,
  "maxRateList": [382119, 385692, 514882, 570466, 588760, 3289587, 4391455, 4865534, 5021565, 28057059, 37454948, 41498392, 42829189, 239300115, 319455199, 353941943, 365292380, 2041003122, 2724650000, 3018789232, 3115597700, 17407821735],
  "minRate": 0.3149079701084586,
  "minRateList": [58911, 59461, 79378, 87948, 90768, 78186, 104375, 115644, 119352, 102807, 137244, 152061, 156937, 135182, 180463, 199946, 206358, 177752, 237292, 262911, 271342, 233728, 312017, 345704, 356790, 307331, 410274, 454569, 469146, 404112, 539473, 597716, 616884, 531370, 709357, 785942, 811146, 698703, 932739, 1033441, 1066582, 918730, 1226466, 1358880, 1402457, 1208045, 1612690, 1786802, 1844102, 1588468, 2120539, 2349480, 2424824, 2088689, 2788314, 3089350, 3188420, 2746434, 3666376, 4062211, 4192479, 3611308, 4820947, 5341434, 5512724, 4748538, 6339102, 7023494, 7248725, 6243890, 8335336, 9235248, 9531406, 8210141, 10960200, 12143501, 12532922, 10795580, 14411654, 15967586, 16479639, 14195194, 18949999, 20995906, 21669209, 18665374, 24917505, 27607684, 28493016, 24543249, 32764226, 36301564, 37465694, 32272114, 43081942, 47733216, 49263940, 42434860, 56648789, 62764786, 64777547, 55797936, 74487944, 82529917, 85176513, 73369151, 97944791, 108519246, 111999276, 96473681, 128788386, 142692821, 147268741, 126854012, 169344875, 187627928, 193644841, 166801351, 222672926, 246713458, 254625145, 219328426, 292794405, 324405492, 334808633, 288396695, 384997697, 426563367, 440242540, 379215113, 506236540, 560891571, 578878425, 498632974, 665654461, 737520797, 761171855, 655656472, 875274356, 969771974, 1000870939, 862127921, 1150905227, 1275160898, 1316053175, 1133618875, 1513334456, 1676719228, 1730488809, 1490604494, 1989895538, 2204731477, 2275433527, 1960007729, 2616529503, 2899018991, 2991985680, 2577229784, 3440495498, 3811943177, 3934185817, 3388819984, 4523934951, 5012354465, 5173092287, 4455986406, 5948558123, 6590784835, 6802140278, 5859212040, 7821806487],
  "province": "Global",
  "r0": [4.273873873873874, 7.529051987767584, 5.552603613177471, 4.741980474198048, 3.686968838526912, 3.1127434233003073, 2.0095016134815347, 2.2242945183263054, 1.901627398591207, 1.783821899869044, 1.558066123940854, 1.048668612616906, 0.8671093003370052, 0.6804788213627992, 0.5473855617875882, 0.45489381048256156, 0.3149079701084586, 0.6262931034482758, 0.6658779576587796, 0.6142837098358356]
}