{
  "input": [555, 654, 941, 1434, 2118, 2927, 5578, 6166, 8234, 9927, 12038, 16787, 19881, 23892, 27635, 30794, 34391, 37120, 40150, 42762, 44802, 45221, 60368, 66885, 69030, 71224, 73258, 75136, 75639, 76197, 76819, 78572, 78958, 79561, 80406, 81388, 82746, 84112, 86011, 88369, 90306, 92840, 95120, 97886, 101801, 105847, 109821, 113590, 118620, 125875, 128352, 145205, 156101, 167454, 181574],
  "lastDate": "20_03_17",
  "lastDateRate": 0.4424945382323734,
  "lastDateRateList": [185147, 209457, 225175, 241551, 261920, 302141, 324814, 348436, 377818, 435837, 468542, 502617, 545000, 628692, 675869, 725022, 786160, 906885, 974937, 1045840, 1134032, 1308177, 1406341, 1508618, 1635835, 1887038, 2028639, 2176173, 2359683, 2722042, 2926301, 3139118, 3403830, 3926531, 4221173, 4528161, 4910006, 5664000, 6089019, 6531848, 7082657, 8170289, 8783377, 9422155, 10216694, 11785597, 12669973, 13591407, 14737525, 17000659, 18276367, 19605530, 21258799, 24523358, 26363560, 28280870, 30665701, 35374810, 38029291, 40795001, 44235106, 51027970, 54857045, 58846566, 63808899, 73607568, 79130988, 84885850, 92043988, 106178515, 114146018, 122447375, 132772950, 153161928, 164655008, 176629670, 191524255, 220935245, 237513950, 254787334, 276272692, 318697884, 342612576, 367529338, 398521849, 459719957, 494216770, 530159063, 574865591, 663143527, 712904991, 764751553, 829240475, 956580916, 1028361556, 1103149938, 1196174856, 1379862747, 1483405928, 1591287760, 1725475697, 1990444476, 2139804949, 2295423903, 2488989269, 2871205285, 3086656952, 3311136443, 3590353426, 4141697942, 4452485795, 4776296234, 5179065207, 5974376660, 6422686441, 6889781231, 7470773274, 8618005701],
  "maxRate": 7.529051987767584,
  "maxRateList": [1094721, 1238461, 1331394, 1428224, 1548654, 10562898, 11355529, 12181397, 13208550, 90091506, 96851897, 103895768, 112656410, 768395138, 826054865, 886132407, 960852378, 6553682079, 7045464888, 7557869367, 8195159885],
  "minRate": 0.0508677597955707,
  "minRateList": [134881, 152591, 164042, 175972, 190810, 160353, 172386, 184923, 200516, 168510, 181155, 194330, 210716, 177082, 190370, 204215, 221435, 186090, 200054, 214603, 232699, 195556, 210230, 225519, 244536, 205503, 220924, 236991, 256975, 215956, 232162, 249046, 270047, 226941, 243972, 261714, 283784, 238485, 256382, 275027, 298219, 250616, 269424, 289017, 313389, 263364, 283129, 303719, 329330, 276761, 297531, 319169, 346082, 290839, 312666, 335404, 363686, 305633, 328571, 352465, 382186, 321180, 345285, 370394, 401627, 337518, 362849, 389235, 422057, 354687, 381306, 409035, 443526, 372729, 400702, 429842, 466087, 391689, 421085, 451707, 489796, 411613, 442505, 474684, 514711, 432551, 465014, 498830, 540893, 454554, 488668, 524204, 568407, 477676, 513525, 550869, 597321, 501974, 539647, 578890, 627705, 527508, 567098, 608337, 659635, 554341, 595945, 639282, 693189, 582539, 626259, 671801, 728450, 612171, 658115, 705974, 765505, 643311, 691592, 741885, 804445, 676035, 726772, 779623, 845365, 710423, 763741, 819281, 888367, 746561, 802591, 860956, 933556, 784537, 843417, 904751, 981044, 824445, 886320, 950774, 1030948, 866383, 931405, 999138, 1083390, 910454, 978783, 1049962, 1138500, 956767, 1028571, 1103371, 1196413, 1005436, 1080892, 1159497, 1257272, 1056580, 1135875, 1218478, 1321227, 1110326, 1193654, 1280459, 1388435, 1166806, 1254373, 1345593, 1459062, 1226159, 1318180, 1414040, 1533281, 1288531, 1385233, 1485969, 1611276, 1354076, 1455697, 1561557, 1693238, 1422955, 1529745, 1640990, 1779369, 1495338, 1607560, 1724463, 1869882, 1571402, 1689333, 1812183, 1964999, 1651336, 1775266, 1904365, 2064954, 1735336, 1865570, 2001236, 2169994, 1823609, 1960467, 2103034, 2280377, 1916372, 2060192, 2210011, 2396375, 2013854, 2164989, 2322429, 2518273, 2116294, 2275117, 2440566, 2646372, 2223945, 2390847, 2564712, 2780987, 2337072, 2512464, 2695173, 2922450, 2455954, 2640267, 2832270, 3071108, 2580883, 2774571, 2976341, 3227328, 2712167, 2915707, 3127741, 3391495, 2850129, 3064022, 3286842, 3564013, 2995109, 3219882, 3454036, 3745306, 3147463, 3383670, 3629735, 3935821, 3307567, 3555790, 3814371, 4136027, 3475816, 3736665, 4008400, 4346417, 3652623, 3926741, 4212298, 4567509, 3838424, 4126486, 4426568, 4799848, 4033676, 4336391, 4651738, 5044006, 4238860, 4556973, 4888361, 5300583, 4454481, 4788776, 5137021, 5570212, 4681070, 5032370, 5398330, 5853556, 4919186, 5288355, 5672931, 6151313, 5169414, 5557362, 5961500, 6464217, 5432371, 5840053, 6264748, 6793037, 5708704, 6137123, 6583422, 7138584, 5999093, 6449305, 6918306, 7501708, 6304253, 6777367, 7270225, 7883303, 6624936, 7122116, 7640045, 8284309, 6961932, 7484402, 8028677, 8705713, 7316070, 7865117, 8437078, 9148553, 7688222, 8265198, 8866253, 9613919, 8079305, 8685630, 9317259, 10102958, 8490281, 9127449, 9791207, 10616873, 8922163, 9591742, 10289264, 11156930, 9376013, 10079652, 10812656, 11724458, 9852950, 10592381, 11362672, 12320855, 10354147, 11131192, 11940666, 12947589, 10880839, 11697411, 12548061, 13606204, 11434323, 12292432, 13186353, 14298321, 12015961, 12917720, 13857113, 15025645, 12627186, 13574815, 14561993, 15789966, 13269503, 14265335, 15302729, 16593166, 13944493, 14990981, 16081145, 17437223, 14653818, 15753539, 16899157, 18324215, 15399225, 16554886, 17758779, 19256327, 16182549, 17396996, 18662128, 20235853, 17005719, 18281942, 19611429, 21265206, 17870762, 19211903, 20609018, 22346919, 18779808, 20189169, 21657353, 23483657, 19735095, 21216147, 22759014, 24678218, 20738975, 22295365, 23916714, 25933544, 21793920, 23429480, 25133304, 27252725, 22902528, 24621285, 26411779, 28639010, 24067528, 25873715, 27755287, 30095812, 25291789, 27189853, 29167136, 31626719, 26578326, 28572940, 30650803, 33235499, 27930306, 30026381, 32209941, 34926114, 29351058, 31553756, 33848389, 36702727, 30844081, 33158825, 35570181, 38569713, 32413050, 34845540, 37379556, 40531668, 34061829, 36618055, 39280970, 42593423, 35794478, 38480733, 41279105, 44760055, 37615263, 40438162, 43378881, 47036899, 39528667, 42495161, 45585467, 49429561, 41539402, 44656795, 47904298, 51943932, 43652418, 46928386, 50341082, 54586203, 45872919, 49315528, 52901820, 57362881, 48206372, 51824098, 55592817, 60280802, 50658522, 54460274, 58420699, 63347151, 53235408, 57230546, 61392429, 66569479, 55943374, 60141736, 64515324, 69955719, 58789088, 63201011, 67797074, 73514210, 61779557, 66415905, 71245759, 77253713, 64922145, 69794333, 74869871, 81183436, 68224589, 73344614, 78678334, 85313056, 71695021, 77075490, 82680525, 89652740, 75341986, 80996148, 86886298, 94213174, 79174464, 85116241, 91306009, 99005587, 83201892, 89445914, 95950541, 104041779, 87434186, 93995827, 100831330, 109334151, 91881767, 98777184, 105960394, 114895734, 96555587, 103801758, 111350362, 120740223, 101467153, 109081921, 117014505, 126882008, 106628560, 114630674, 122966771, 133336212, 112052516, 120461680, 129221815, 140118726, 117752376, 126589296, 135795039, 147246252, 123742176, 133028610, 142702628, 154736339, 130036663, 139795477, 149961591, 162607430, 136651337, 146906560, 157589801, 170878906, 143602484, 154379368, 165606041, 179571133, 150907221, 162232301, 174030049, 188705514, 158583533, 170484695, 182882568, 198304541, 166650322, 179156870, 192185395, 208391849, 175127451, 188270179, 201961436, 218992276, 184035792, 197847061, 212234762, 230131922, 193397280, 207911098, 223030669, 241838217, 203234966, 218487070, 234375739, 254139985, 213573073, 229601018, 246297908, 267067517, 224437057, 241280307, 258826531, 280652643, 235853667, 253553696, 271992457, 294928814, 247851015, 266451405, 285828104, 309931182, 260458641, 280005191, 300367539, 325696687, 273707589, 294248428, 315646563, 342264148, 287630481, 309216186, 331702797, 359674358, 302261599, 324945321, 348575775, 377970187, 317636969, 341474562, 366307044, 397196684, 333794450, 358844608, 384940263, 417401190, 350773826, 377098229, 404521312, 438633453, 368616905, 396280371, 425098405, 460945754, 387367621, 416438266, 446722209, 