{
  "input": [555, 654, 941, 1434, 2118, 2927, 5578, 6166, 8234, 9927, 12038, 16787, 19881, 23892, 27635, 30794, 34391, 37120, 40150, 42762, 44802, 45221, 60368, 66885, 69030, 71224, 73258, 75136],
  "lastDate": "20_02_19",
  "lastDateRate": 0.24463291810230586,
  "lastDateRateList": [83247, 85917, 88648, 91179, 93517, 106935, 110334, 113484, 116394, 133095, 137325, 141246, 144868, 165654, 170919, 175799, 180307, 206178, 212731, 218805, 224416, 256616, 264772, 272332, 279316, 319393, 329544, 338953, 347646, 397527, 410161, 421872, 432692, 494775, 510500, 525076, 538543, 615813, 635385, 653527, 670288, 766461, 790821, 813401, 834263, 953963, 984282, 1012386, 1038351, 1187334, 1225070, 1260049, 1292366, 1477795, 1524762, 1568298, 1608521, 1839312, 1897769, 1951955, 2002018, 2289268, 2362026, 2429467, 2491778, 2849298, 2939855, 3023795, 3101349, 3546330, 3659040, 3763515, 3860041, 4413879, 4554162, 4684195, 4804334, 5493659, 5668260, 5830103, 5979632, 6837589, 7054903, 7256338, 7442447, 8510288, 8780765, 9031477, 9263115, 10592185, 10928829, 11240874, 11529178, 13183382, 13602380, 13990762, 14349594, 16408471, 16929970, 17413363, 17859977, 20422523, 21071598, 21673245, 22229115, 25418544, 26226405, 26975234, 27667088, 31636757, 32642247, 33574264, 34435368, 39376149, 40627615, 41787634, 42859393, 49008851, 50566467, 52010265, 53344211, 60998029, 62936689, 64733688, 66393961, 75920155, 78333075, 80569679, 82636109, 94492724, 97495924, 100279675, 102851621, 117608755, 121346636, 124811385, 128012513, 146379728, 151032018, 155344358, 159328588, 182189028, 187979421, 193346702, 198305605, 226758462, 233965375, 240645670, 246817684, 282231046, 291201007, 299515522, 307197414, 351274050, 362438359, 372786878, 382348014, 437207246, 451102712, 463982820, 475882924, 544162530, 561457285, 577488291, 592299552, 677282598, 698808219, 718760937, 737195520, 842968216, 869759713, 894593522, 917537811, 1049185991, 1082531570, 1113440546, 1141997763, 1305851422, 1347354427, 1385824756, 1421368008, 1625305666, 1676961672, 1724843110, 1769081411, 2022908934, 2087201699, 2146796513, 2201856959, 2517779050, 2597799941, 2671973609, 2740503652, 3133710686, 3233307321, 3325626310, 3410921057, 3900319476, 4024280726, 4139183979, 4245344629, 4854466011, 5008752263, 5151764634, 5283895674, 6042028197, 6234057945, 6412055850, 6576510492, 7520107186, 7759113732, 7980655784],
  "maxRate": 7.529051987767584,
  "maxRateList": [570466, 588760, 607473, 624821, 640839, 5021565, 5181169, 5329131, 5465749, 42829189, 44190460, 45452435, 46617657, 365292380, 376902731, 387666181, 397604420, 3115597700, 3214622987, 3306425012, 3391188769, 26573094756],
  "minRate": 0.24463291810230586,
  "minRateList": [83247, 85917, 88648, 91179, 93517, 106935, 110334, 113484, 116394, 133095, 137325, 141246, 144868, 165654, 170919, 175799, 180307, 206178, 212731, 218805, 224416, 256616, 264772, 272332, 279316, 319393, 329544, 338953, 347646, 397527, 410161, 421872, 432692, 494775, 510500, 525076, 538543, 615813, 635385, 653527, 670288, 766461, 790821, 813401, 834263, 953963, 984282, 1012386, 1038351, 1187334, 1225070, 1260049, 1292366, 1477795, 1524762, 1568298, 1608521, 1839312, 1897769, 1951955, 2002018, 2289268, 2362026, 2429467, 2491778, 2849298, 2939855, 3023795, 3101349, 3546330, 3659040, 3763515, 3860041, 4413879, 4554162, 4684195, 4804334, 5493659, 5668260, 5830103, 5979632, 6837589, 7054903, 7256338, 7442447, 8510288, 8780765, 9031477, 9263115, 10592185, 10928829, 11240874, 11529178, 13183382, 13602380, 13990762, 14349594, 16408471, 16929970, 17413363, 17859977, 20422523, 21071598, 21673245, 22229115, 25418544, 26226405, 26975234, 27667088, 31636757, 32642247, 33574264, 34435368, 39376149, 40627615, 41787634, 42859393, 49008851, 50566467, 52010265, 53344211, 60998029, 62936689, 64733688, 66393961, 75920155, 78333075, 80569679, 82636109, 94492724, 97495924, 100279675, 102851621, 117608755, 121346636, 124811385, 128012513, 146379728, 151032018, 155344358, 159328588, 182189028, 187979421, 193346702, 198305605, 226758462, 233965375, 240645670, 246817684, 282231046, 291201007, 299515522, 307197414, 351274050, 362438359, 372786878, 382348014, 437207246, 451102712, 463982820, 475882924, 544162530, 561457285, 577488291, 592299552, 677282598, 698808219, 718760937, 737195520, 842968216, 869759713, 894593522, 917537811, 1049185991, 1082531570, 1113440546, 1141997763, 1305851422, 1347354427, 1385824756, 1421368008, 1625305666, 1676961672, 1724843110, 1769081411, 2022908934, 2087201699, 2146796513, 2201856959, 2517779050, 2597799941, 2671973609, 2740503652, 3133710686, 3233307321, 3325626310, 3410921057, 3900319476, 4024280726, 4139183979, 4245344629, 4854466011, 5008752263, 5151764634, 5283895674, 6042028197, 6234057945, 6412055850, 6576510492, 7520107186, 7759113732, 7980655784],
  "province": "Global",
  "r0": [4.273873873873874, 7.529051987767584, 5.552603613177471, 4.741980474198048, 3.686968838526912, 3.1127434233003073, 2.0095016134815347, 2.2242945183263054, 1.901627398591207, 1.783821899869044, 1.558066123940854, 1.048668612616906, 0.8671093003370052, 0.6804788213627992, 0.5473855617875882, 0.45489381048256156, 0.3149079701084586, 0.6262931034482758, 0.6658779576587796, 0.6142837098358356, 0.5897504575688586, 0.6199995577276044, 0.24463291810230586]
}