{
  "input": [555, 654, 941, 1434, 2118, 2927, 5578, 6166, 8234, 9927, 12038, 16787, 19881, 23892, 27635, 30794, 34391, 37120, 40150, 42762, 44802, 45221, 60368, 66885, 69030, 71224, 73258, 75136, 75639, 76197, 76819, 78572, 78958, 79561, 80406, 81388, 82746, 84112, 86011, 88369, 90306, 92840, 95120, 97886, 101801, 105847, 109821, 113590, 118620, 125875, 128352, 145205, 156101, 167454, 181574, 197102, 214821, 242500, 272035, 304396, 336953],
  "lastDate": "20_03_23",
  "lastDateRate": 0.7095361792371463,
  "lastDateRateList": [367244, 414563, 465054, 520376, 576033, 708710, 795027, 889602, 984749, 1211565, 1359127, 1520807, 1683464, 2071214, 2323477, 2599875, 2877943, 3540815, 3972068, 4444580, 4919948, 6053151, 6790394, 7598170, 8410829, 10348081, 11608424, 12989347, 14378616, 17690419, 19845021, 22205759, 24580764, 30242411, 33925781, 37961548, 42021705, 51700496, 57997350, 64896640, 71837625, 88383868, 99148568, 110943154, 122809019, 151095420, 169498064, 189661336, 209946461, 258303087, 289763073, 324232916, 358911071, 441578472, 495360457, 554287900, 613571461, 754894374, 846836623, 947575219, 1048922611, 1290519244, 1447697845, 1619914119, 1793171153, 2206189338, 2474891843, 2769301794, 3065490962, 3771560492, 4230917145, 4734221608, 5240567707, 6447619113, 7232905931, 8093323119],
  "maxRate": 7.529051987767584,
  "maxRateList": [1832219, 2068295, 2320201, 2596209, 2873890, 17640596, 19789115, 22143202, 24511557, 150457560, 168782391, 188860521, 209060344, 1283260351, 1439553787, 1610801202, 1783086543, 10944994248],
  "minRate": 0.0508677597955707,
  "minRateList": [225748, 254835, 285873, 319880, 354093, 267798, 300415, 336152, 372105, 281420, 315696, 353251, 391033, 295735, 331755, 371220, 410924, 310778, 348631, 390103, 431827, 326587, 366365, 409947, 453793, 343200, 385001, 430800, 476876, 360658, 404585, 452714, 501134, 379004, 425165, 475743, 526626, 398283, 446792, 499943, 553414, 418543, 469519, 525374, 581565, 439833, 493402, 552099, 611148, 462206, 518500, 580183, 642236, 485717, 544875, 609696, 674905, 510424, 572592, 640710, 709236, 536388, 601718, 673301, 745313, 563673, 632326, 707550, 783225, 592346, 664491, 743541, 823066, 622477, 698292, 781363, 864934, 654141, 733813, 821109, 908931, 687416, 771140, 862877, 955166, 722383, 810366, 906770, 1003753, 759129, 851588, 952895, 1054812, 797744, 894906, 1001367, 1108468, 838323, 940428, 1052304, 1164853, 880967, 988265, 1105832, 1224106, 925780, 1038536, 1162083, 1286374, 972872, 1091364, 1221196, 1351809, 1022360, 1146879, 1283316, 1420572, 1074365, 1205218, 1348595, 1492833, 1129016, 1266525, 1417195, 1568770, 1186447, 1330950, 1489285, 1648570, 1246799, 1398652, 1565042, 1732429, 1310221, 1469798, 1644652, 1820554, 1376869, 1544563, 1728312, 1913162, 1446907, 1623131, 1816227, 2010480, 1520508, 1705696, 1908614, 2112749, 1597853, 1792461, 2005701, 2220220, 1679132, 1883639, 2107727, 2333158, 1764546, 1979455, 2214942, 2451841, 1854305, 2080145, 2327611, 2576561, 1948629, 2185957, 2446011, 2707625, 2047751, 2297152, 2570434, 2845356, 2151916, 2414003, 2701186, 2990093, 2261379, 2536798, 2838589, 3142192, 2376410, 2665839, 2982982, 3302028, 2497293, 2801444, 3134720, 3469995, 2624325, 2943947, 3294176, 3646506, 2757819, 3093699, 3461743, 3831996, 2898103, 3251069, 3637834, 4026921, 3045523, 3416444, 3822882, 4231761, 3200442, 3590231, 4017343, 4447021, 3363241, 3772858, 4221696, 4673231, 3534322, 3964775, 4436444, 4910948, 3714105, 4166454, 4662116, 5160757, 3903033, 4378392, 4899267, 5423273, 4101572, 4601111, 5148482, 5699143, 4310210, 4835159, 5410374, 5989046, 4529461, 5081113, 5685588, 6293695, 4759865, 5339578, 5974801, 6613841, 5001989, 5611190, 6278726, 6950272, 5256429, 5896619, 6598111, 7303817, 5523812, 6196567, 6933742, 7675346, 5804796, 6511772, 7286446, 8065774, 6100073, 6843011, 7657091, 8476062, 6410370, 7191100, 8046590, 8907220, 6736451, 7556895, 8455902, 9360310, 7079119, 7941297, 8886035, 9836448, 7439218, 8345253, 9338048, 10336806, 7817634, 8769757, 9813054, 10862616, 8215300, 9215855, 10312222, 11415173, 8633194, 9684645, 10836782, 11995837, 9072345, 10177281, 11388025, 12606038, 9533835, 10694976, 11967308, 13247279, 10018800, 11239005, 12576058, 13921138, 10528434, 11810708, 13215774, 14629275, 11063992, 12411492, 13888031, 15373433, 11626792, 13042837, 14594484, 16155445, 12218221, 13706297, 15336873, 16977236, 12839735, 14403506, 16117025, 17840830, 13492864, 15136180, 16936862, 18748353, 14179216, 15906124, 17798402, 19702040, 14900481, 16715233, 18703767, 20704239, 15658435, 17565499, 19655186, 21757417, 16454945, 18459017, 20655001, 22864168, 17291971, 19397986, 21705675, 24027217, 18171575, 20384718, 22809794, 25249428, 19095922, 21421643, 23970077, 26533810, 20067289, 22511314, 25189381, 27883525, 21088067, 23656414, 26470708, 29301897, 22160770, 24859763, 27817214, 30792419, 23288039, 26124323, 29232213, 32358760, 24472649, 27453209, 30719190, 34004778, 25717518, 28849692, 32281806, 35734525, 27025711, 30317211, 33923909, 37552260, 28400448, 31859380, 35649542, 39462459, 29845115, 33479995, 37462954, 41469826, 31363269, 35183047, 39368611, 43579303, 32958648, 36972730, 41371204, 45796085, 34635181, 38853450, 43475664, 48125629, 36396995, 40829838, 45687174, 50573672, 38248429, 42906760, 48011178, 53146241, 40194041, 45089331, 50453399, 55849671, 42238622, 47382924, 53019850, 58690619, 44387206, 49793187, 55716851, 61676079, 46645084, 52326055, 58551042, 64813403, 49017815, 54987764, 61529402, 68110316, 51511241, 57784868, 64659265, 71574935, 54131502, 60724255, 67948337, 75215792, 56885050, 63813162, 71404717, 79041851, 59778665, 67059195, 75036915, 83062533, 62819472, 70470346, 78853875, 87287738, 66014958, 74055015, 82864995, 91727870, 69372991, 77822028, 87080152, 96393861, 72901840, 81780660, 91509724, 101297201, 76610193, 85940659, 96164619, 106449963, 80507182, 90312268, 101056298, 111864834, 84602402, 94906251, 106196805, 117555148, 88905937, 99733919, 111598799, 123534915, 93428383, 104807160, 117275580, 129818859, 98180876, 110138465, 123241126, 136422454, 103175117, 115740962, 129510126, 143361959, 108423404, 121628445, 136098016, 150654461, 113938660, 127815412, 143021017, 158317916, 119734464, 134317096, 150296176, 166371194, 125825088, 141149506, 157941406, 174834124, 132225528, 148329465, 165975532, 183727544, 138951544, 155874653, 174418335, 193073353, 146019698, 163803647, 183290605, 202894562, 153447393, 172135972, 192614187, 213215354, 161252918, 180892143, 202412039, 224061141, 169455493, 190093721, 212708286, 235458629, 178075314, 199763363, 223528280, 247435882, 187133606, 209924878, 234898663, 260022391, 196652673, 220603286, 246847432, 273249148, 206655954, 231824881, 259404008, 287148720, 217168079, 243617293, 272599309, 301755332, 228214933, 256009559, 286465825, 317104950, 239823715, 269032192, 301037700, 333235368, 252023010, 282717257, 316350813, 350186305, 264842856, 297098451, 332442870, 367999498, 278314819, 312211184, 349353494, 386718808, 292472070, 328092668, 367124324, 406390327, 307349469, 344782007, 385799116, 427062493, 322983648, 362320295, 405423853, 448786205, 339413103, 380750717, 426046856, 471614954, 356678287, 400118653, 447718905, 495604950, 374821712, 420471793, 470493363, 520815264, 393888053, 441860251, 494426306, 547307970, 413924256, 464336692, 519576665, 575148300, 434979656, 487956459, 546006366, 604404806, 457106097, 512777711, 573780487, 635149524, 480358060, 538861564, 602967415, 667458157, 504792798, 566272245, 633639017, 701410258, 530470477, 595077246, 665870814, 737089427, 557454322, 625347492, 699742171, 774583515, 585810775, 657157518, 735336488, 813984843, 615609657, 690585649, 772741408, 855390428, 646924341, 725714194, 812049032, 898902223, 679831933, 762629649, 853356147, 944627365, 714413460, 801422911, 896764463, 992678443, 750754072, 842189499, 942380862, 1043173772, 788943250, 885029792, 990317665, 1096237685, 829075026, 930049275, 1040692906, 1152000840, 871248215, 977358798, 