{
  "input": [555, 654, 941, 1434, 2118, 2927, 5578, 6166, 8234, 9927],
  "lastDate": "20_02_01",
  "lastDateRate": 3.686968838526912,
  "lastDateRateList": [13719, 26144, 28900, 38593, 46528, 122536, 135453, 180884, 218075, 574322, 634864, 847798, 1022111, 2691829, 2975588, 3973603, 4790602, 12616519, 13946488, 18624153, 22453402, 59133231, 65366755, 87290825, 105238395, 277155611, 306371944, 409129377, 493249078, 1299019712, 1435955755, 1917576641, 2311843058, 6088464911, 6730279877, 8987621962],
  "maxRate": 7.529051987767584,
  "maxRateList": [24965, 47575, 52590, 70228, 84668, 405770, 448543, 598978, 722138, 3460833, 3825647, 5108715, 6159153, 29517625, 32629142, 43572496, 52531736, 251757358, 278295648, 371632084, 448045907, 2147251595, 2373598050, 3169669365, 3821406834, 18314020485],
  "minRate": 3.686968838526912,
  "minRateList": [13719, 26144, 28900, 38593, 46528, 122536, 135453, 180884, 218075, 574322, 634864, 847798, 1022111, 2691829, 2975588, 3973603, 4790602, 12616519, 13946488, 18624153, 22453402, 59133231, 65366755, 87290825, 105238395, 277155611, 306371944, 409129377, 493249078, 1299019712, 1435955755, 1917576641, 2311843058, 6088464911, 6730279877, 8987621962],
  "province": "Global",
  "r0": [4.273873873873874, 7.529051987767584, 5.552603613177471, 4.741980474198048, 3.686968838526912]
}