{
  "input": [555, 654, 941, 1434, 2118, 2927, 5578, 6166, 8234, 9927, 12038, 16787, 19881, 23892, 27635, 30794, 34391, 37120, 40150, 42762, 44802, 45221, 60368, 66885, 69030, 71224, 73258, 75136, 75639, 76197, 76819, 78572, 78958, 79561, 80406, 81388, 82746, 84112, 86011, 88369, 90306, 92840, 95120, 97886, 101801, 105847, 109821, 113590, 118620, 125875, 128352, 145205, 156101, 167454, 181574, 197102, 214821, 242500, 272035, 304396, 336953, 378235, 418045],
  "lastDate": "20_03_25",
  "lastDateRate": 0.7238969072164948,
  "lastDateRateList": [468960, 524747, 580872, 652038, 720666, 904610, 1001363, 1124046, 1242354, 1559454, 1726247, 1937739, 2141690, 2688338, 2975872, 3340462, 3692053, 4634418, 5130097, 5758612, 6364719, 7989259, 8843758, 9927253, 10972119, 13772659, 15245727, 17113561, 18914802, 23742644, 26282062, 29502015, 32607169, 40929871, 45307565, 50858432, 56211398, 70558878, 78105571, 87674694, 96902655, 121636232, 134645952, 151142134, 167050187, 209688324, 232115740, 260553457, 287977301, 361481053, 400143606, 449167299, 496443179, 623156069, 689806325, 774318118, 855816861, 1074256820, 1189154990, 1334844609, 1475340040, 1851908010, 2049980609, 2301134493, 2543334132, 3192498491, 3533955232, 3966918636, 4384445844, 5503538275, 6092174495, 6838558768, 7558332630, 9487532611],
  "maxRate": 7.529051987767584,
  "maxRateList": [2320201, 2596209, 2873890, 3225986, 3565528, 22143202, 24511557, 27514602, 30410574, 188860521, 209060344, 234673471, 259373367, 1610801202, 1783086543, 2001542234, 2212208931, 13738607194],
  "minRate": 0.0508677597955707,
  "minRateList": [285873, 319880, 354093, 397475, 439310, 336152, 372105, 417694, 461657, 353251, 391033, 438941, 485140, 371220, 410924, 461269, 509818, 390103, 431827, 484733, 535751, 409947, 453793, 509390, 563003, 430800, 476876, 535302, 591642, 452714, 501134, 562532, 621738, 475743, 526626, 591147, 653364, 499943, 553414, 621217, 686599, 525374, 581565, 652817, 721525, 552099, 611148, 686024, 758227, 580183, 642236, 720921, 796796, 609696, 674905, 757593, 837327, 640710, 709236, 796130, 879920, 673301, 745313, 836627, 924680, 707550, 783225, 879184, 971716, 743541, 823066, 923906, 1021145, 781363, 864934, 970903, 1073088, 821109, 908931, 1020291, 1127674, 862877, 955166, 1072191, 1185036, 906770, 1003753, 1126731, 1245316, 952895, 1054812, 1184045, 1308662, 1001367, 1108468, 1244275, 1375231, 1052304, 1164853, 1307568, 1445186, 1105832, 1224106, 1374081, 1518699, 1162083, 1286374, 1443977, 1595952, 1221196, 1351809, 1517429, 1677135, 1283316, 1420572, 1594617, 1762447, 1348595, 1492833, 1675732, 1852099, 1417195, 1568770, 1760973, 1946311, 1489285, 1648570, 1850550, 2045315, 1565042, 1732429, 1944683, 2149356, 1644652, 1820554, 2043605, 2258689, 1728312, 1913162, 2147559, 2373583, 1816227, 2010480, 2256801, 2494322, 1908614, 2112749, 2371599, 2621203, 2005701, 2220220, 2492237, 2754538, 2107727, 2333158, 2619012, 2894655, 2214942, 2451841, 2752235, 3041900, 2327611, 2576561, 2892235, 3196635, 2446011, 2707625, 3039357, 3359241, 2570434, 2845356, 3193962, 3530118, 2701186, 2990093, 3356432, 3709687, 2838589, 3142192, 3527166, 3898390, 2982982, 3302028, 3706585, 4096692, 3134720, 3469995, 3895131, 4305082, 3294176, 3646506, 4093268, 4524072, 3461743, 3831996, 4301483, 4754201, 3637834, 4026921, 4520290, 4996037, 3822882, 4231761, 4750227, 5250174, 4017343, 4447021, 4991860, 5517239, 4221696, 4673231, 5245785, 5797889, 4436444, 4910948, 5512626, 6092815, 4662116, 5160757, 5793041, 6402743, 4899267, 5423273, 6087720, 6728436, 5148482, 5699143, 6397389, 7070696, 5410374, 5989046, 6722810, 7430366, 5685588, 6293695, 7064784, 7808332, 5974801, 6613841, 7424154, 8205524, 6278726, 6950272, 7801804, 8622921, 6598111, 7303817, 8198664, 9061550, 6933742, 7675346, 8615712, 9522491, 7286446, 8065774, 9053974, 10006879, 7657091, 8476062, 9514529, 10515907, 8046590, 8907220, 9998512, 11050828, 8455902, 9360310, 10507114, 11612959, 8886035, 9836448, 11041587, 12203684, 9338048, 10336806, 11603248, 12824458, 9813054, 10862616, 12193479, 13476809, 10312222, 11415173, 12813734, 14162344, 10836782, 11995837, 13465540, 14882751, 11388025, 12606038, 14150502, 15639803, 11967308, 13247279, 14870306, 16435365, 12576058, 13921138, 15626725, 17271395, 13215774, 14629275, 16421621, 18149952, 13888031, 15373433, 17256952, 19073199, 14594484, 16155445, 18134774, 20043410, 15336873, 16977236, 19057249, 21062973, 16117025, 17840830, 20026649, 22134399, 16936862, 18748353, 21045360, 23260326, 17798402, 19702040, 22115890, 24443527, 18703767, 20704239, 23240876, 25686914, 19655186, 21757417, 24423087, 26993550, 20655001, 22864168, 25665435, 28366651, 21705675, 24027217, 26970978, 29809599, 22809794, 25249428, 28342931, 31325947, 23970077, 26533810, 29784672, 32919428, 25189381, 27883525, 31299752, 34593966, 26470708, 29301897, 32891900, 36353684, 27817214, 30792419, 34565037, 38202914, 29232213, 32358760, 36323283, 40146211, 30719190, 34004778, 38170967, 42188359, 32281806, 35734525, 40112639, 44334386, 33923909, 37552260, 42153079, 46589577, 35649542, 39462459, 44297312, 48959484, 37462954, 41469826, 46550617, 51449943, 39368611, 43579303, 48918543, 54067086, 41371204, 45796085, 51406920, 56817358, 43475664, 48125629, 54021875, 59707530, 45687174, 50573672, 56769847, 62744718, 48011178, 53146241, 59657602, 65936401, 50453399, 55849671, 62692251, 69290438, 53019850, 58690619, 65881265, 72815087, 55716851, 61676079, 69232497, 76519027, 58551042, 64813403, 72754199, 80411378, 61529402, 68110316, 76455042, 84501725, 64659265, 71574935, 80344139, 88800138, 67948337, 75215792, 84431065, 93317202, 71404717, 79041851, 88725884, 98064039, 75036915, 83062533, 93239171, 103052337, 78853875, 87287738, 97982039, 108294379, 82864995, 91727870, 102966166, 113803071, 87080152, 96393861, 108203824, 119591978, 91509724, 101297201, 113707910, 125675354, 96164619, 106449963, 119491977, 132068178, 101056298, 111864834, 125570266, 138786190, 106196805, 117555148, 131957744, 145845933, 111598799, 123534915, 138670139, 153264789, 117275580, 129818859, 145723978, 161061025, 123241126, 136422454, 153136630, 169253839, 129510126, 143361959, 160926347, 177863403, 136098016, 150654461, 169112310, 186910916, 143021017, 158317916, 177714674, 196418656, 150296176, 166371194, 186754621, 206410033, 157941406, 174834124, 196254410, 216909649, 165975532, 183727544, 206237432, 227943357, 174418335, 193073353, 216728268, 239538325, 183290605, 202894562, 227752749, 251723103, 192614187, 213215354, 239338021, 264527693, 202412039, 224061141, 251512610, 277983624, 212708286, 235458629, 264306493, 292124028, 223528280, 247435882, 277751172, 306983723, 234898663, 260022391, 291879752, 322599297, 246847432, 273249148, 306727021, 339009201, 259404008, 287148720, 322329537, 356253840, 272599309, 301755332, 338725718, 374375675, 286465825, 317104950, 355955936, 393419327, 301037700, 333235368, 374062617, 413431687, 316350813, 350186305, 393090344, 434462031, 332442870, 367999498, 413085969, 456562141, 349353494, 386718808, 434098727, 479786434, 367124324, 406390327, 456180357, 504192095, 385799116, 427062493, 479385230, 529839217, 405423853, 448786205, 503770483, 556790951, 426046856, 471614954, 529396159, 585113659, 447718905, 495604950, 556325356, 614877080, 470493363, 520815264, 584624381, 646154500, 494426306, 547307970, 614362914, 679022932, 519576665, 575148300, 645614179, 713563307, 546006366, 604404806, 678455126, 749860674, 573780487, 635149524, 712966618, 788004407, 602967415, 667458157, 749233633, 828088426, 633639017, 701410258, 787345469, 870211429, 665870814, 737089427, 827395969, 914477135, 699742171, 774583515, 869483748, 960994538, 735336488, 813984843, 913712438, 1009878177, 772741408, 855390428, 960190943, 1061248418, 812049032, 898902223, 1009033705, 1115231748, 853356147, 944627365, 1060360989, 1171961089, 896764463, 992678443, 1114299177, 1231576124, 942380862, 1043173772, 1170981080, 1294223642, 990317665, 1096237685, 1230546264, 1360057899, 