{
  "input": [555, 654, 941, 1434, 2118, 2927, 5578, 6166, 8234, 9927, 12038, 16787, 19881, 23892, 27635, 30794, 34391, 37120, 40150, 42762, 44802, 45221, 60368],
  "lastDate": "20_02_14",
  "lastDateRate": 0.6262931034482758,
  "lastDateRateList": [65296, 69544, 72861, 73543, 98176, 113099, 118493, 119602, 159663, 183932, 192704, 194508, 259659, 299127, 313393, 316327, 422282, 486468, 509669, 514440, 686754, 791140, 828871, 836630, 1116863, 1286626, 1347987, 1360606, 1816347, 2092431, 2192222, 2212744, 2953913, 3402906, 3565196, 3598570, 4803928, 5534123, 5798054, 5852330, 7812595, 9000106, 9429335, 9517604, 12705569, 14636810, 15334862, 15478414, 20662979, 23803743, 24938980, 25172438, 33604060, 38711863, 40558091, 40937762, 54650051, 62956836, 65959344, 66576800, 88877001, 102386268, 107269226, 108273391, 144540054, 166510082, 174451202, 176084269, 235064493, 270794198, 283708787, 286364632, 382283764, 440390737, 461393644, 465712826, 621705449, 716204418, 750361301, 757385557, 1011075284, 1164758306, 1220307409, 1231730908, 1644304761, 1894238400, 1984577523, 2003155481, 2674121493, 3080586846, 3227504739, 3257717944, 4348905342, 5009937142, 5248868698, 5298004225, 7072594765, 8147626223],
  "maxRate": 7.529051987767584,
  "maxRateList": [342441, 364719, 382119, 385692, 514882, 3110707, 3259113, 3289587, 4391455, 26531382, 27797144, 28057059, 37454948, 226287536, 237083286, 239300115, 319455199, 1930018159, 2022095672, 2041003122, 2724650000, 16461225215],
  "minRate": 0.3149079701084586,
  "minRateList": [52794, 56228, 58911, 59461, 79378, 73935, 77463, 78186, 104375, 97218, 101857, 102807, 137244, 127833, 133933, 135182, 180463, 168089, 176110, 177752, 237292, 221022, 231568, 233728, 312017, 290624, 304491, 307331, 410274, 382144, 400378, 404112, 539473, 502484, 526460, 531370, 709357, 660720, 692246, 698703, 932739, 868786, 910240, 918730, 1226466, 1142374, 1196882, 1208045, 1612690, 1502117, 1573790, 1588468, 2120539, 1975146, 2069389, 2088689, 2788314, 2597135, 2721056, 2746434, 3666376, 3414994, 3577938, 3611308, 4820947, 4490403, 4704659, 4748538, 6339102, 5904467, 6186194, 6243890, 8335336, 7763831, 8134276, 8210141, 10960200, 10208723, 10695824, 10795580, 14411654, 13423531, 14064024, 14195194, 18949999, 17650708, 18492897, 18665374, 24917505, 23209057, 24316458, 24543249, 32764226, 30517774, 31973904, 32272114, 43081942, 40128064, 42042741, 42434860, 56648789, 52764711, 55282335, 55797936, 74487944, 69380739, 72691183, 73369151, 97944791, 91229287, 95582216, 96473681, 128788386, 119958117, 125681818, 126854012, 169344875, 157733884, 165260024, 166801351, 222672926, 207405541, 217301723, 219328426, 292794405, 272719199, 285731767, 288396695, 384997697, 358600648, 375710978, 379215113, 506236540, 471526850, 494025359, 498632974, 665654461, 620014413, 649597882, 655656472, 875274356, 815261893, 854161432, 862127921, 1150905227, 1071994361, 1123143675, 1133618875, 1513334456, 1409573929, 1476830570, 1490604494, 1989895538, 1853459994, 1941896287, 1960007729, 2616529503, 2437129318, 2553414905, 2577229784, 3440495498, 3204600764, 3357505610, 3388819984, 4523934951, 4213755086, 4414810886, 4455986406, 5948558123, 5540700147, 5805070021, 5859212040, 7821806487],
  "province": "Global",
  "r0": [4.273873873873874, 7.529051987767584, 5.552603613177471, 4.741980474198048, 3.686968838526912, 3.1127434233003073, 2.0095016134815347, 2.2242945183263054, 1.901627398591207, 1.783821899869044, 1.558066123940854, 1.048668612616906, 0.8671093003370052, 0.6804788213627992, 0.5473855617875882, 0.45489381048256156, 0.3149079701084586, 0.6262931034482758]
}