{
  "input": [555, 654, 941, 1434, 2118, 2927, 5578, 6166, 8234, 9927, 12038, 16787, 19881, 23892],
  "lastDate": "20_02_05",
  "lastDateRate": 1.901627398591207,
  "lastDateRateList": [28804, 34930, 48710, 57687, 69326, 101354, 141338, 167386, 201158, 294092, 410110, 485692, 583686, 853345, 1189986, 1409297, 1693639, 2476089, 3452896, 4089255, 4914309, 7184688, 10019018, 11865494, 14259494, 20847288, 29071457, 34429242, 41375738, 60491062, 84354536, 99900832, 120056975, 175522523, 244765433, 289874991, 348360608, 509300962, 710218087, 841109216, 1010812685, 1477801625, 2060788260, 2440585546, 2933001782, 4288029685, 5979639678, 7081669889, 8510478331],
  "maxRate": 7.529051987767584,
  "maxRateList": [84668, 102673, 143177, 169566, 203776, 875703, 1221164, 1446237, 1738016, 7468916, 10415371, 12335031, 14823629, 63702773, 88833241, 105206121, 126431502, 543324263, 757663331, 897308475, 1078340853, 4634040885, 6462149939, 7653190632, 9197225196],
  "minRate": 1.901627398591207,
  "minRateList": [28804, 34930, 48710, 57687, 69326, 101354, 141338, 167386, 201158, 294092, 410110, 485692, 583686, 853345, 1189986, 1409297, 1693639, 2476089, 3452896, 4089255, 4914309, 7184688, 10019018, 11865494, 14259494, 20847288, 29071457, 34429242, 41375738, 60491062, 84354536, 99900832, 120056975, 175522523, 244765433, 289874991, 348360608, 509300962, 710218087, 841109216, 1010812685, 1477801625, 2060788260, 2440585546, 2933001782, 4288029685, 5979639678, 7081669889, 8510478331],
  "province": "Global",
  "r0": [4.273873873873874, 7.529051987767584, 5.552603613177471, 4.741980474198048, 3.686968838526912, 3.1127434233003073, 2.0095016134815347, 2.2242945183263054, 1.901627398591207]
}