{
  "input": [555, 654, 941, 1434, 2118, 2927, 5578, 6166, 8234, 9927, 12038, 16787, 19881, 23892, 27635, 30794, 34391, 37120, 40150, 42762, 44802, 45221, 60368, 66885, 69030, 71224, 73258, 75136, 75639, 76197, 76819, 78572, 78958, 79561, 80406, 81388, 82746, 84112, 86011, 88369, 90306, 92840, 95120, 97886, 101801, 105847, 109821, 113590, 118620, 125875, 128352, 145205, 156101, 167454, 181574, 197102],
  "lastDate": "20_03_18",
  "lastDateRate": 0.5356363749688356,
  "lastDateRateList": [222982, 239714, 257148, 278832, 302677, 368114, 394886, 428185, 464802, 565289, 606401, 657536, 713767, 868078, 931211, 1009736, 1096087, 1333052, 1430001, 1550587, 1683191, 2047083, 2195962, 2381138, 2584769, 3143575, 3372199, 3656562, 3969265, 4827388, 5178471, 5615150, 6095348, 7413113, 7952248, 8622829, 9360238, 11383846, 12211761, 13241530, 14373922, 17481448, 18752824, 20334175, 22073117, 26845147, 28797519, 31225899, 33896281, 41224384, 44222518, 47951626, 52052362, 63305664, 67909707, 73636261, 79933500, 97214480, 104284616, 113078521, 122748790, 149286092, 160143250, 173647490, 188497507, 229249153, 245921800, 266659402, 289463628, 352043338, 377646461, 409491877, 444510876, 540610555, 579927642, 628830622, 682607070, 830181233, 890557982, 965655177, 1048236247, 1274856499, 1367573231, 1482895215, 1609709710, 1957716013, 2100095199, 2277187832, 2471928784, 3006339921, 3224982578, 3496932467, 3795983757, 4616644938, 4952400555, 5370016697, 5829250736, 7089487897, 7605086436, 8246392974],
  "maxRate": 7.529051987767584,
  "maxRateList": [1238461, 1331394, 1428224, 1548654, 1681093, 11355529, 12181397, 13208550, 14338130, 96851897, 103895768, 112656410, 122290656, 826054865, 886132407, 960852378, 1043023363, 7045464888, 7557869367, 8195159885],
  "minRate": 0.0508677597955707,
  "minRateList": [152591, 164042, 175972, 190810, 207128, 172386, 184923, 200516, 217664, 181155, 194330, 210716, 228736, 190370, 204215, 221435, 240371, 200054, 214603, 232699, 252598, 210230, 225519, 244536, 265447, 220924, 236991, 256975, 278950, 232162, 249046, 270047, 293140, 243972, 261714, 283784, 308051, 256382, 275027, 298219, 323721, 269424, 289017, 313389, 340188, 283129, 303719, 329330, 357493, 297531, 319169, 346082, 375678, 312666, 335404, 363686, 394788, 328571, 352465, 382186, 414870, 345285, 370394, 401627, 435974, 362849, 389235, 422057, 458151, 381306, 409035, 443526, 481456, 400702, 429842, 466087, 505947, 421085, 451707, 489796, 531683, 442505, 474684, 514711, 558729, 465014, 498830, 540893, 587150, 488668, 524204, 568407, 617017, 513525, 550869, 597321, 648403, 539647, 578890, 627705, 681386, 567098, 608337, 659635, 716047, 595945, 639282, 693189, 752471, 626259, 671801, 728450, 790748, 658115, 705974, 765505, 830972, 691592, 741885, 804445, 873242, 726772, 779623, 845365, 917662, 763741, 819281, 888367, 964341, 802591, 860956, 933556, 1013395, 843417, 904751, 981044, 1064944, 886320, 950774, 1030948, 1119115, 931405, 999138, 1083390, 1176042, 978783, 1049962, 1138500, 1235865, 1028571, 1103371, 1196413, 1298731, 1080892, 1159497, 1257272, 1364795, 1135875, 1218478, 1321227, 1434219, 1193654, 1280459, 1388435, 1507175, 1254373, 1345593, 1459062, 1583842, 1318180, 1414040, 1533281, 1664408, 1385233, 1485969, 1611276, 1749073, 1455697, 1561557, 1693238, 1838044, 1529745, 1640990, 1779369, 1931541, 1607560, 1724463, 1869882, 2029794, 1689333, 1812183, 1964999, 2133045, 1775266, 1904365, 2064954, 2241548, 1865570, 2001236, 2169994, 2355571, 1960467, 2103034, 2280377, 2475394, 2060192, 2210011, 2396375, 2601312, 2164989, 2322429, 2518273, 2733635, 2275117, 2440566, 2646372, 2872689, 2390847, 2564712, 2780987, 3018816, 2512464, 2695173, 2922450, 3172376, 2640267, 2832270, 3071108, 3333748, 2774571, 2976341, 3227328, 3503328, 2915707, 3127741, 3391495, 3681534, 3064022, 3286842, 3564013, 3868805, 3219882, 3454036, 3745306, 4065602, 3383670, 3629735, 3935821, 4272410, 3555790, 3814371, 4136027, 4489738, 3736665, 4008400, 4346417, 4718121, 3926741, 4212298, 4567509, 4958121, 4126486, 4426568, 4799848, 5210330, 4336391, 4651738, 5044006, 5475368, 4556973, 4888361, 5300583, 5753888, 4788776, 5137021, 5570212, 6046575, 5032370, 5398330, 5853556, 6354151, 5288355, 5672931, 6151313, 6677372, 5557362, 5961500, 6464217, 7017035, 5840053, 6264748, 6793037, 7373976, 6137123, 6583422, 7138584, 7749074, 6449305, 6918306, 7501708, 8143252, 6777367, 7270225, 7883303, 8557481, 7122116, 7640045, 8284309, 8992781, 7484402, 8028677, 8705713, 9450224, 7865117, 8437078, 9148553, 9930936, 8265198, 8866253, 9613919, 10436100, 8685630, 9317259, 10102958, 10966961, 9127449, 9791207, 10616873, 11524826, 9591742, 10289264, 11156930, 12111068, 10079652, 10812656, 11724458, 12727131, 10592381, 11362672, 12320855, 13374532, 11131192, 11940666, 12947589, 14054864, 11697411, 12548061, 13606204, 14769803, 12292432, 13186353, 14298321, 15521110, 12917720, 13857113, 15025645, 16310634, 13574815, 14561993, 15789966, 17140319, 14265335, 15302729, 16593166, 18012209, 14990981, 16081145, 17437223, 18928450, 15753539, 16899157, 18324215, 19891298, 16554886, 17758779, 19256327, 20903124, 17396996, 18662128, 20235853, 21966419, 18281942, 19611429, 21265206, 23083802, 19211903, 20609018, 22346919, 24258023, 20189169, 21657353, 23483657, 25491974, 21216147, 22759014, 24678218, 26788694, 22295365, 23916714, 25933544, 28151375, 23429480, 25133304, 27252725, 29583372, 24621285, 26411779, 28639010, 31088212, 25873715, 27755287, 30095812, 32669600, 27189853, 29167136, 31626719, 34331429, 28572940, 30650803, 33235499, 36077792, 30026381, 32209941, 34926114, 37912988, 31553756, 33848389, 36702727, 39841537, 33158825, 35570181, 38569713, 41868187, 34845540, 37379556, 40531668, 43997928, 36618055, 39280970, 42593423, 46236004, 38480733, 41279105, 44760055, 48587926, 40438162, 43378881, 47036899, 51059485, 42495161, 45585467, 49429561, 53656767, 44656795, 47904298, 51943932, 56386167, 46928386, 50341082, 54586203, 59254405, 49315528, 52901820, 57362881, 62268544, 51824098, 55592817, 60280802, 65436005, 54460274, 58420699, 63347151, 68764588, 57230546, 61392429, 66569479, 72262489, 60141736, 64515324, 69955719, 75938320, 63201011, 67797074, 73514210, 79801132, 66415905, 71245759, 77253713, 83860437, 69794333, 74869871, 81183436, 88126230, 73344614, 78678334, 85313056, 92609014, 77075490, 82680525, 89652740, 97319827, 80996148, 86886298, 94213174, 102270269, 85116241, 91306009, 99005587, 107472528, 89445914, 95950541, 104041779, 112939415, 93995827, 100831330, 109334151, 118684390, 98777184, 105960394, 114895734, 124721599, 103801758, 111350362, 120740223, 131065907, 109081921, 117014505, 126882008, 137732936, 114630674, 122966771, 133336212, 144739102, 120461680, 129221815, 140118726, 152101656, 126589296, 135795039, 147246252, 159838727, 133028610, 142702628, 154736339, 167969365, 139795477, 149961591, 162607430, 176513590, 146906560, 157589801, 170878906, 185492441, 154379368, 165606041, 179571133, 194928026, 162232301, 174030049, 188705514, 204843578, 170484695, 182882568, 198304541, 215263512, 179156870, 192185395, 208391849, 226213485, 188270179, 201961436, 218992276, 237720458, 197847061, 212234762, 230131922, 249812765, 207911098, 223030669, 241838217, 262520181, 218487070, 234375739, 254139985, 275873995, 229601018, 246297908, 267067517, 289907087, 241280307, 258826531, 280652643, 304654011, 253553696, 271992457, 294928814, 320151078, 266451405, 285828104, 309931182, 336436446, 280005191, 300367539, 325696687, 353550214, 294248428, 315646563, 342264148, 371534521, 309216186, 331702797, 359674358, 390433650, 324945321, 348575775, 377970187, 410294135, 341474562, 366307044, 397196684, 431164879, 358844608, 384940263, 417401190, 453097270, 377098229, 404521312, 438633453, 476145313, 396280371, 425098405, 460945754, 500365758, 416438266, 446722209, 484393032, 525818243, 437621548, 469445967, 509033020, 552565439, 459882376, 493325632, 534926389, 580673205, 483275562, 518420002, 562136896, 610210750, 507858707, 544790866, 