{
  "input": [555, 654, 941, 1434, 2118, 2927, 5578],
  "lastDate": "20_01_29",
  "lastDateRate": 7.529051987767584,
  "lastDateRateList": [8026, 12231, 18065, 24965, 47575, 104319, 154077, 212928, 405770, 889742, 1314131, 1816074, 3460833, 7588656, 11208292, 15489390, 29517625, 64724042, 95596105, 132109813, 251757358, 552034719, 815344149, 1126771463, 2147251595, 4708332817, 6954112635, 9610292386],
  "maxRate": 7.529051987767584,
  "maxRateList": [8026, 12231, 18065, 24965, 47575, 104319, 154077, 212928, 405770, 889742, 1314131, 1816074, 3460833, 7588656, 11208292, 15489390, 29517625, 64724042, 95596105, 132109813, 251757358, 552034719, 815344149, 1126771463, 2147251595, 4708332817, 6954112635, 9610292386],
  "minRate": 4.273873873873874,
  "minRateList": [4963, 7563, 11170, 15437, 29418, 39886, 58909, 81413, 155147, 210354, 310679, 429362, 818226, 1109380, 1638482, 2264401, 4315221, 5850730, 8641147, 11942165, 22757931, 30856012, 45572319, 62981472, 120022458, 162730716, 240342663, 332156340, 632983306, 858221272, 1267536891, 1751750644, 3338274120, 4526150744, 6684829694, 9238511955],
  "province": "Global",
  "r0": [4.273873873873874, 7.529051987767584]
}