{
  "input": [555, 654, 941, 1434, 2118, 2927, 5578, 6166, 8234, 9927, 12038, 16787, 19881, 23892, 27635, 30794, 34391],
  "lastDate": "20_02_08",
  "lastDateRate": 1.048668612616906,
  "lastDateRateList": [40730, 48947, 56615, 63087, 70456, 100276, 115985, 129244, 144341, 205432, 237615, 264778, 295707, 420862, 486794, 542442, 605806, 862207, 997280, 1111284, 1241096, 1766376, 2043096, 2276653, 2542594, 3618719, 4185627, 4664108, 5208933, 7413556, 8574963, 9555212, 10671378, 15187919, 17567258, 19575463, 21862117, 31115013, 35989490, 40103637, 44788233, 63744351, 73730539, 82159062, 91756247, 130591051, 151049441, 168316692, 187978143, 267537787, 309450249, 344825124, 385104921, 548096267, 633961012, 706432408, 788952364, 1122867619, 1298776027, 1447245901, 1616301945, 2300383647, 2660761681, 2964927252, 3311267063, 4712723775, 5451018942, 6074153400, 6783688900, 9654809278],
  "maxRate": 7.529051987767584,
  "maxRateList": [169566, 203776, 235700, 262644, 293323, 1738016, 2010298, 2240104, 2501767, 14823629, 17145936, 19105963, 21337701, 126431502, 146238580, 162955752, 181990361, 1078340853, 1247276451, 1389858081, 1552205250, 9197225196],
  "minRate": 1.048668612616906,
  "minRateList": [40730, 48947, 56615, 63087, 70456, 100276, 115985, 129244, 144341, 205432, 237615, 264778, 295707, 420862, 486794, 542442, 605806, 862207, 997280, 1111284, 1241096, 1766376, 2043096, 2276653, 2542594, 3618719, 4185627, 4664108, 5208933, 7413556, 8574963, 9555212, 10671378, 15187919, 17567258, 19575463, 21862117, 31115013, 35989490, 40103637, 44788233, 63744351, 73730539, 82159062, 91756247, 130591051, 151049441, 168316692, 187978143, 267537787, 309450249, 344825124, 385104921, 548096267, 633961012, 706432408, 788952364, 1122867619, 1298776027, 1447245901, 1616301945, 2300383647, 2660761681, 2964927252, 3311267063, 4712723775, 5451018942, 6074153400, 6783688900, 9654809278],
  "province": "Global",
  "r0": [4.273873873873874, 7.529051987767584, 5.552603613177471, 4.741980474198048, 3.686968838526912, 3.1127434233003073, 2.0095016134815347, 2.2242945183263054, 1.901627398591207, 1.783821899869044, 1.558066123940854, 1.048668612616906]
}