{
  "input": [555, 654, 941, 1434, 2118, 2927, 5578, 6166, 8234, 9927, 12038, 16787, 19881, 23892, 27635, 30794, 34391, 37120, 40150, 42762, 44802, 45221, 60368, 66885],
  "lastDate": "20_02_15",
  "lastDateRate": 0.6658779576587796,
  "lastDateRateList": [71236, 74635, 75333, 100566, 111422, 124333, 125496, 167531, 185615, 207124, 209061, 279086, 309212, 345043, 348270, 464923, 515109, 574800, 580175, 774505, 858109, 957547, 966501, 1290231, 1429505, 1595156, 1610073, 2149367, 2381381, 2657335, 2682185, 3580583, 3967090, 4426796, 4468193, 5964814, 6608688, 7374502, 7443464, 9936652, 11009268, 12285020, 12399903, 16553250, 18340097, 20465344, 20656725, 27575694, 30552363, 34092765, 34411583, 45937741, 50896508, 56794386, 57325498, 76526670, 84787371, 94612516, 95497284, 127484093, 141245412, 157612905, 159086820, 212372940, 235297618, 262563864, 265019227, 353787400, 391977115, 437399354, 441489689, 589366631, 652986036, 728653943, 735467941, 981812880, 1087795044, 1213848542, 1225199831, 1635580435, 1812133786, 2022123530, 2041033392, 2724677395, 3018793730, 3368611016, 3400112539, 4538980014, 5028941934, 5611694839, 5664172532, 7561386756, 8377603518],
  "maxRate": 7.529051987767584,
  "maxRateList": [364719, 382119, 385692, 514882, 570466, 3259113, 3289587, 4391455, 4865534, 27797144, 28057059, 37454948, 41498392, 237083286, 239300115, 319455199, 353941943, 2022095672, 2041003122, 2724650000, 3018789232, 17246559111],
  "minRate": 0.3149079701084586,
  "minRateList": [56228, 58911, 59461, 79378, 87948, 77463, 78186, 104375, 115644, 101857, 102807, 137244, 152061, 133933, 135182, 180463, 199946, 176110, 177752, 237292, 262911, 231568, 233728, 312017, 345704, 304491, 307331, 410274, 454569, 400378, 404112, 539473, 597716, 526460, 531370, 709357, 785942, 692246, 698703, 932739, 1033441, 910240, 918730, 1226466, 1358880, 1196882, 1208045, 1612690, 1786802, 1573790, 1588468, 2120539, 2349480, 2069389, 2088689, 2788314, 3089350, 2721056, 2746434, 3666376, 4062211, 3577938, 3611308, 4820947, 5341434, 4704659, 4748538, 6339102, 7023494, 6186194, 6243890, 8335336, 9235248, 8134276, 8210141, 10960200, 12143501, 10695824, 10795580, 14411654, 15967586, 14064024, 14195194, 18949999, 20995906, 18492897, 18665374, 24917505, 27607684, 24316458, 24543249, 32764226, 36301564, 31973904, 32272114, 43081942, 47733216, 42042741, 42434860, 56648789, 62764786, 55282335, 55797936, 74487944, 82529917, 72691183, 73369151, 97944791, 108519246, 95582216, 96473681, 128788386, 142692821, 125681818, 126854012, 169344875, 187627928, 165260024, 166801351, 222672926, 246713458, 217301723, 219328426, 292794405, 324405492, 285731767, 288396695, 384997697, 426563367, 375710978, 379215113, 506236540, 560891571, 494025359, 498632974, 665654461, 737520797, 649597882, 655656472, 875274356, 969771974, 854161432, 862127921, 1150905227, 1275160898, 1123143675, 1133618875, 1513334456, 1676719228, 1476830570, 1490604494, 1989895538, 2204731477, 1941896287, 1960007729, 2616529503, 2899018991, 2553414905, 2577229784, 3440495498, 3811943177, 3357505610, 3388819984, 4523934951, 5012354465, 4414810886, 4455986406, 5948558123, 6590784835, 5805070021, 5859212040, 7821806487],
  "province": "Global",
  "r0": [4.273873873873874, 7.529051987767584, 5.552603613177471, 4.741980474198048, 3.686968838526912, 3.1127434233003073, 2.0095016134815347, 2.2242945183263054, 1.901627398591207, 1.783821899869044, 1.558066123940854, 1.048668612616906, 0.8671093003370052, 0.6804788213627992, 0.5473855617875882, 0.45489381048256156, 0.3149079701084586, 0.6262931034482758, 0.6658779576587796]
}