{
  "input": [555, 654, 941, 1434, 2118, 2927, 5578, 6166, 8234, 9927, 12038, 16787, 19881],
  "lastDate": "20_02_04",
  "lastDateRate": 2.2242945183263054,
  "lastDateRateList": [26549, 32008, 38814, 54126, 64102, 103203, 125148, 174518, 206684, 332757, 403514, 562697, 666410, 1072907, 1301048, 1814301, 2148702, 3459368, 4194962, 5849841, 6928048, 11154021, 13525793, 18861610, 22338067, 35963849, 43611140, 60815386, 72024507, 115958041, 140615160, 196086716, 232228223, 373882876, 453384690, 632241324, 748772186, 1205508508, 1461845771, 2038532235, 2414262055, 3886914474, 4713421306, 6572828311, 7784291910, 12532557032],
  "maxRate": 7.529051987767584,
  "maxRateList": [70228, 84668, 102673, 143177, 169566, 722138, 875703, 1221164, 1446237, 6159153, 7468916, 10415371, 12335031, 52531736, 63702773, 88833241, 105206121, 448045907, 543324263, 757663331, 897308475, 3821406834, 4634040885, 6462149939, 7653190632, 32592977554],
  "minRate": 2.0095016134815347,
  "minRateList": [24780, 29875, 36228, 50521, 59832, 89909, 109028, 152043, 180065, 270581, 328120, 457574, 541906, 814314, 987478, 1377070, 1630867, 2450679, 2971817, 4144294, 4908097, 7375322, 8943688, 12472259, 14770926, 22196043, 26916043, 37535284, 44453126, 66799027, 81003875, 112962498, 133781754, 201031780, 243781293, 339960820, 402616405, 605005466, 733660195, 1023112636, 1211674720, 1820764926, 2207951541, 3079059129, 3646537025, 5479594983, 6644833725, 9266433417],
  "province": "Global",
  "r0": [4.273873873873874, 7.529051987767584, 5.552603613177471, 4.741980474198048, 3.686968838526912, 3.1127434233003073, 2.0095016134815347, 2.2242945183263054]
}