{
  "input": [555, 654, 941, 1434, 2118, 2927, 5578, 6166, 8234, 9927, 12038, 16787, 19881, 23892, 27635, 30794, 34391, 37120, 40150, 42762, 44802, 45221, 60368, 66885, 69030, 71224, 73258, 75136, 75639, 76197, 76819, 78572, 78958, 79561, 80406, 81388, 82746, 84112, 86011, 88369, 90306, 92840, 95120, 97886, 101801, 105847, 109821, 113590, 118620, 125875, 128352, 145205, 156101, 167454],
  "lastDate": "20_03_16",
  "lastDateRate": 0.4116843702579666,
  "lastDateRateList": [177696, 181193, 204984, 220365, 236392, 255787, 289373, 311086, 333711, 361091, 408503, 439155, 471095, 509747, 576677, 619948, 665037, 719602, 814086, 875171, 938822, 1015851, 1149232, 1235465, 1325320, 1434061, 1622353, 1744087, 1870934, 2024441, 2290250, 2462100, 2641168, 2857872, 3233110, 3475708, 3728496, 4034413, 4564131, 4906603, 5263460, 5695318, 6443112, 6926575, 7430344, 8039991, 9095641, 9778138, 10489300, 11349930, 12840174, 13803645, 14807581, 16022519, 18126273, 19486390, 20903631, 22618740, 25588576, 27508632, 29509329, 31930522, 36122993, 38833506, 41657859, 45075819, 50994265, 54820653, 58807748, 63632829, 71987807, 77389459, 83017979, 89829470, 101624062, 109249490, 117195183, 126810859, 143461100, 154225797, 165442608, 179016908, 202521793, 217718147, 233552744, 252715371, 285896850, 307349305, 329702758, 356754339, 403596115, 433880210, 465436230, 503624524, 569750327, 612501911, 657049051, 710958869, 804307632, 864659375, 927545876, 1003649523, 1135428513, 1220626125, 1309402016, 1416836345, 1602866685, 1723138823, 1848462360, 2000125723, 2262741847, 2432528144, 2609445423, 2823546222, 3194277299, 3433961961, 3683713319, 3985956070, 4509311337, 4847670428, 5200240517, 5626911885, 6365724335, 6843380575, 7341098259, 7943423561],
  "maxRate": 7.529051987767584,
  "maxRateList": [1073594, 1094721, 1238461, 1331394, 1428224, 9336932, 10562898, 11355529, 12181397, 79635178, 90091506, 96851897, 103895768, 679212573, 768395138, 826054865, 886132407, 5793039346, 6553682079, 7045464888, 7557869367, 49409133749],
  "minRate": 0.0508677597955707,
  "minRateList": [132278, 134881, 152591, 164042, 175972, 141742, 160353, 172386, 184923, 148952, 168510, 181155, 194330, 156529, 177082, 190370, 204215, 164491, 186090, 200054, 214603, 172858, 195556, 210230, 225519, 181651, 205503, 220924, 236991, 190891, 215956, 232162, 249046, 200601, 226941, 243972, 261714, 210805, 238485, 256382, 275027, 221528, 250616, 269424, 289017, 232797, 263364, 283129, 303719, 244639, 276761, 297531, 319169, 257083, 290839, 312666, 335404, 270160, 305633, 328571, 352465, 283902, 321180, 345285, 370394, 298343, 337518, 362849, 389235, 313519, 354687, 381306, 409035, 329467, 372729, 400702, 429842, 346226, 391689, 421085, 451707, 363838, 411613, 442505, 474684, 382346, 432551, 465014, 498830, 401795, 454554, 488668, 524204, 422233, 477676, 513525, 550869, 443711, 501974, 539647, 578890, 466282, 527508, 567098, 608337, 490001, 554341, 595945, 639282, 514926, 582539, 626259, 671801, 541119, 612171, 658115, 705974, 568645, 643311, 691592, 741885, 597571, 676035, 726772, 779623, 627968, 710423, 763741, 819281, 659911, 746561, 802591, 860956, 693479, 784537, 843417, 904751, 728755, 824445, 886320, 950774, 765825, 866383, 931405, 999138, 804781, 910454, 978783, 1049962, 845718, 956767, 1028571, 1103371, 888738, 1005436, 1080892, 1159497, 933946, 1056580, 1135875, 1218478, 981454, 1110326, 1193654, 1280459, 1031378, 1166806, 1254373, 1345593, 1083842, 1226159, 1318180, 1414040, 1138975, 1288531, 1385233, 1485969, 1196912, 1354076, 1455697, 1561557, 1257796, 1422955, 1529745, 1640990, 1321777, 1495338, 1607560, 1724463, 1389013, 1571402, 1689333, 1812183, 1459669, 1651336, 1775266, 1904365, 1533919, 1735336, 1865570, 2001236, 1611946, 1823609, 1960467, 2103034, 1693942, 1916372, 2060192, 2210011, 1780109, 2013854, 2164989, 2322429, 1870659, 2116294, 2275117, 2440566, 1965815, 2223945, 2390847, 2564712, 2065812, 2337072, 2512464, 2695173, 2170895, 2455954, 2640267, 2832270, 2281324, 2580883, 2774571, 2976341, 2397370, 2712167, 2915707, 3127741, 2519319, 2850129, 3064022, 3286842, 2647471, 2995109, 3219882, 3454036, 2782142, 3147463, 3383670, 3629735, 2923663, 3307567, 3555790, 3814371, 3072383, 3475816, 3736665, 4008400, 3228668, 3652623, 3926741, 4212298, 3392903, 3838424, 4126486, 4426568, 3565492, 4033676, 4336391, 4651738, 3746861, 4238860, 4556973, 4888361, 3937455, 4454481, 4788776, 5137021, 4137745, 4681070, 5032370, 5398330, 4348223, 4919186, 5288355, 5672931, 4569407, 5169414, 5557362, 5961500, 4801842, 5432371, 5840053, 6264748, 5046101, 5708704, 6137123, 6583422, 5302785, 5999093, 6449305, 6918306, 5572526, 6304253, 6777367, 7270225, 5855988, 6624936, 7122116, 7640045, 6153869, 6961932, 7484402, 8028677, 6466903, 7316070, 7865117, 8437078, 6795860, 7688222, 8265198, 8866253, 7141550, 8079305, 8685630, 9317259, 7504825, 8490281, 9127449, 9791207, 7886579, 8922163, 9591742, 10289264, 8287752, 9376013, 10079652, 10812656, 8709331, 9852950, 10592381, 11362672, 9152355, 10354147, 11131192, 11940666, 9617915, 10880839, 11697411, 12548061, 10107157, 11434323, 12292432, 13186353, 10621285, 12015961, 12917720, 13857113, 11161566, 12627186, 13574815, 14561993, 11729330, 13269503, 14265335, 15302729, 12325975, 13944493, 14990981, 16081145, 12952970, 14653818, 15753539, 16899157, 13611859, 15399225, 16554886, 17758779, 14304264, 16182549, 17396996, 18662128, 15031890, 17005719, 18281942, 19611429, 15796529, 17870762, 19211903, 20609018, 16600063, 18779808, 20189169, 21657353, 17444471, 19735095, 21216147, 22759014, 18331832, 20738975, 22295365, 23916714, 19264331, 21793920, 23429480, 25133304, 20244264, 22902528, 24621285, 26411779, 21274044, 24067528, 25873715, 27755287, 22356207, 25291789, 27189853, 29167136, 23493417, 26578326, 28572940, 30650803, 24688474, 27930306, 30026381, 32209941, 25944321, 29351058, 31553756, 33848389, 27264050, 30844081, 33158825, 35570181, 28650911, 32413050, 34845540, 37379556, 30108319, 34061829, 36618055, 39280970, 31639862, 35794478, 38480733, 41279105, 33249311, 37615263, 40438162, 43378881, 34940629, 39528667, 42495161, 45585467, 36717981, 41539402, 44656795, 47904298, 38585742, 43652418, 46928386, 50341082, 40548512, 45872919, 49315528, 52901820, 42611124, 48206372, 51824098, 55592817, 44778656, 50658522, 54460274, 58420699, 47056446, 53235408, 57230546, 61392429, 49450102, 55943374, 60141736, 64515324, 51965518, 58789088, 63201011, 67797074, 54608887, 61779557, 66415905, 71245759, 57386719, 64922145, 69794333, 74869871, 60305853, 68224589, 73344614, 78678334, 63373477, 71695021, 77075490, 82680525, 66597144, 75341986, 80996148, 86886298, 69984792, 79174464, 85116241, 91306009, 73544762, 83201892, 89445914, 95950541, 77285819, 87434186, 93995827, 100831330, 81217175, 91881767, 98777184, 105960394, 85348511, 96555587, 103801758, 111350362, 89689999, 101467153, 109081921, 117014505, 94252328, 106628560, 114630674, 122966771, 99046733, 112052516, 120461680, 129221815, 104085018, 117752376, 126589296, 135795039, 109379590, 123742176, 133028610, 142702628, 114943485, 130036663, 139795477, 149961591, 120790403, 136651337, 146906560, 157589801, 126934740, 143602484, 154379368, 165606041, 133391626, 150907221, 162232301, 174030049, 140176959, 158583533, 170484695, 182882568, 147307447, 166650322, 179156870, 192185395, 154800647, 175127451, 188270179, 201961436, 162675009, 184035792, 197847061, 212234762, 170949922, 193397280, 207911098, 223030669, 179645762, 203234966, 218487070, 234375739, 188783939, 213573073, 229601018, 246297908, 198386955, 224437057, 241280307, 258826531, 208478455, 235853667, 253553696, 271992457, 219083287, 247851015, 266451405, 285828104, 230227563, 260458641, 280005191, 300367539, 241938723, 273707589, 294248428, 315646563, 254245604, 287630481, 309216186, 331702797, 267178508, 302261599, 324945321, 348575775, 280769280, 317636969, 341474562, 366307044, 295051384, 333794450, 358844608, 384940263, 310059987, 350773826, 377098229, 404521312, 325832044, 