{
  "input": [555, 654, 941, 1434, 2118, 2927, 5578, 6166, 8234, 9927, 12038, 16787, 19881, 23892, 27635, 30794, 34391, 37120, 40150, 42762, 44802, 45221, 60368, 66885, 69030, 71224, 73258],
  "lastDate": "20_02_18",
  "lastDateRate": 0.6199995577276044,
  "lastDateRateList": [97796, 108354, 111829, 115383, 118678, 175533, 181163, 186920, 192258, 284363, 293484, 302810, 311458, 460668, 475444, 490552, 504562, 746282, 770219, 794694, 817390, 1208977, 1247754, 1287404, 1324171, 1958542, 2021361, 2085594, 2145156, 3172837, 3274604, 3378661, 3475152, 5139995, 5304857, 5473429, 5629745, 8326790, 8593866, 8866953, 9120184, 13489396, 13922059, 14364460, 14774694, 21852816, 22553729, 23270419, 23934998, 35401552, 36537031, 37698068, 38774686, 57350499, 59189974, 61070853, 62814974, 92907783, 95887732, 98934755, 101760230, 150510567, 155338083, 160274259, 164851528, 243827052, 251647626, 259644229, 267059402, 394999716, 407669043, 420623536, 432636113, 639899365, 660423669, 681409942, 700870312, 1036636688, 1069886052, 1103883805, 1135409595, 1679350976, 1733214931, 1788291276, 1839363042, 2720547838, 2807807422, 2897031076, 2979767315, 4407286294, 4548646782, 4693189062, 4827221732, 7139801847, 7368805775, 7602964205, 7820097071],
  "maxRate": 7.529051987767584,
  "maxRateList": [514882, 570466, 588760, 607473, 624821, 4865534, 5021565, 5181169, 5329131, 41498392, 42829189, 44190460, 45452435, 353941943, 365292380, 376902731, 387666181, 3018789232, 3115597700, 3214622987, 3306425012, 25747410300],
  "minRate": 0.3149079701084586,
  "minRateList": [79378, 87948, 90768, 93653, 96328, 115644, 119352, 123145, 126662, 152061, 156937, 161924, 166549, 199946, 206358, 212915, 218997, 262911, 271342, 279964, 287961, 345704, 356790, 368127, 378642, 454569, 469146, 484053, 497879, 597716, 616884, 636485, 654665, 785942, 811146, 836919, 860824, 1033441, 1066582, 1100471, 1131904, 1358880, 1402457, 1447018, 1488350, 1786802, 1844102, 1902696, 1957043, 2349480, 2424824, 2501870, 2573331, 3089350, 3188420, 3289729, 3383693, 4062211, 4192479, 4325691, 4449245, 5341434, 5512724, 5687886, 5850348, 7023494, 7248725, 7479047, 7692669, 9235248, 9531406, 9834259, 10115152, 12143501, 12532922, 12931146, 13300494, 15967586, 16479639, 17003267, 17488926, 20995906, 21669209, 22357731, 22996328, 27607684, 28493016, 29398359, 30238055, 36301564, 37465694, 38656137, 39760260, 47733216, 49263940, 50829263, 52281083, 62764786, 64777547, 66835803, 68744813, 82529917, 85176513, 87882930, 90393103, 108519246, 111999276, 115557965, 118858612, 142692821, 147268741, 151948089, 156288136, 187627928, 193644841, 199797753, 205504516, 246713458, 254625145, 262715658, 270219526, 324405492, 334808633, 345446913, 355313808, 426563367, 440242540, 454230899, 467204958, 560891571, 578878425, 597271829, 614331523, 737520797, 761171855, 785357488, 807789416, 969771974, 1000870939, 1032672820, 1062168741, 1275160898, 1316053175, 1357869722, 1396654143, 1676719228, 1730488809, 1785473720, 1836471664, 2204731477, 2275433527, 2347733625, 2414791228, 2899018991, 2991985680, 3087053655, 3175228232, 3811943177, 3934185817, 4059191455, 4175132909, 5012354465, 5173092287, 5337463196, 5489915538, 6590784835, 6802140278, 7018272897, 7218733696, 8666275509],
  "province": "Global",
  "r0": [4.273873873873874, 7.529051987767584, 5.552603613177471, 4.741980474198048, 3.686968838526912, 3.1127434233003073, 2.0095016134815347, 2.2242945183263054, 1.901627398591207, 1.783821899869044, 1.558066123940854, 1.048668612616906, 0.8671093003370052, 0.6804788213627992, 0.5473855617875882, 0.45489381048256156, 0.3149079701084586, 0.6262931034482758, 0.6658779576587796, 0.6142837098358356, 0.5897504575688586, 0.6199995577276044]
}