{
  "input": [555, 654, 941, 1434, 2118, 2927, 5578, 6166, 8234, 9927, 12038, 16787],
  "lastDate": "20_02_03",
  "lastDateRate": 2.0095016134815347,
  "lastDateRateList": [18557, 24780, 29875, 36228, 50521, 74575, 89909, 109028, 152043, 224434, 270581, 328120, 457574, 675434, 814314, 987478, 1377070, 2032720, 2450679, 2971817, 4144294, 6117474, 7375322, 8943688, 12472259, 18410548, 22196043, 26916043, 37535284, 55406574, 66799027, 81003875, 112962498, 166746174, 201031780, 243781293, 339960820, 501822880, 605005466, 733660195, 1023112636, 1510236767, 1820764926, 2207951541, 3079059129, 4545059987, 5479594983, 6644833725, 9266433417],
  "maxRate": 7.529051987767584,
  "maxRateList": [52590, 70228, 84668, 102673, 143177, 598978, 722138, 875703, 1221164, 5108715, 6159153, 7468916, 10415371, 43572496, 52531736, 63702773, 88833241, 371632084, 448045907, 543324263, 757663331, 3169669365, 3821406834, 4634040885, 6462149939, 27034274798],
  "minRate": 2.0095016134815347,
  "minRateList": [18557, 24780, 29875, 36228, 50521, 74575, 89909, 109028, 152043, 224434, 270581, 328120, 457574, 675434, 814314, 987478, 1377070, 2032720, 2450679, 2971817, 4144294, 6117474, 7375322, 8943688, 12472259, 18410548, 22196043, 26916043, 37535284, 55406574, 66799027, 81003875, 112962498, 166746174, 201031780, 243781293, 339960820, 501822880, 605005466, 733660195, 1023112636, 1510236767, 1820764926, 2207951541, 3079059129, 4545059987, 5479594983, 6644833725, 9266433417],
  "province": "Global",
  "r0": [4.273873873873874, 7.529051987767584, 5.552603613177471, 4.741980474198048, 3.686968838526912, 3.1127434233003073, 2.0095016134815347]
}