{
  "input": [555, 654, 941, 1434, 2118, 2927, 5578, 6166, 8234, 9927, 12038, 16787, 19881, 23892, 27635, 30794, 34391, 37120, 40150, 42762, 44802, 45221],
  "lastDate": "20_02_13",
  "lastDateRate": 0.3149079701084586,
  "lastDateRateList": [48809, 52794, 56228, 58911, 59461, 69419, 73935, 77463, 78186, 91280, 97218, 101857, 102807, 120025, 127833, 133933, 135182, 157822, 168089, 176110, 177752, 207521, 221022, 231568, 233728, 272871, 290624, 304491, 307331, 358800, 382144, 400378, 404112, 471789, 502484, 526460, 531370, 620359, 660720, 692246, 698703, 815715, 868786, 910240, 918730, 1072590, 1142374, 1196882, 1208045, 1410357, 1502117, 1573790, 1588468, 1854490, 1975146, 2069389, 2088689, 2438484, 2597135, 2721056, 2746434, 3206382, 3414994, 3577938, 3611308, 4216097, 4490403, 4704659, 4748538, 5543780, 5904467, 6186194, 6243890, 7289561, 7763831, 8134276, 8210141, 9585102, 10208723, 10695824, 10795580, 12603527, 13423531, 14064024, 14195194, 16572478, 17650708, 18492897, 18665374, 21791283, 23209057, 24316458, 24543249, 28653532, 30517774, 31973904, 32272114, 37676758, 40128064, 42042741, 42434860, 49541469, 52764711, 55282335, 55797936, 65142472, 69380739, 72691183, 73369151, 85656356, 91229287, 95582216, 96473681, 112630225, 119958117, 125681818, 126854012, 148098381, 157733884, 165260024, 166801351, 194735742, 207405541, 217301723, 219328426, 256059579, 272719199, 285731767, 288396695, 336694781, 358600648, 375710978, 379215113, 442722651, 471526850, 494025359, 498632974, 582139542, 620014413, 649597882, 655656472, 765459923, 815261893, 854161432, 862127921, 1006509354, 1071994361, 1123143675, 1133618875, 1323467172, 1409573929, 1476830570, 1490604494, 1740237533, 1853459994, 1941896287, 1960007729, 2288252202, 2437129318, 2553414905, 2577229784, 3008841058, 3204600764, 3357505610, 3388819984, 3956349088, 4213755086, 4414810886, 4455986406, 5202234948, 5540700147, 5805070021, 5859212040, 6840460196, 7285510783, 7633132838, 7704324610, 8994575631],
  "maxRate": 7.529051987767584,
  "maxRateList": [316598, 342441, 364719, 382119, 385692, 2920697, 3110707, 3259113, 3289587, 24910777, 26531382, 27797144, 28057059, 212465312, 226287536, 237083286, 239300115, 1812127692, 1930018159, 2022095672, 2041003122, 15455731294],
  "minRate": 0.3149079701084586,
  "minRateList": [48809, 52794, 56228, 58911, 59461, 69419, 73935, 77463, 78186, 91280, 97218, 101857, 102807, 120025, 127833, 133933, 135182, 157822, 168089, 176110, 177752, 207521, 221022, 231568, 233728, 272871, 290624, 304491, 307331, 358800, 382144, 400378, 404112, 471789, 502484, 526460, 531370, 620359, 660720, 692246, 698703, 815715, 868786, 910240, 918730, 1072590, 1142374, 1196882, 1208045, 1410357, 1502117, 1573790, 1588468, 1854490, 1975146, 2069389, 2088689, 2438484, 2597135, 2721056, 2746434, 3206382, 3414994, 3577938, 3611308, 4216097, 4490403, 4704659, 4748538, 5543780, 5904467, 6186194, 6243890, 7289561, 7763831, 8134276, 8210141, 9585102, 10208723, 10695824, 10795580, 12603527, 13423531, 14064024, 14195194, 16572478, 17650708, 18492897, 18665374, 21791283, 23209057, 24316458, 24543249, 28653532, 30517774, 31973904, 32272114, 37676758, 40128064, 42042741, 42434860, 49541469, 52764711, 55282335, 55797936, 65142472, 69380739, 72691183, 73369151, 85656356, 91229287, 95582216, 96473681, 112630225, 119958117, 125681818, 126854012, 148098381, 157733884, 165260024, 166801351, 194735742, 207405541, 217301723, 219328426, 256059579, 272719199, 285731767, 288396695, 336694781, 358600648, 375710978, 379215113, 442722651, 471526850, 494025359, 498632974, 582139542, 620014413, 649597882, 655656472, 765459923, 815261893, 854161432, 862127921, 1006509354, 1071994361, 1123143675, 1133618875, 1323467172, 1409573929, 1476830570, 1490604494, 1740237533, 1853459994, 1941896287, 1960007729, 2288252202, 2437129318, 2553414905, 2577229784, 3008841058, 3204600764, 3357505610, 3388819984, 3956349088, 4213755086, 4414810886, 4455986406, 5202234948, 5540700147, 5805070021, 5859212040, 6840460196, 7285510783, 7633132838, 7704324610, 8994575631],
  "province": "Global",
  "r0": [4.273873873873874, 7.529051987767584, 5.552603613177471, 4.741980474198048, 3.686968838526912, 3.1127434233003073, 2.0095016134815347, 2.2242945183263054, 1.901627398591207, 1.783821899869044, 1.558066123940854, 1.048668612616906, 0.8671093003370052, 0.6804788213627992, 0.5473855617875882, 0.45489381048256156, 0.3149079701084586]
}