{
  "input": [1, 8, 11, 27, 36, 43, 55, 69, 86, 109],
  "lastDate": "20_03_20",
  "lastDateRate": 0.6388888888888888,
  "lastDateRateList": [136, 171, 215, 270, 340, 427, 536, 673, 846, 1063, 1336, 1678, 2108, 2649, 3328, 4182, 5254, 6601, 8293, 10419, 13091, 16448, 20665, 25963, 32620, 40984, 51492, 64695, 81282, 102123, 128307, 161205, 202538, 254468, 319713, 401687, 504679, 634078, 796655, 1000916, 1257549, 1579983, 1985088, 2494062, 3133536, 3936970, 4946404, 6214655, 7808083, 9810064, 12325350, 15485553, 19456027, 24444524, 30712065, 38586594, 48480142, 60910381, 76527716, 96149313, 120801859, 151775283, 190690249, 239582956, 301011684, 378190649, 475158191, 596988072, 750054961, 942367981, 1183989785, 1487563074, 1868972120, 2348173901, 2950242333, 3706680251, 4657067770, 5851133291, 7351355506, 9236232552],
  "maxRate": 7.0,
  "maxRateList": [410, 795, 1278, 1880, 2643, 5513, 11078, 20024, 33184, 51685, 90276, 167822, 307990, 540278, 902073, 1534005, 2708759, 4864689, 8646635, 14961146, 25699181, 44660494, 78713317, 139239762, 243967784, 423862051, 736485509, 1287478728, 2262157062, 3969931550, 6936965907, 12092364470],
  "minRate": 0.6296296296296297,
  "minRateList": [136, 171, 214, 268, 337, 423, 531, 666, 835, 1047, 1313, 1647, 2066, 2592, 3251, 4078, 5115, 6416, 8048, 10095, 12663, 15884, 19924, 24991, 31347, 39320, 49321, 61866, 77601, 97338, 122095, 153149, 192102, 240962, 302249, 379124, 475551, 596504, 748221, 938526, 1177234, 1476655, 1852232, 2323334, 2914258, 3655479, 4585225, 5751445, 7214285, 9049188, 11350786, 14237780, 17859060, 22401388, 28099025, 35245816, 44210344, 55454937, 69559515, 87251494, 109443304, 137279447, 172195518, 215992250, 270928376, 339837123, 426272330, 534691730, 670686850, 841271383, 1055242905, 1323636594, 1660294350, 2082578663, 2612268052, 3276680251, 4110081069, 5155451586, 6466704818, 8111466184],
  "province": "Panama",
  "r0": [7.0, 1.5, 1.2727272727272727, 0.6296296296296297, 0.6388888888888888]
}