{
  "input": [1, 8, 11, 27, 36, 43, 55, 69, 86],
  "lastDate": "20_03_19",
  "lastDateRate": 0.6296296296296297,
  "lastDateRateList": [109, 136, 171, 214, 268, 337, 423, 531, 666, 835, 1047, 1313, 1647, 2066, 2592, 3251, 4078, 5115, 6416, 8048, 10095, 12663, 15884, 19924, 24991, 31347, 39320, 49321, 61866, 77601, 97338, 122095, 153149, 192102, 240962, 302249, 379124, 475551, 596504, 748221, 938526, 1177234, 1476655, 1852232, 2323334, 2914258, 3655479, 4585225, 5751445, 7214285, 9049188, 11350786, 14237780, 17859060, 22401388, 28099025, 35245816, 44210344, 55454937, 69559515, 87251494, 109443304, 137279447, 172195518, 215992250, 270928376, 339837123, 426272330, 534691730, 670686850, 841271383, 1055242905, 1323636594, 1660294350, 2082578663, 2612268052, 3276680251, 4110081069, 5155451586, 6466704818, 8111466184],
  "maxRate": 7.0,
  "maxRateList": [338, 639, 1024, 1507, 2109, 4475, 8948, 16116, 26665, 41428, 72753, 135389, 248201, 434856, 724852, 1234123, 2181846, 3919253, 6963245, 12037209, 20676070, 35948992, 63383763, 112126478, 196386941, 341119431, 592762375, 1036448716, 1821334062, 3196042649, 5583878666, 9733215291],
  "minRate": 0.6296296296296297,
  "minRateList": [109, 136, 171, 214, 268, 337, 423, 531, 666, 835, 1047, 1313, 1647, 2066, 2592, 3251, 4078, 5115, 6416, 8048, 10095, 12663, 15884, 19924, 24991, 31347, 39320, 49321, 61866, 77601, 97338, 122095, 153149, 192102, 240962, 302249, 379124, 475551, 596504, 748221, 938526, 1177234, 1476655, 1852232, 2323334, 2914258, 3655479, 4585225, 5751445, 7214285, 9049188, 11350786, 14237780, 17859060, 22401388, 28099025, 35245816, 44210344, 55454937, 69559515, 87251494, 109443304, 137279447, 172195518, 215992250, 270928376, 339837123, 426272330, 534691730, 670686850, 841271383, 1055242905, 1323636594, 1660294350, 2082578663, 2612268052, 3276680251, 4110081069, 5155451586, 6466704818, 8111466184],
  "province": "Panama",
  "r0": [7.0, 1.5, 1.2727272727272727, 0.6296296296296297]
}