{
  "input": [1, 8, 11, 27, 36, 43, 55, 69],
  "lastDate": "20_03_18",
  "lastDateRate": 1.2727272727272727,
  "lastDateRateList": [103, 149, 204, 274, 362, 493, 683, 943, 1292, 1753, 2380, 3249, 4449, 6093, 8324, 11353, 15488, 21150, 28905, 39499, 53948, 73660, 100578, 137366, 187637, 256298, 350047, 478055, 652884, 891695, 1217892, 1663406, 2271840, 3102783, 4237668, 5787712, 7904774, 10796207, 14745204, 20138600, 27504779, 37565400, 51306027, 70072650, 95703595, 130709677, 178520186, 243818766, 333002139, 454806714, 621164485, 848371994, 1158686787, 1582507691, 2161352600, 2951925581, 4031671755, 5506364029, 7520464727, 10271277127],
  "maxRate": 7.0,
  "maxRateList": [258, 510, 811, 1196, 1679, 3485, 7055, 12732, 21104, 32857, 57252, 106637, 195761, 343489, 573488, 974252, 1720711, 3091038, 5495461, 9509877, 16329641, 28374618, 50011884, 88480111, 155049250, 269356737, 467979063, 818062251, 1437423028, 2522767778, 4408264937, 7684118378, 13410554135],
  "minRate": 1.2727272727272727,
  "minRateList": [103, 149, 204, 274, 362, 493, 683, 943, 1292, 1753, 2380, 3249, 4449, 6093, 8324, 11353, 15488, 21150, 28905, 39499, 53948, 73660, 100578, 137366, 187637, 256298, 350047, 478055, 652884, 891695, 1217892, 1663406, 2271840, 3102783, 4237668, 5787712, 7904774, 10796207, 14745204, 20138600, 27504779, 37565400, 51306027, 70072650, 95703595, 130709677, 178520186, 243818766, 333002139, 454806714, 621164485, 848371994, 1158686787, 1582507691, 2161352600, 2951925581, 4031671755, 5506364029, 7520464727, 10271277127],
  "province": "Panama",
  "r0": [7.0, 1.5, 1.2727272727272727]
}