{
  "input": [1, 8, 11, 27, 36, 43, 55, 69, 86, 109, 137, 200, 313, 345],
  "lastDate": "20_03_24",
  "lastDateRate": 0.37209302325581395,
  "lastDateRateList": [386, 437, 511, 627, 755, 899, 1062, 1252, 1485, 1766, 2101, 2496, 2962, 3515, 4172, 4954, 5883, 6985, 8293, 9845, 11688, 13877, 16476, 19562, 23225, 27574, 32738, 38869, 46148, 54790, 65050, 77232, 91695, 108866, 129253, 153458, 182195, 216314, 256822, 304916, 362017, 429810, 510299, 605861, 719318, 854022, 1013951, 1203830, 1429267, 1696920, 2014696, 2391980, 2839917, 3371737, 4003149, 4752803, 5642842, 6699555, 7954155, 9443699, 11212184, 13311846, 15804704, 18764390, 22278325, 26450300, 31403545, 37284365, 44266464, 52556073, 62398045, 74083085, 87956337, 104427579, 123983327, 147201204, 174767003, 207494942, 246351716, 292485047, 347257588, 412287171, 489494591, 581160346, 689991991, 819204117, 972613297, 1154750819, 1370996529, 1627737735, 1932557872, 2294460494, 2724135217, 3234273460, 3839943315, 4559034616, 5412787358, 6426419067, 7629869657, 9058685774],
  "maxRate": 7.0,
  "maxRateList": [1108, 2067, 3467, 5658, 8073, 15829, 30298, 54567, 94173, 150684, 261487, 473573, 855542, 1514753, 2569541, 4399950, 7714961, 13703755, 24307026, 42293813, 73093463, 127098190, 223024475, 393173657, 689230348, 1200884589, 2090571919, 3651743244, 6403958843, 11228571279],
  "minRate": 0.37209302325581395,
  "minRateList": [386, 437, 511, 627, 755, 899, 1062, 1252, 1485, 1766, 2101, 2496, 2962, 3515, 4172, 4954, 5883, 6985, 8293, 9845, 11688, 13877, 16476, 19562, 23225, 27574, 32738, 38869, 46148, 54790, 65050, 77232, 91695, 108866, 129253, 153458, 182195, 216314, 256822, 304916, 362017, 429810, 510299, 605861, 719318, 854022, 1013951, 1203830, 1429267, 1696920, 2014696, 2391980, 2839917, 3371737, 4003149, 4752803, 5642842, 6699555, 7954155, 9443699, 11212184, 13311846, 15804704, 18764390, 22278325, 26450300, 31403545, 37284365, 44266464, 52556073, 62398045, 74083085, 87956337, 104427579, 123983327, 147201204, 174767003, 207494942, 246351716, 292485047, 347257588, 412287171, 489494591, 581160346, 689991991, 819204117, 972613297, 1154750819, 1370996529, 1627737735, 1932557872, 2294460494, 2724135217, 3234273460, 3839943315, 4559034616, 5412787358, 6426419067, 7629869657, 9058685774],
  "province": "Panama",
  "r0": [7.0, 1.5, 1.2727272727272727, 0.6296296296296297, 0.6388888888888888, 0.6511627906976745, 1.1454545454545455, 1.6376811594202898, 0.37209302325581395]
}