{
  "input": [1, 8, 11, 27, 36, 43, 55, 69, 86, 109, 137, 200, 313],
  "lastDate": "20_03_23",
  "lastDateRate": 1.6376811594202898,
  "lastDateRateList": [454, 633, 857, 1185, 1698, 2442, 3479, 4882, 6823, 9604, 13603, 19300, 27295, 38469, 54197, 76474, 108081, 152782, 215782, 304539, 429779, 606781, 856989, 1210371, 1709109, 2412950, 3406664, 4810139, 6792341, 9591317, 13542960, 19121989, 26999463, 38123152, 53830671, 76009721, 107325442, 151541954, 213975522, 302132998, 426612686, 602377540, 850554943, 1200978624, 1695776142, 2394431700, 3380934048, 4773871853, 6740691918, 9517832556],
  "maxRate": 7.0,
  "maxRateList": [915, 1678, 2637, 4037, 6228, 12633, 24379, 42838, 71097, 114693, 203124, 373777, 673643, 1171322, 1974173, 3396041, 6012480, 10727981, 18927235, 32746446, 56518733, 98606093, 173701960, 306192605, 535417727, 931048858, 1621291509, 2837205229, 4980553464, 8728477553],
  "minRate": 0.6296296296296297,
  "minRateList": [367, 436, 522, 648, 845, 1076, 1351, 1680, 2088, 2620, 3297, 4148, 5206, 6521, 8171, 10247, 12859, 16137, 20243, 25388, 31840, 39936, 50096, 62842, 78827, 98874, 124019, 155561, 195128, 244760, 307014, 385100, 483046, 605904, 760012, 953317, 1195787, 1499927, 1881422, 2359948, 2960185, 3713088, 4657486, 5842085, 7327978, 9191798, 11529668, 14462159, 18140509, 22754421, 28541849, 35801270, 44907074, 56328876, 70655734, 88626528, 111168068, 139442892, 174909221, 219396165, 275198053, 345192762, 432990138, 543118166, 681256492, 854529340, 1071872931, 1344496351, 1686459641, 2115398914, 2653435906, 3328318863, 4174853603, 5236698562, 6568616397, 8239298264],
  "province": "Panama",
  "r0": [7.0, 1.5, 1.2727272727272727, 0.6296296296296297, 0.6388888888888888, 0.6511627906976745, 1.1454545454545455, 1.6376811594202898]
}