{
  "input": [1, 8, 11, 27, 36, 43, 55, 69, 86, 109, 137, 200],
  "lastDate": "20_03_22",
  "lastDateRate": 1.1454545454545455,
  "lastDateRateList": [279, 378, 503, 660, 889, 1209, 1642, 2218, 2974, 3992, 5377, 7258, 9799, 13206, 17779, 23938, 32252, 43476, 58603, 78968, 106388, 143331, 193131, 260258, 350712, 472575, 636754, 857977, 1156091, 1557816, 2099129, 2828502, 3811276, 5135526, 6919933, 9324390, 12564310, 16929953, 22812465, 30738934, 41419599, 55811445, 75203937, 101334579, 136544631, 183988899, 247918372, 334061063, 450135217, 606540885, 817291806, 1101271032, 1483922795, 1999532225, 2694297239, 3630467853, 4891923762, 6591689873, 8882063149],
  "maxRate": 7.0,
  "maxRateList": [683, 1285, 2048, 3007, 4407, 9188, 18183, 32519, 53568, 84417, 148733, 276014, 503647, 878623, 1469542, 2510673, 4442771, 7968300, 14118661, 24405455, 41980166, 73079563, 128857663, 227688290, 398526475, 692387637, 1203944578, 2105948219, 3699766249, 6489451574, 11336165033],
  "minRate": 0.6296296296296297,
  "minRateList": [243, 297, 366, 452, 578, 731, 918, 1148, 1433, 1797, 2257, 2835, 3558, 4460, 5591, 7012, 8797, 11037, 13845, 17365, 21780, 27319, 34268, 42985, 53919, 67632, 84833, 106409, 133474, 167423, 210006, 263419, 330417, 414456, 519870, 652096, 817952, 1025992, 1286946, 1614272, 2024851, 2539858, 3185853, 3996152, 5012545, 6287451, 7886621, 9892528, 12408624, 15564671, 19523436, 24489086, 30717715, 38530552, 48330530, 60623064, 76042118, 95382902, 119642879, 150073213, 188243290, 236121661, 296177562, 371508264, 465998806, 584522359, 733191553, 919673722, 1153586333, 1446992989, 1815025585, 2276664711, 2855718536, 3582050672, 4493120332, 5635914219, 7069369778, 8867414782],
  "province": "Panama",
  "r0": [7.0, 1.5, 1.2727272727272727, 0.6296296296296297, 0.6388888888888888, 0.6511627906976745, 1.1454545454545455]
}