{
  "input": [1, 8, 11, 27, 36, 43, 55, 69, 86, 109, 137],
  "lastDate": "20_03_21",
  "lastDateRate": 0.6511627906976745,
  "lastDateRateList": [173, 218, 274, 345, 434, 547, 689, 867, 1092, 1375, 1731, 2180, 2745, 3456, 4351, 5478, 6898, 8685, 10935, 13768, 17335, 21827, 27482, 34602, 43567, 54855, 69068, 86963, 109495, 137864, 173584, 218559, 275186, 346485, 436257, 549288, 691605, 870796, 1096414, 1380488, 1738164, 2188511, 2755541, 3469485, 4368407, 5500235, 6925312, 8719618, 10978818, 13823362, 17404910, 21914415, 27592306, 34741304, 43742563, 55075993, 69345845, 87312928, 109935172, 138418701, 174282138, 219437572, 276292502, 347878195, 438011303, 551497346, 694386928, 874298325, 1100823661, 1386040323, 1745154874, 2197313804, 2766624341, 3483439748, 4385977633, 5522357551, 6953166540, 8754689367],
  "maxRate": 7.0,
  "maxRateList": [522, 1005, 1607, 2370, 3329, 6983, 14018, 25267, 41857, 65160, 114041, 212167, 389036, 682035, 1138155, 1936442, 3421611, 6144863, 10919108, 18886193, 32441287, 56392564, 99406605, 175840361, 308043712, 535132721, 929880669, 1625726904, 2856609431, 5012915415, 8758844462],
  "minRate": 0.6296296296296297,
  "minRateList": [172, 215, 269, 338, 424, 532, 667, 836, 1049, 1316, 1651, 2071, 2597, 3257, 4086, 5126, 6430, 8065, 10116, 12689, 15916, 19965, 25043, 31412, 39401, 49422, 61993, 77761, 97539, 122347, 153465, 192498, 241459, 302872, 379905, 476531, 597733, 749763, 940460, 1179659, 1479697, 1856047, 2328120, 2920261, 3663009, 4594670, 5763292, 7229145, 9067828, 11374167, 14267107, 17895846, 22447530, 28156903, 35318416, 44301409, 55569164, 69702794, 87431214, 109668735, 137562215, 172550207, 216437151, 271486434, 340537119, 427150365, 535793088, 672068331, 843004234, 1057416494, 1326363020, 1663714224, 2086868358, 2617648802, 3283429557, 4118547014, 5166070785, 6480024936, 8128174182],
  "province": "Panama",
  "r0": [7.0, 1.5, 1.2727272727272727, 0.6296296296296297, 0.6388888888888888, 0.6511627906976745]
}