{
  "input": [1, 1, 3, 3, 7, 10, 16, 32, 44, 54],
  "lastDate": "20_03_16",
  "lastDateRate": 1.4285714285714286,
  "lastDateRateList": [68, 91, 137, 200, 277, 374, 504, 700, 986, 1382, 1916, 2636, 3636, 5045, 7019, 9756, 13522, 18716, 25923, 35950, 49887, 69204, 95941, 132974, 184331, 255598, 354461, 491520, 681483, 944813, 1309953, 1816326, 2518497, 3492044, 4841777, 6713138, 9307889, 12905742, 17894376, 24811200, 34401397, 47698381, 66135155, 91698549, 127143120, 176287973, 244428517, 338907310, 469905237, 651538266, 903378227, 1252561823, 1736715123, 2408008319, 3338777270, 4629317594, 6418691627, 8899713231],
  "maxRate": 6.0,
  "maxRateList": [114, 210, 402, 666, 990, 1674, 2934, 5346, 9342, 15282, 25326, 42930, 75006, 131058, 222750, 374706, 632286, 1082322, 1868670, 3205170, 5453406, 9247122, 15741054, 26953074, 46184094, 78904530, 134387262, 228833586, 390552030, 667656594, 1141083774, 1947407346, 3320408862, 5663721042, 9669660606],
  "minRate": 1.4285714285714286,
  "minRateList": [68, 91, 137, 200, 277, 374, 504, 700, 986, 1382, 1916, 2636, 3636, 5045, 7019, 9756, 13522, 18716, 25923, 35950, 49887, 69204, 95941, 132974, 184331, 255598, 354461, 491520, 681483, 944813, 1309953, 1816326, 2518497, 3492044, 4841777, 6713138, 9307889, 12905742, 17894376, 24811200, 34401397, 47698381, 66135155, 91698549, 127143120, 176287973, 244428517, 338907310, 469905237, 651538266, 903378227, 1252561823, 1736715123, 2408008319, 3338777270, 4629317594, 6418691627, 8899713231],
  "province": "Slovakia",
  "r0": [3.0, 6.0, 5.333333333333333, 4.0, 1.4285714285714286]
}