{
  "input": [1, 1, 3, 3, 7, 10, 16, 32, 44, 54, 63, 72, 105, 123, 137, 178],
  "lastDate": "20_03_22",
  "lastDateRate": 0.6507936507936508,
  "lastDateRateList": [225, 293, 373, 462, 578, 724, 915, 1158, 1459, 1835, 2306, 2901, 3655, 4605, 5799, 7300, 9188, 11567, 14564, 18338, 23089, 29068, 36596, 46074, 58008, 73034, 91951, 115767, 145752, 183503, 231033, 290874, 366214, 461068, 580491, 730846, 920145, 1158475, 1458535, 1836315, 2311945, 2910770, 3664698, 4613903, 5808965, 7313564, 9207875, 11592837, 14595536, 18375974, 23135595, 29128022, 36672567, 46171249, 58130216, 73186714, 92143046, 116009320, 146057276, 183888051, 231517500, 291483609, 366981738, 462034886, 581708062, 732378181, 922073863, 1160903248, 1461592618, 1840164531, 2316791601, 2916871417, 3672379880, 4623575076, 5821142469, 7328895733, 9227177131],
  "maxRate": 6.0,
  "maxRateList": [610, 1240, 1978, 2800, 3868, 7528, 14968, 26836, 43636, 66844, 112012, 201820, 362836, 624652, 1025716, 1697788, 2908708, 5085724, 8833636, 14987932, 25174660, 42626908, 73141252, 126143068, 216070660, 367118620, 622880068, 1061727580, 1818585988, 3115009948, 5317721668, 9055002076],
  "minRate": 0.25925925925925924,
  "minRateList": [197, 224, 256, 292, 338, 389, 447, 513, 589, 677, 778, 894, 1027, 1180, 1356, 1558, 1790, 2056, 2362, 2714, 3118, 3582, 4115, 4727, 5431, 6239, 7168, 8235, 9461, 10869, 12487, 14345, 16480, 18933, 21751, 24988, 28707, 32980, 37889, 43528, 50006, 57449, 65999, 75822, 87107, 100072, 114966, 132077, 151735, 174318, 200263, 230069, 264311, 303650, 348844, 400764, 460412, 528937, 607661, 698102, 802004, 921370, 1058502, 1216044, 1397033, 1604960, 1843834, 2118260, 2433531, 2795725, 3211826, 3689857, 4239036, 4869951, 5594769, 6427465, 7384095, 8483104, 9745684, 11196180, 12862560, 14776955, 16976278, 19502937, 22405650, 25740388, 29571450, 33972707, 39029024, 44837896, 51511330, 59178002, 67985741, 78104377, 89729017, 103083806, 118426251, 136052184, 156301467, 179564545, 206289976, 236993078, 272265866, 312788469, 359342240, 412824826, 474267476, 544854923, 625948230, 719111033, 826139692, 949097927, 1090356611, 1252639485, 1439075679, 1653260044, 1899322470, 2182007517, 2506765902, 2879859597, 3308482571, 3800899508, 4366605161, 5016507432, 5763137698, 6620892439, 7606310830, 8738393650],
  "province": "Slovakia",
  "r0": [3.0, 6.0, 5.333333333333333, 4.0, 1.4285714285714286, 0.9, 0.5625, 1.03125, 0.4090909090909091, 0.25925925925925924, 0.6507936507936508]
}