{
  "input": [1, 1, 3, 3, 7, 10, 16, 32, 44, 54, 63, 72, 105],
  "lastDate": "20_03_19",
  "lastDateRate": 1.03125,
  "lastDateRateList": [150, 206, 271, 345, 453, 608, 820, 1099, 1455, 1922, 2549, 3395, 4528, 6028, 8010, 10639, 14140, 18810, 25026, 33286, 44257, 58839, 78237, 104045, 138371, 184011, 244689, 325371, 432667, 575362, 765123, 1017459, 1352998, 1799186, 2392528, 3181561, 4230816, 5626095, 7481506, 9948801, 13229786, 17592815, 23394725, 31110028, 41369729, 55012946, 73155536, 97281346, 129363562, 172026095, 228758196, 304199843, 404521231, 537927404, 715329314, 951236204, 1264942292, 1682104811, 2236842446, 2974525801, 3955488136, 5259959875, 6994630461, 9301374233],
  "maxRate": 6.0,
  "maxRateList": [369, 693, 1071, 1503, 2133, 4347, 8505, 14931, 23949, 36747, 62829, 113859, 203445, 347139, 567621, 944595, 1627749, 2848419, 4931253, 8336979, 14004549, 23771043, 40861557, 70449075, 120470949, 204498243, 347124501, 592293843, 1014988293, 1737813987, 2964803445, 5047550451, 8601313509],
  "minRate": 0.5625,
  "minRateList": [130, 160, 195, 236, 295, 368, 458, 568, 701, 867, 1074, 1332, 1652, 2046, 2534, 3138, 3887, 4816, 5967, 7392, 9157, 11343, 14052, 17408, 21566, 26717, 33097, 41001, 50793, 62924, 77952, 96569, 119632, 148203, 183598, 227446, 281766, 349059, 432423, 535697, 663635, 822128, 1018474, 1261712, 1563042, 1936337, 2398784, 2971676, 3681389, 4560600, 5649790, 6999106, 8670674, 10741455, 13306793, 16484800, 20421797, 25299051, 31341119, 38826190, 48098890, 59586151, 73816867, 91446246, 113285978, 140341604, 173858814, 215380802, 266819315, 330542678, 409484830, 507280413, 628432114, 778517979, 964448235, 1194783452, 1480128684, 1833621748, 2271538111, 2814040243, 3486105935, 4318678320, 5350090553, 6627830740, 8210728377],
  "province": "Slovakia",
  "r0": [3.0, 6.0, 5.333333333333333, 4.0, 1.4285714285714286, 0.9, 0.5625, 1.03125]
}