{
  "input": [1, 1, 3, 3, 7, 10, 16, 32, 44, 54, 63],
  "lastDate": "20_03_17",
  "lastDateRate": 0.9,
  "lastDateRateList": [77, 106, 146, 195, 252, 321, 416, 547, 723, 950, 1239, 1613, 2105, 2756, 3611, 4726, 6178, 8073, 10553, 13803, 18056, 23616, 30882, 40380, 52803, 69053, 90307, 118101, 154443, 201966, 264114, 345390, 451681, 590680, 772449, 1010152, 1321003, 1727516, 2259128, 2954332, 3863469, 5052372, 6607136, 8640351, 11299250, 14776372, 19323507, 25269929, 33046245, 43215570, 56514305, 73905461, 96648397, 126390018, 165284031, 216146906, 282661821, 369645378, 483396394, 632152022, 826684237, 1081079876, 1413760716, 1848817471, 2417754291, 3161770104, 4134741992, 5407126636, 7071062360, 9247041222],
  "maxRate": 6.0,
  "maxRateList": [159, 351, 615, 939, 1317, 2271, 4377, 8067, 13701, 21603, 35229, 61491, 109893, 192099, 321717, 533091, 902037, 1561395, 2713989, 4644291, 7842837, 13255059, 22623429, 38907363, 66773109, 113830131, 193360485, 329101059, 562545237, 963183891, 1646164677, 2806327587, 4780933941, 8156205363],
  "minRate": 0.9,
  "minRateList": [77, 106, 146, 195, 252, 321, 416, 547, 723, 950, 1239, 1613, 2105, 2756, 3611, 4726, 6178, 8073, 10553, 13803, 18056, 23616, 30882, 40380, 52803, 69053, 90307, 118101, 154443, 201966, 264114, 345390, 451681, 590680, 772449, 1010152, 1321003, 1727516, 2259128, 2954332, 3863469, 5052372, 6607136, 8640351, 11299250, 14776372, 19323507, 25269929, 33046245, 43215570, 56514305, 73905461, 96648397, 126390018, 165284031, 216146906, 282661821, 369645378, 483396394, 632152022, 826684237, 1081079876, 1413760716, 1848817471, 2417754291, 3161770104, 4134741992, 5407126636, 7071062360, 9247041222],
  "province": "Slovakia",
  "r0": [3.0, 6.0, 5.333333333333333, 4.0, 1.4285714285714286, 0.9]
}