{
  "input": [1, 1, 3, 3, 7, 10, 16, 32, 44, 54, 63, 72, 105, 123],
  "lastDate": "20_03_20",
  "lastDateRate": 0.4090909090909091,
  "lastDateRateList": [145, 171, 200, 243, 293, 352, 422, 504, 603, 723, 867, 1040, 1246, 1493, 1789, 2144, 2569, 3079, 3690, 4422, 5299, 6350, 7610, 9120, 10929, 13097, 15695, 18808, 22539, 27010, 32368, 38789, 46483, 55704, 66754, 79995, 95863, 114879, 137667, 164975, 197700, 236917, 283913, 340231, 407721, 488598, 585519, 701665, 840850, 1007645, 1207526, 1447057, 1734102, 2078086, 2490304, 2984292, 3576270, 4285675, 5135801, 6154562, 7375409, 8838429, 10591660, 12692670, 15210445, 18227658, 21843379, 26176331, 31368787, 37591242, 45048011, 53983939, 64692438, 77525124, 92903359, 111332091, 133416430, 159881518, 191596341, 229602261, 275147207, 329726656, 395132732, 473513053, 567441251, 680001472, 814889649, 976534858, 1170244743, 1402379800, 1680562220, 2013926167, 2413417700, 2892154186, 3465855013, 4153357739, 4977236626, 5964543867, 7147697852, 8565547630],
  "maxRate": 6.0,
  "maxRateList": [447, 825, 1257, 1887, 2625, 5307, 10257, 17799, 29121, 44871, 76713, 138255, 245049, 419775, 689001, 1149279, 1978809, 3449103, 5967753, 10101759, 16997433, 28870287, 49564905, 85371423, 145981977, 247966575, 421188297, 718577727, 1230806265, 2106698127, 3594497577, 6121627359, 10433093721],
  "minRate": 0.4090909090909091,
  "minRateList": [145, 171, 200, 243, 293, 352, 422, 504, 603, 723, 867, 1040, 1246, 1493, 1789, 2144, 2569, 3079, 3690, 4422, 5299, 6350, 7610, 9120, 10929, 13097, 15695, 18808, 22539, 27010, 32368, 38789, 46483, 55704, 66754, 79995, 95863, 114879, 137667, 164975, 197700, 236917, 283913, 340231, 407721, 488598, 585519, 701665, 840850, 1007645, 1207526, 1447057, 1734102, 2078086, 2490304, 2984292, 3576270, 4285675, 5135801, 6154562, 7375409, 8838429, 10591660, 12692670, 15210445, 18227658, 21843379, 26176331, 31368787, 37591242, 45048011, 53983939, 64692438, 77525124, 92903359, 111332091, 133416430, 159881518, 191596341, 229602261, 275147207, 329726656, 395132732, 473513053, 567441251, 680001472, 814889649, 976534858, 1170244743, 1402379800, 1680562220, 2013926167, 2413417700, 2892154186, 3465855013, 4153357739, 4977236626, 5964543867, 7147697852, 8565547630],
  "province": "Slovakia",
  "r0": [3.0, 6.0, 5.333333333333333, 4.0, 1.4285714285714286, 0.9, 0.5625, 1.03125, 0.4090909090909091]
}