{
  "input": [1, 1, 3, 3, 7, 10, 16, 32, 44, 54, 63, 72, 105, 123, 137, 178, 185, 186, 204],
  "lastDate": "20_03_25",
  "lastDateRate": 0.14634146341463414,
  "lastDateRateList": [224, 250, 277, 304, 334, 367, 404, 445, 489, 538, 592, 651, 716, 788, 867, 954, 1049, 1154, 1269, 1396, 1536, 1690, 1859, 2045, 2249, 2474, 2721, 2993, 3292, 3621, 3983, 4381, 4819, 5301, 5831, 6414, 7055, 7760, 8536, 9389, 10328, 11360, 12496, 13745, 15119, 16630, 18292, 20121, 22132, 24345, 26779, 29456, 32401, 35640, 39203, 43122, 47433, 52175, 57391, 63128, 69439, 76380, 84015, 92414, 101652, 111814, 122992, 135287, 148811, 163687, 180050, 198049, 217847, 239624, 263578, 289927, 318910, 350790, 385857, 424429, 466857, 513527, 564862, 621329, 683441, 751762, 826912, 909575, 1000501, 1100517, 1210531, 1331543, 1464652, 1611067, 1772118, 1949269, 2144129, 2358468, 2594234, 2853568, 3138827, 3452602, 3797744, 4177388, 4594983, 5054324, 5559583, 6115350, 6726675, 7399112, 8138769, 8952367, 9847296, 10831687, 11914484, 13105523, 14415625, 15856693, 17441818, 19185401, 21103282, 23212886, 25533378, 28085839, 30893459, 33981744, 37378752, 41115344, 45225467, 49746461, 54719399, 60189460, 66206340, 72824701, 80104671, 88112388, 96920602, 106609335, 117266608, 128989243, 141883739, 156067242, 171668608, 188829575, 207706050, 228469524, 251308633, 276430868, 304064464, 334460471, 367895035, 404671908, 445125206, 489622445, 538567880, 592406178, 651626457, 716766731, 788418796, 867233608, 953927195, 1049287164, 1154179856, 1269558216, 1396470451, 1536069553, 1689623772, 1858528141, 2044317148, 2248678677, 2473469343, 2720731358, 2992711086, 3291879449, 3620954377, 3982925500, 4381081308, 4819039028, 5300777484, 5830673246, 6413540392, 7054674242, 7759899466, 8535623000],
  "maxRate": 6.0,
  "maxRateList": [1026, 2094, 3204, 4320, 5544, 11700, 24264, 43488, 69408, 102672, 172872, 318456, 579384, 995832, 1611864, 2649096, 4559832, 8036136, 14011128, 23682312, 39576888, 66935880, 115152696, 199219464, 341313336, 578774664, 980389944, 1671306120, 2866622904, 4914502920, 8387150904],
  "minRate": 0.009523809523809525,
  "minRateList": [205, 207, 209, 211, 213, 215, 217, 219, 221, 223, 225, 227, 229, 231, 233, 235, 237, 239, 241, 243, 245, 247, 249, 251, 253, 255, 257, 259, 261, 263, 265, 267, 269, 271, 274, 277, 280, 283, 286, 289, 292, 295, 298, 301, 304, 307, 310, 313, 316, 319, 322, 325, 328, 331, 334, 337, 340, 343, 346, 349, 352, 355, 358, 361, 364, 367, 370, 373, 376, 379, 382, 386, 390, 394, 398, 402, 406, 410, 414, 418, 422, 426, 430, 434, 438, 442, 446, 450, 454, 458, 462, 466, 470, 474, 478, 482, 486, 490, 495, 500, 505, 510, 515, 520, 525, 530, 535, 540, 545, 550, 555, 560, 565, 570, 575, 580, 585, 590, 595, 600, 606, 612, 618, 624, 630, 636, 642, 648, 654, 660, 666, 672, 678, 684, 690, 696, 702, 708, 715, 722, 729, 736, 743, 750, 757, 764, 771, 778, 785, 792, 799, 806, 813, 820, 828, 836, 844, 852, 860, 868, 876, 884, 892, 900, 908, 916, 924, 932, 941, 950, 959, 968, 977, 986, 995, 1004, 1013, 1022, 1031, 1040, 1050, 1060, 1070, 1080, 1090, 1100, 1110, 1120, 1130, 1140, 1150, 1161, 1172, 1183, 1194, 1205, 1216, 1227, 1238, 1249, 1260, 1272, 1284, 1296, 1308, 1320, 1332, 1344, 1356, 1368, 1381, 1394, 1407, 1420, 1433, 1446, 1459, 1472, 1486, 1500, 1514, 1528, 1542, 1556, 1570, 1584, 1599, 1614, 1629, 1644, 1659, 1674, 1689, 1705, 1721, 1737, 1753, 1769, 1785, 1801, 1818, 1835, 1852, 1869, 1886, 1903, 1920, 1938, 1956, 1974, 1992, 2010, 2028, 2047, 2066, 2085, 2104, 2123, 2142, 2162, 2182, 2202, 2222, 2242, 2263, 2284, 2305, 2326, 2347, 2369, 2391, 2413, 2435, 2457, 2480, 2503, 2526, 2549, 2572, 2596, 2620, 2644, 2668, 2692, 2717, 2742, 2767, 2792, 2818, 2844, 2870, 2896, 2923, 2950, 2977, 3004, 3032, 3060, 3088, 3116, 3145, 3174, 3203, 3232, 3262, 3292, 3322, 3353, 3384, 3415, 3446, 3478, 3510, 3542, 3575, 3608, 3641, 3674, 3708, 3742, 3776, 3811, 3846, 3881, 3917, 3953, 3989, 4026, 4063, 4100, 4138, 4176, 4214, 4253, 4292, 4331, 4371, 4411, 4452, 4493, 4534, 4576, 4618, 4660, 4703, 4746, 4790, 4834, 4878, 4923, 4968, 5014, 5060, 5106, 5153, 5200, 5248, 5296, 5345, 5394, 5444, 5494, 5544, 5595, 5646, 5698, 5750, 5803, 5856, 5910, 5964, 6019, 6074, 6130, 6186, 6243, 6300, 6358, 6416, 6475, 6534, 6594, 6655, 6716, 6778, 6840, 6903, 6966, 7030, 7095, 7160, 7226, 7292, 7359, 7427, 7495, 7564, 7633, 7703, 7774, 7845, 7917, 7990, 8063, 8137, 8212, 8287, 8363, 8440, 8517, 8595, 8674, 8754, 8834, 8915, 8997, 9080, 9163, 9247, 9332, 9418, 9504, 9591, 9679, 9768, 9858, 9949, 10040, 10132, 10225, 10319, 10414, 10510, 10606, 10703, 10801, 10900, 11000, 11101, 11203, 11306, 11410, 11515, 11621, 11728, 11836, 11945, 12055, 12166, 12278, 12391, 12505, 12620, 12736, 12853, 12971, 13090, 13210, 13331, 13453, 13577, 13702, 13828, 13955, 14083, 14212, 14342, 14474, 14607, 14741, 14876, 15013, 15151, 15290, 15430, 15572, 15715, 15859, 16005, 16152, 16300, 16450, 16601, 16753, 16907, 17062, 17219, 17377, 17537, 17698, 17860, 18024, 18189, 18356, 18525, 18695, 18867, 19040, 19215, 19391, 19569, 19749, 19930, 20113, 20298, 20484, 20672, 20862, 21054, 21247, 21442, 21639, 21838, 22039, 22241, 22445, 22651, 22859, 23069, 23281, 23495, 23711, 23929, 24149, 24371, 24595, 24821, 25049, 25279, 25511, 25745, 25981, 26220, 26461, 26704, 26949, 27196, 27446, 27698, 27952, 28209, 28468, 28729, 28993, 29259, 29528, 29799, 30073, 30349, 30628, 30909, 31193, 31479, 31768, 32060, 32354, 32651, 32951, 33254, 33559, 33867, 34178, 34492, 34809, 35129, 35452, 35778, 36106, 36438, 36773, 37111, 37452, 37796, 38143, 38493, 38846, 39203, 39563, 39926, 40293, 40663, 41036, 41413, 41793, 42177, 42564, 42955, 43349, 43747, 44149, 44554, 44963, 45376, 45793, 46213, 46637, 47065, 47497, 47933, 48373, 48817, 49265, 49717, 50174, 50635, 51100, 51569, 52042, 52520, 53002, 53489, 53980, 54476, 54976, 55481, 55990, 56504, 57023, 57547, 58075, 58608, 59146, 59689, 60237, 60790, 61348, 61911, 62479, 63053, 63632, 64216, 64806, 65401, 66002, 66608, 67220, 67837, 68460, 69089, 69723, 70363, 71009, 71661, 72319, 72983, 73653, 74329, 75011, 75700, 76395, 77096, 77804, 78518, 79239, 79967, 80701, 81442, 82190, 82945, 83707, 84476, 85252, 86035, 86825, 87622, 88427, 89239, 90058, 90885, 91719, 92561, 93411, 94269, 95135, 96009, 96891, 97781, 98679, 99585, 100499, 101422, 102353, 103293, 104241, 105198, 106164, 107139, 108123, 109116, 110118, 111129, 112149, 113179, 114218, 115267, 116325, 117393, 118471, 119559, 120657, 121765, 122883, 124011, 125150, 126299, 127459, 128629, 129810, 131002, 132205, 133419, 134644, 135880, 137128, 138387, 139658, 140940, 142234, 143540, 144858, 146188, 147530, 148885, 150252, 151632, 153024, 154429, 155847, 157278, 158722, 160179, 161650, 163134, 164632, 166144, 167670, 169210, 170764, 172332, 173914, 175511, 177123, 178749, 180390, 182046, 183718, 185405, 187107, 188825, 190559, 192309, 194075, 195857, 197655, 199470, 201302, 203150, 205015, 206897, 208797, 210714, 212649, 214602, 216572, 218561, 220568, 222593, 224637, 226700, 228782, 230883, 233003, 235142, 237301, 239480, 241679, 243898, 246137, 248397, 250678, 252980, 255303, 257647, 260013, 262400, 264809, 267240, 269694, 272170, 274669, 277191, 279736, 282305, 284897, 287513, 290153, 292817, 295506, 298219, 300957, 303720, 306509, 309323, 312163, 315029, 317922, 320841, 323787, 326760, 329760, 332788, 335844, 338928, 342040, 345181, 348350, 351549, 354777, 358035, 361322, 364640, 367988, 371367, 374777, 378218, 381691, 385196, 388733, 392302, 395904, 399539, 403208, 406910, 410646, 414417, 418222, 422062, 425937, 429848, 433795, 437778, 441798, 445855, 449949, 454080, 458249, 462457, 466703, 470988, 475313, 479677, 484081, 488526, 493012, 497539, 502107, 506717, 511370, 516065, 520803, 525585, 530411, 535281, 540196, 545156, 550162, 555214, 560312, 565457, 570649, 575889, 581177, 586513, 591898, 597333, 602818, 608353, 613939, 619576, 625265, 631006, 636800, 642647, 648548, 654503, 660513, 666578, 672698, 678875, 685108, 691399, 697747, 704154,