{
  "input": [1, 1, 3, 3, 7, 10, 16, 32, 44, 54, 63, 72, 105, 123, 137],
  "lastDate": "20_03_21",
  "lastDateRate": 0.25925925925925924,
  "lastDateRateList": [153, 172, 199, 231, 267, 307, 352, 404, 464, 533, 613, 704, 809, 929, 1067, 1226, 1409, 1619, 1860, 2137, 2455, 2820, 3240, 3722, 4276, 4912, 5643, 6483, 7448, 8557, 9830, 11293, 12974, 14905, 17123, 19672, 22600, 25964, 29828, 34267, 39367, 45226, 51957, 59690, 68574, 78780, 90505, 103975, 119450, 137228, 157652, 181116, 208072, 239041, 274619, 315492, 362448, 416393, 478367, 549565, 631359, 725327, 833281, 957302, 1099782, 1263468, 1451516, 1667552, 1915741, 2200870, 2528436, 2904755, 3337083, 3833757, 4404353, 5059873, 5812958, 6678128, 7672065, 8813934, 10125753, 11632816, 13364183, 15353237, 17638331, 20263526, 23279441, 26744229, 30724698, 35297599, 40551106, 46586517, 53520206, 61485868, 70637097, 81150347, 93228333, 107103942, 123044723, 141358044, 162397023, 186567332, 214335021, 246235505, 282883887, 324986819, 373356127, 428924466, 492763301, 566103568, 650359410, 747155443, 858358082, 986111530, 1132879122, 1301490821, 1495197788, 1717735069, 1973393614, 2267103016, 2604526562, 2992170433, 3437509155, 3949129722, 4536897171, 5212144798, 5987892688, 6879098765, 7902947211],
  "maxRate": 6.0,
  "maxRateList": [515, 947, 1577, 2315, 3137, 6227, 11909, 21371, 35261, 54083, 91445, 162899, 291125, 502691, 827189, 1375859, 2353253, 4100003, 7116149, 12079283, 20334437, 34453955, 59053973, 101750867, 174226565, 296233187, 502956917, 857280755, 1467785957, 2513145347, 4290544469, 7308285971, 12451970501],
  "minRate": 0.25925925925925924,
  "minRateList": [153, 172, 199, 231, 267, 307, 352, 404, 464, 533, 613, 704, 809, 929, 1067, 1226, 1409, 1619, 1860, 2137, 2455, 2820, 3240, 3722, 4276, 4912, 5643, 6483, 7448, 8557, 9830, 11293, 12974, 14905, 17123, 19672, 22600, 25964, 29828, 34267, 39367, 45226, 51957, 59690, 68574, 78780, 90505, 103975, 119450, 137228, 157652, 181116, 208072, 239041, 274619, 315492, 362448, 416393, 478367, 549565, 631359, 725327, 833281, 957302, 1099782, 1263468, 1451516, 1667552, 1915741, 2200870, 2528436, 2904755, 3337083, 3833757, 4404353, 5059873, 5812958, 6678128, 7672065, 8813934, 10125753, 11632816, 13364183, 15353237, 17638331, 20263526, 23279441, 26744229, 30724698, 35297599, 40551106, 46586517, 53520206, 61485868, 70637097, 81150347, 93228333, 107103942, 123044723, 141358044, 162397023, 186567332, 214335021, 246235505, 282883887, 324986819, 373356127, 428924466, 492763301, 566103568, 650359410, 747155443, 858358082, 986111530, 1132879122, 1301490821, 1495197788, 1717735069, 1973393614, 2267103016, 2604526562, 2992170433, 3437509155, 3949129722, 4536897171, 5212144798, 5987892688, 6879098765, 7902947211],
  "province": "Slovakia",
  "r0": [3.0, 6.0, 5.333333333333333, 4.0, 1.4285714285714286, 0.9, 0.5625, 1.03125, 0.4090909090909091, 0.25925925925925924]
}