{
  "input": [1, 1, 3, 3, 7, 10, 16, 32],
  "lastDate": "20_03_14",
  "lastDateRate": 5.333333333333333,
  "lastDateRateList": [48, 85, 138, 223, 394, 650, 1103, 1839, 3028, 5129, 8596, 14479, 24287, 40436, 67791, 113636, 190857, 320388, 536047, 897599, 1503658, 2521562, 4230298, 7089215, 11876410, 19895919, 33344250, 55905839, 93714986, 157055839, 263167407, 441003407, 739167882, 1238981141, 2076612282, 3480171786, 5832189957, 9774418661],
  "maxRate": 6.0,
  "maxRateList": [50, 92, 152, 248, 440, 740, 1292, 2204, 3692, 6332, 10772, 18524, 31748, 53900, 91892, 156524, 267668, 458156, 781556, 1332908, 2272052, 3878060, 6626996, 11316332, 19313780, 32946092, 56214452, 95976428, 163874420, 279757100, 477433652, 814720364, 1390578932, 2373825452, 4052368052, 6916969964, 11805292148],
  "minRate": 3.0,
  "minRateList": [41, 62, 92, 140, 236, 359, 545, 821, 1241, 1949, 3026, 4661, 7124, 10847, 16694, 25772, 39755, 61127, 93668, 143750, 221066, 340331, 523712, 804716, 1235966, 1899164, 2920157, 4491293, 6905441, 10613339, 16310831, 25071302, 38545181, 59261504, 91101521, 140034014, 215247920, 330883463, 508667975, 781972538, 1202074580, 1847818340, 2840468729, 4366472654, 6712390268, 10318614008],
  "province": "Slovakia",
  "r0": [3.0, 6.0, 5.333333333333333]
}