{
  "input": [1, 1, 3, 3, 7, 10, 16, 32, 44, 54, 63, 72],
  "lastDate": "20_03_18",
  "lastDateRate": 0.5625,
  "lastDateRateList": [90, 115, 145, 180, 221, 272, 337, 419, 520, 644, 797, 987, 1223, 1516, 1878, 2326, 2881, 3569, 4422, 5478, 6786, 8407, 10415, 12902, 15983, 19800, 24529, 30387, 37644, 46634, 57772, 71570, 88663, 109838, 136070, 168567, 208825, 258698, 320482, 397021, 491840, 609304, 754822, 935093, 1158417, 1435077, 1777811, 2202398, 2728388, 3379998, 4187229, 5187248, 6426097, 7960815, 9862064, 12217380, 15135207, 18749887, 23227845, 28775256, 35647532, 44161086, 54707897, 67773560, 83959642, 104011379, 128851990, 159625182, 197747810, 244975109, 303481510, 375960754, 465749919, 576983062, 714781561, 885489910, 1096967834, 1358952163, 1683505135, 2085569763, 2583657837, 3200702244, 3965112836, 4912084474, 6085217466, 7538524999, 9338920011],
  "maxRate": 6.0,
  "maxRateList": [264, 528, 852, 1230, 1662, 3246, 6414, 11526, 18906, 28878, 48354, 86838, 155994, 269430, 442698, 732822, 1253850, 2189814, 3806394, 6462582, 10859514, 18382614, 31521498, 54359862, 93135354, 158292438, 268588122, 457717110, 783876282, 1342688406, 2292443034, 3903971766, 6650274426, 11353532118],
  "minRate": 0.5625,
  "minRateList": [90, 115, 145, 180, 221, 272, 337, 419, 520, 644, 797, 987, 1223, 1516, 1878, 2326, 2881, 3569, 4422, 5478, 6786, 8407, 10415, 12902, 15983, 19800, 24529, 30387, 37644, 46634, 57772, 71570, 88663, 109838, 136070, 168567, 208825, 258698, 320482, 397021, 491840, 609304, 754822, 935093, 1158417, 1435077, 1777811, 2202398, 2728388, 3379998, 4187229, 5187248, 6426097, 7960815, 9862064, 12217380, 15135207, 18749887, 23227845, 28775256, 35647532, 44161086, 54707897, 67773560, 83959642, 104011379, 128851990, 159625182, 197747810, 244975109, 303481510, 375960754, 465749919, 576983062, 714781561, 885489910, 1096967834, 1358952163, 1683505135, 2085569763, 2583657837, 3200702244, 3965112836, 4912084474, 6085217466, 7538524999, 9338920011],
  "province": "Slovakia",
  "r0": [3.0, 6.0, 5.333333333333333, 4.0, 1.4285714285714286, 0.9, 0.5625]
}