{
  "input": [2, 2, 3, 3, 3, 5, 7, 11, 13, 18, 24, 25, 26, 38, 63, 89, 93],
  "lastDate": "20_03_22",
  "lastDateRate": 0.16,
  "lastDateRateList": [97, 103, 113, 127, 142, 158, 174, 192, 212, 235, 260, 288, 319, 353, 391, 433, 479, 530, 586, 649, 718, 795, 880, 974, 1078, 1193, 1320, 1461, 1617, 1789, 1980, 2191, 2425, 2684, 2970, 3287, 3638, 4026, 4455, 4930, 5456, 6038, 6682, 7395, 8184, 9057, 10023, 11092, 12275, 13584, 15033, 16637, 18412, 20376, 22549, 24954, 27616, 30562, 33822, 37430, 41423, 45842, 50732, 56144, 62133, 68761, 76096, 84213, 93196, 103137, 114139, 126314, 139788, 154699, 171201, 189463, 209673, 232039, 256791, 284183, 314497, 348045, 385171, 426258, 471727, 522047, 577734, 639361, 707562, 783038, 866566, 959003, 1061301, 1174511, 1299797, 1438448, 1591888, 1761696, 1949618, 2157586, 2387738, 2642440, 2924311, 3236250, 3581464, 3963502, 4386292, 4854182, 5371982, 5945016, 6579176, 7280983, 8057652, 8917169, 9868372, 10921040, 12085997, 13375221, 14801968, 16380908, 18128274, 20062034, 22202069, 24570384, 27191329, 30091853, 33301778, 36854109, 40785370, 45135983, 49950679, 55278963, 61175620, 67701279, 74923036, 82915145, 91759779, 101547878, 112380083, 124367769, 137634192, 152315757, 168563417, 186544230, 206443073, 228464544, 252835065, 279805212, 309652289, 342683181, 379237508, 419691118, 464459952, 514004318, 568833627, 629511628, 696662207, 770975799, 853216490, 944229870, 1044951730, 1156417683, 1279773811, 1416288449, 1567365228, 1734557505, 1919584334, 2124348144, 2350954296, 2601732732, 2879261933, 3186395426, 3526291129, 3902443816, 4318721053, 4779402962, 5289226230, 5853432811, 6477823822, 7168819190, 7933523664],
  "maxRate": 1.6666666666666667,
  "maxRateList": [136, 199, 304, 452, 607, 834, 1166, 1673, 2426, 3438, 4828, 6771, 9559, 13602, 19332, 27379, 38664, 54596, 77266, 109486, 155118, 219558, 310551, 439328, 621805, 880335, 1246265, 1763850, 2496063, 3532405, 4999630, 7076738, 10016488, 14176593, 20063935, 28396652, 40191215, 56885362, 80513017, 113952909, 161280662, 228266020, 323074957, 457263319, 647184834, 915985937, 1296429304, 1834887566, 2596993098, 3675634488, 5202277716, 7362993223, 10421139166],
  "minRate": 0.09090909090909091,
  "minRateList": [95, 98, 104, 112, 120, 129, 138, 147, 157, 168, 180, 193, 206, 220, 235, 251, 269, 288, 308, 329, 352, 376, 402, 430, 460, 492, 526, 563, 602, 644, 689, 737, 788, 843, 902, 965, 1032, 1104, 1181, 1263, 1351, 1445, 1545, 1652, 1767, 1890, 2021, 2161, 2311, 2472, 2644, 2828, 3024, 3234, 3459, 3699, 3956, 4231, 4525, 4839, 5175, 5535, 5920, 6331, 6771, 7241, 7744, 8282, 8858, 9474, 10132, 10836, 11589, 12394, 13255, 14176, 15161, 16215, 17342, 18547, 19836, 21214, 22688, 24265, 25951, 27754, 29683, 31746, 33952, 36311, 38834, 41532, 44418, 47505, 50806, 54336, 58112, 62150, 66469, 71088, 76028, 81311, 86961, 93004, 99467, 106379, 113771, 121677, 130132, 139174, 148845, 159188, 170250, 182080, 194732, 208263, 222735, 238212, 254765, 272468, 291401, 311650, 333306, 356466, 381236, 407727, 436059, 466360, 498766, 533424, 570490, 610132, 652528, 697870, 746363, 798226, 853693, 913014, 976457, 1044308, 1116874, 1194482, 1277483, 1366252, 1461189, 1562723, 1671312, 1787447, 1911652, 2044487, 2186553, 2338490, 2500985, 2674772, 2860634, 3059412, 3272002, 3499364, 3742525, 4002583, 4280711, 4578166, 4896290, 5236520, 5600391, 5989547, 6405744, 6850861, 7326908, 7836034, 8380538, 8962878, 9585684, 10251767, 10964134, 11726001, 12540808, 13412234, 14344213, 15340952, 16406952, 17547025, 18766319, 20070338, 21464970, 22956511, 24551695, 26257724, 28082300, 30033661, 32120617, 34352589, 36739655, 39292591, 42022924, 44942980, 48065943, 51405912, 54977966, 58798232, 62883957, 67253588, 71926853, 76924850, 82270144, 87986867, 94100830, 100639635, 107632803, 115111907, 123110713, 131665334, 140814392, 150599192, 161063911, 172255794, 184225370, 197026678, 210717514, 225359688, 241019306, 257767067, 275678583, 294834721, 315321965, 337232811, 360666181, 385727870, 412531026, 441196659, 471854187, 504642022, 539708192, 577211013, 617319800, 660215635, 706092182, 755156563, 807630291, 863750273, 923769876, 987960074, 1056610671, 1130031607, 1208554359, 1292533439, 1382347991, 1478403507, 1581133653, 1691002231, 1808505271, 1934173270, 2068573589, 2212313012, 2366040488, 2530450058, 2706283992, 2894336136, 3095455501, 3310550091, 3540591005, 3786616822, 4049738289, 4331143335, 4632102434, 4953974344, 5298212237, 5666370263, 6060110566, 6481210787, 6931572091, 7413227749, 7928352318],
  "province": "Bosnia and Herzegovina",
  "r0": [1.0, 1.0, 1.3333333333333333, 0.6666666666666666, 1.6666666666666667, 1.2, 0.14285714285714285, 0.09090909090909091, 0.9230769230769231, 1.3888888888888888, 1.0833333333333333, 0.16]
}