{
  "input": [2, 2, 3, 3, 3, 5, 7, 11, 13],
  "lastDate": "20_03_14",
  "lastDateRate": 0.6666666666666666,
  "lastDateRateList": [15, 18, 23, 30, 39, 49, 61, 76, 96, 122, 155, 196, 247, 311, 392, 495, 626, 791, 998, 1259, 1589, 2006, 2533, 3198, 4037, 5096, 6433, 8122, 10254, 12945, 16342, 20631, 26046, 32882, 41512, 52407, 66161, 83525, 105446, 133121, 168059, 212166, 267849, 338146, 426893, 538932, 680376, 858942, 1084373, 1368968, 1728256, 2181840, 2754468, 3477383, 4390028, 5542199, 6996759, 8833071, 11151326, 14078011, 17772810, 22437316, 28326030, 35760247, 45145588, 56994128, 71952339, 90836359, 114676524, 144773583, 182769668, 230737894, 291295467, 367746483, 464262205, 586108650, 739933913, 934130891, 1179295213, 1488803350, 1879542450, 2372831725, 2995585652, 3781782461, 4774318028, 6027346328, 7609234145, 9606291246],
  "maxRate": 1.3333333333333333,
  "maxRateList": [17, 24, 33, 48, 65, 88, 120, 164, 228, 315, 432, 592, 811, 1115, 1535, 2111, 2900, 3981, 5468, 7515, 10330, 14197, 19505, 26796, 36816, 50589, 69518, 95525, 131253, 180341, 247793, 340484, 467851, 642855, 883310, 1213701, 1667680, 2291481, 3148621, 4326368, 5944636, 8168209, 11223517, 15421678, 21190169, 29116350, 40007295, 54971984, 75534221, 103787780, 142609580, 195952640, 269248619, 369960914, 508344621, 698490728, 959760915, 1318759074, 1812040293, 2489833121, 3421154092, 4700835312, 6459180744, 8875234468],
  "minRate": 0.6666666666666666,
  "minRateList": [15, 18, 23, 30, 39, 49, 61, 76, 96, 122, 155, 196, 247, 311, 392, 495, 626, 791, 998, 1259, 1589, 2006, 2533, 3198, 4037, 5096, 6433, 8122, 10254, 12945, 16342, 20631, 26046, 32882, 41512, 52407, 66161, 83525, 105446, 133121, 168059, 212166, 267849, 338146, 426893, 538932, 680376, 858942, 1084373, 1368968, 1728256, 2181840, 2754468, 3477383, 4390028, 5542199, 6996759, 8833071, 11151326, 14078011, 17772810, 22437316, 28326030, 35760247, 45145588, 56994128, 71952339, 90836359, 114676524, 144773583, 182769668, 230737894, 291295467, 367746483, 464262205, 586108650, 739933913, 934130891, 1179295213, 1488803350, 1879542450, 2372831725, 2995585652, 3781782461, 4774318028, 6027346328, 7609234145, 9606291246],
  "province": "Bosnia and Herzegovina",
  "r0": [1.0, 1.0, 1.3333333333333333, 0.6666666666666666]
}