{
  "input": [2, 2, 3, 3, 3, 5, 7, 11],
  "lastDate": "20_03_13",
  "lastDateRate": 1.3333333333333333,
  "lastDateRateList": [15, 19, 26, 35, 50, 70, 95, 130, 177, 244, 337, 464, 637, 873, 1198, 1647, 2266, 3115, 4279, 5876, 8072, 11093, 15246, 20951, 28786, 39549, 54340, 74668, 102603, 140984, 193716, 266169, 365726, 502530, 690509, 948797, 1303689, 1791324, 2461364, 3382043, 4647106, 6385358, 8773790, 12055609, 16565000, 22761141, 31274952, 42973339, 59047484, 81134151, 111482339, 153182275, 210480060, 289210039, 397388907, 546032026, 750275059, 1030915139, 1416528524, 1946380400, 2674423101, 3674789846, 5049343365, 6938048064, 9533221931],
  "maxRate": 1.3333333333333333,
  "maxRateList": [15, 19, 26, 35, 50, 70, 95, 130, 177, 244, 337, 464, 637, 873, 1198, 1647, 2266, 3115, 4279, 5876, 8072, 11093, 15246, 20951, 28786, 39549, 54340, 74668, 102603, 140984, 193716, 266169, 365726, 502530, 690509, 948797, 1303689, 1791324, 2461364, 3382043, 4647106, 6385358, 8773790, 12055609, 16565000, 22761141, 31274952, 42973339, 59047484, 81134151, 111482339, 153182275, 210480060, 289210039, 397388907, 546032026, 750275059, 1030915139, 1416528524, 1946380400, 2674423101, 3674789846, 5049343365, 6938048064, 9533221931],
  "minRate": 1.0,
  "minRateList": [14, 17, 22, 29, 40, 54, 71, 93, 122, 162, 216, 287, 380, 502, 664, 880, 1167, 1547, 2049, 2713, 3593, 4760, 6307, 8356, 11069, 14662, 19422, 25729, 34085, 45154, 59816, 79238, 104967, 139052, 184206, 244022, 323260, 428227, 567279, 751485, 995507, 1318767, 1746994, 2314273, 3065758, 4061265, 5380032, 7127026, 9441299, 12507057, 16568322, 21948354, 29075380, 38516679, 51023736, 67592058, 89540412, 118615792, 157132471, 208156207, 275748265, 365288677, 483904469, 641036940, 849193147, 1124941412, 1490230089, 1974134558, 2615171498, 3464364645, 4589306057, 6079536146, 8053670704],
  "province": "Bosnia and Herzegovina",
  "r0": [1.0, 1.0, 1.3333333333333333]
}