{
  "input": [2, 2, 3, 3, 3, 5, 7, 11, 13, 18, 24, 25, 26, 38],
  "lastDate": "20_03_19",
  "lastDateRate": 0.9230769230769231,
  "lastDateRateList": [55, 77, 100, 124, 159, 210, 281, 373, 487, 634, 828, 1087, 1431, 1881, 2466, 3230, 4233, 5554, 7290, 9566, 12548, 16455, 21582, 28311, 37141, 48724, 63913, 83835, 109968, 144252, 189228, 248225, 325611, 427120, 560276, 734948, 964079, 1264643, 1658908, 2176086, 2854500, 3744419, 4911782, 6443082, 8451777, 11086700, 14543087, 19077040, 25024500, 32826140, 43060017, 56484405, 74093980, 97193518, 127494570, 167242278, 219381729, 287776172, 377493266, 495180561, 649558048, 852064259, 1117703802, 1466159124, 1923248873, 2522840917, 3309361771, 4341088357, 5694466010, 7469772662, 9798548893],
  "maxRate": 1.6666666666666667,
  "maxRateList": [68, 108, 150, 193, 256, 369, 549, 799, 1121, 1548, 2163, 3078, 4410, 6278, 8858, 12463, 17593, 24943, 35406, 50169, 70941, 100263, 141835, 200845, 284460, 402695, 569800, 806192, 1140934, 1615034, 2286192, 3235859, 4579512, 6481069, 9172792, 12983112, 18376210, 26008730, 36810512, 52098499, 73737019, 104364036, 147711919, 209062772, 295893604, 418788636, 592728696, 838915228, 1187353181, 1680509188, 2378490248, 3366371408, 4764563455, 6743485423, 9544334070],
  "minRate": 0.09090909090909091,
  "minRateList": [40, 42, 44, 46, 49, 53, 57, 61, 65, 69, 74, 79, 85, 91, 97, 104, 111, 119, 127, 136, 145, 155, 166, 178, 190, 203, 217, 232, 248, 265, 283, 303, 324, 347, 371, 397, 425, 454, 486, 520, 556, 595, 636, 680, 727, 778, 832, 890, 952, 1018, 1089, 1165, 1246, 1333, 1426, 1525, 1631, 1744, 1865, 1995, 2134, 2282, 2441, 2611, 2792, 2986, 3193, 3415, 3652, 3906, 4177, 4467, 4777, 5109, 5464, 5844, 6250, 6684, 7148, 7645, 8176, 8744, 9352, 10002, 10697, 11440, 12235, 13085, 13994, 14966, 16006, 17118, 18308, 19580, 20941, 22396, 23952, 25616, 27396, 29300, 31336, 33513, 35842, 38333, 40997, 43846, 46893, 50151, 53636, 57363, 61349, 65612, 70171, 75047, 80262, 85839, 91804, 98183, 105005, 112302, 120106, 128452, 137378, 146924, 157133, 168052, 179729, 192218, 205575, 219860, 235137, 251476, 268950, 287639, 307626, 329002, 351863, 376313, 402462, 430428, 460337, 492325, 526535, 563122, 602252, 644101, 688858, 736725, 787918, 842668, 901223, 963846, 1030821, 1102450, 1179056, 1260985, 1348607, 1442318, 1542541, 1649728, 1764363, 1886964, 2018084, 2158315, 2308290, 2468687, 2640229, 2823691, 3019901, 3229746, 3454172, 3694193, 3950892, 4225428, 4519041, 4833057, 5168893, 5528065, 5912195, 6323017, 6762386, 7232285, 7734836, 8272308, 8847128, 9461890, 10119370, 10822537, 11574565, 12378849, 13239021, 14158964, 15142831, 16195064, 17320414, 18523961, 19811140, 21187761, 22660040, 24234623, 25918619, 27719632, 29645792, 31705796, 33908944, 36265182, 38785149, 41480221, 44362566, 47445197, 50742032, 54267955, 58038884, 62071845, 66385045, 70997957, 75931407, 81207669, 86850564, 92885568, 99339928, 106242783, 113625298, 121520804, 129964947, 138995850, 148654285, 158983858, 170031204, 181846199, 194482185, 207996211, 222449289, 237906671, 254438144, 272118343, 291027089, 311249752, 332877631, 356008371, 380746402, 407203410, 435498842, 465760445, 498124842, 532738151, 569756643, 609347447, 651689306, 696973383, 745404124, 797200182, 852595404, 911839886, 975201103, 1042965114, 1115437858, 1192946531, 1275841066, 1364495712, 1459310722, 1560714164, 1669163849, 1785149400, 1909194465, 2041859076, 2183742182, 2335484350, 2497770659, 2671333792, 2856957344, 3055479361, 3267796120, 3494866180, 3737714707, 3997438102, 4275208953, 4572281328, 4889996435, 5229788681, 5593192145, 5981847504, 6397509443, 6842054573, 7317489908, 7825961921],
  "province": "Bosnia and Herzegovina",
  "r0": [1.0, 1.0, 1.3333333333333333, 0.6666666666666666, 1.6666666666666667, 1.2, 0.14285714285714285, 0.09090909090909091, 0.9230769230769231]
}