{
  "input": [2, 2, 3, 3, 3, 5, 7, 11, 13, 18, 24, 25, 26, 38, 63],
  "lastDate": "20_03_20",
  "lastDateRate": 1.3888888888888888,
  "lastDateRateList": [96, 131, 167, 220, 308, 441, 623, 855, 1161, 1589, 2202, 3067, 4255, 5868, 8075, 11133, 15393, 21303, 29453, 40668, 56131, 77510, 107098, 148005, 204488, 282448, 390101, 538848, 744411, 1028422, 1420711, 1962518, 2710918, 3744822, 5173186, 7146396, 9872115, 13637279, 18838421, 26023402, 35948952, 49660223, 68600888, 94765362, 130908976, 180838076, 249810608, 345089619, 476708177, 658526199, 909690193, 1256649371, 1735940509, 2398035199, 3312654920, 4576113521, 6321459870, 8732488355],
  "maxRate": 1.6666666666666667,
  "maxRateList": [103, 145, 188, 251, 356, 528, 770, 1083, 1501, 2094, 2974, 4257, 6062, 8564, 12054, 17011, 24106, 34209, 48482, 68572, 96924, 137101, 194116, 274919, 389206, 550746, 779248, 1102775, 1560973, 2209650, 3127560, 4426307, 6264265, 8865887, 12548637, 17761237, 25138415, 35578857, 50355335, 71269730, 100871792, 142769150, 202067245, 285992803, 404775686, 572895339, 810843922, 1147622664, 1624277336, 2298903479, 3253729044, 4605135581, 6517840021, 9224968914],
  "minRate": 0.09090909090909091,
  "minRateList": [65, 67, 69, 72, 78, 84, 90, 96, 103, 110, 118, 126, 135, 144, 154, 165, 176, 188, 201, 215, 230, 246, 263, 281, 301, 322, 344, 368, 394, 421, 450, 481, 514, 550, 588, 629, 673, 720, 770, 823, 880, 941, 1006, 1076, 1151, 1231, 1317, 1408, 1506, 1611, 1723, 1843, 1971, 2108, 2254, 2411, 2579, 2758, 2950, 3155, 3374, 3608, 3859, 4127, 4414, 4721, 5049, 5400, 5775, 6176, 6605, 7064, 7555, 8080, 8641, 9241, 9883, 10570, 11305, 12091, 12931, 13829, 14790, 15818, 16917, 18093, 19350, 20695, 22133, 23671, 25316, 27075, 28956, 30968, 33120, 35421, 37882, 40514, 43329, 46340, 49560, 53004, 56687, 60626, 64839, 69344, 74163, 79316, 84827, 90721, 97025, 103767, 110978, 118690, 126937, 135757, 145190, 155279, 166069, 177609, 189951, 203150, 217266, 232363, 248509, 265777, 284245, 303996, 325120, 347712, 371874, 397714, 425350, 454906, 486516, 520323, 556479, 595147, 636502, 680731, 728033, 778622, 832726, 890590, 952475, 1018660, 1089444, 1165146, 1246109, 1332698, 1425303, 1524343, 1630265, 1743548, 1864702, 1994275, 2132852, 2281058, 2439562, 2609080, 2790378, 2984274, 3191643, 3413421, 3650610, 3904281, 4175579, 4465728, 4776039, 5107913, 5462848, 5842446, 6248421, 6682606, 7146962, 7643585, 8174716, 8742754, 9350264, 9999988, 10694859, 11438015, 12232811, 13082835, 13991925, 14964185, 16004005, 17116079, 18305428, 19577421, 20937801, 22392711, 23948718, 25612848, 27392614, 29296050, 31331751, 33508907, 35837348, 38327586, 40990863, 43839204, 46885468, 50143409, 53627735, 57354177, 61339559, 65601874, 70160366, 75035615, 80249631, 85825955, 91789762, 98167977, 104989397, 112284818, 120087178, 128431702, 137356064, 146900555, 157108266, 168025282, 179700891, 192187806, 205542402, 219824972, 235099998, 251436443, 268908062, 287593735, 307577823, 328950550, 351808408, 376254595, 402399480, 430361100, 460265695, 492248278, 526453241, 563035012, 602158748, 644001084, 688750927, 736610313, 787795314, 842537018, 901082571, 963696292, 1030660866, 1102278622, 1178872896, 1260789493, 1348398247, 1442094689, 1542301836, 1649472099, 1764089326, 1886670985, 2017770502, 2157979760, 2307931769, 2468303526, 2639819070, 2823252752, 3019432730, 3229244709, 3453635939, 3693619491, 3950278832, 4224772717, 4518340418, 4832307322, 5168090912, 5527207169, 5911277416, 6322035636, 6761336302, 7231162749, 7733636128, 8271024984],
  "province": "Bosnia and Herzegovina",
  "r0": [1.0, 1.0, 1.3333333333333333, 0.6666666666666666, 1.6666666666666667, 1.2, 0.14285714285714285, 0.09090909090909091, 0.9230769230769231, 1.3888888888888888]
}