{
  "input": [2, 2, 3, 3, 3, 5, 7, 11, 13, 18, 24, 25, 26, 38, 63, 89, 93, 126, 136, 166],
  "lastDate": "20_03_25",
  "lastDateRate": 0.47619047619047616,
  "lastDateRateList": [208, 252, 312, 377, 456, 555, 675, 824, 1004, 1221, 1485, 1806, 2198, 2676, 3257, 3964, 4824, 5871, 7145, 8696, 10584, 12881, 15677, 19079, 23220, 28260, 34394, 41859, 50944, 62001, 75458, 91836, 111769, 136028, 165552, 201484, 245215, 298438, 363213, 442047, 537992, 654761, 796874, 969833, 1180332, 1436519, 1748310, 2127774, 2589599, 3151662, 3835719, 4668248, 5681474, 6914616, 8415407, 10241940, 12464915, 15170379, 18463053, 22470390, 27347504, 33283178, 40507168, 49299098, 59999284, 73021905, 88871037, 108160165, 131635926, 160207014, 194979350, 237298891, 288803731, 351487505, 427776559, 520623869, 633623341, 771148927, 938523929, 1142227052, 1390143180, 1691868580, 2059082355, 2505998512, 3049916156, 3711889099, 4517540804, 5498056211, 6691388836, 8143729863],
  "maxRate": 1.6666666666666667,
  "maxRateList": [314, 469, 679, 906, 1183, 1706, 2488, 3620, 5130, 7102, 9945, 14092, 20125, 28675, 40512, 57087, 80574, 114116, 161908, 229428, 324573, 458863, 649056, 918903, 1301283, 1842238, 2607010, 3688770, 5220275, 7389080, 10459477, 14804494, 20952444, 29652902, 41968035, 59400497, 84074654, 118995394, 168416897, 238363622, 337364450, 477488873, 675814530, 956509358, 1353782061, 1916056144, 2711870932, 3838228482, 5432410745, 7688714180, 10882141087],
  "minRate": 0.09090909090909091,
  "minRateList": [174, 182, 193, 205, 220, 236, 253, 271, 290, 310, 331, 354, 379, 405, 433, 463, 495, 529, 566, 605, 647, 692, 740, 791, 846, 905, 968, 1035, 1107, 1184, 1266, 1354, 1448, 1549, 1657, 1772, 1895, 2027, 2168, 2319, 2480, 2652, 2836, 3033, 3244, 3469, 3710, 3968, 4244, 4539, 4854, 5191, 5552, 5938, 6351, 6792, 7264, 7769, 8309, 8886, 9503, 10163, 10869, 11624, 12432, 13296, 14220, 15208, 16265, 17395, 18604, 19897, 21280, 22759, 24340, 26031, 27840, 29775, 31844, 34057, 36423, 38954, 41661, 44556, 47652, 50963, 54504, 58291, 62342, 66674, 71307, 76262, 81561, 87228, 93289, 99771, 106704, 114119, 122049, 130530, 139600, 149300, 159674, 170769, 182635, 195326, 208899, 223415, 238939, 255542, 273299, 292290, 312600, 334322, 357553, 382398, 408970, 437388, 467781, 500286, 535049, 572228, 611991, 654517, 699998, 748639, 800660, 856296, 915798, 979434, 1047492, 1120279, 1198124, 1281378, 1370417, 1465644, 1567488, 1676408, 1792897, 1917480, 2050720, 2193219, 2345620, 2508611, 2682927, 2869356, 3068740, 3281978, 3510034, 3753936, 4014787, 4293763, 4592125, 4911219, 5252486, 5617467, 6007809, 6425275, 6871749, 7349248, 7859927, 8406091, 8990207, 9614911, 10283024, 10997563, 11761753, 12579045, 13453128, 14387948, 15387726, 16456976, 17600526, 18823538, 20131533, 21530417, 23026506, 24626554, 26337785, 28167924, 30125235, 32218554, 34457332, 36851676, 39412396, 42151054, 45080013, 48212498, 51562650, 55145595, 58977509, 63075692, 67458646, 72146160, 77159396, 82520988, 88255142, 94387746, 100946488, 107960979, 115462887, 123486082, 132066786, 141243739, 151058373, 161554999, 172781006, 184787077, 197627417, 211359996, 226046814, 241754178, 258553003, 276519132, 295733677, 316283387, 338261040, 361765858, 386903961, 413788841, 442541876, 473292880, 506180685, 541353772, 578970939, 619202019, 662228644, 708245070, 757459049, 810092771, 866383864, 926586468, 990972383, 1059832297, 1133477094, 1212239263, 1296474396, 1386562794, 1482911185, 1585954557, 1696158126, 1814019435, 1940070598, 2074880706, 2219058393, 2373254586, 2538165444, 2714535498, 2903161017, 3104893598, 3320644015, 3551386328, 3798162282, 4062086011, 4344349065, 4646225794, 4969079097, 5314366577, 5683647123, 6078587947, 6500972110, 6952706573, 7435830807, 7952526000],
  "province": "Bosnia and Herzegovina",
  "r0": [1.0, 1.0, 1.3333333333333333, 0.6666666666666666, 1.6666666666666667, 1.2, 0.14285714285714285, 0.09090909090909091, 0.9230769230769231, 1.3888888888888888, 1.0833333333333333, 0.16, 1.2692307692307692, 0.2631578947368421, 0.47619047619047616]
}