{
  "input": [2, 2, 3, 3, 3, 5, 7, 11, 13, 18],
  "lastDate": "20_03_15",
  "lastDateRate": 1.6666666666666667,
  "lastDateRateList": [26, 38, 56, 78, 108, 151, 214, 307, 437, 617, 869, 1226, 1738, 2466, 3494, 4942, 6985, 9882, 13992, 19815, 28052, 39694, 56164, 79484, 112509, 159262, 225419, 319026, 451499, 639014, 904451, 1280149, 1811859, 2564357, 3629380, 5136798, 7270380, 10290145, 14564073, 20613040, 29174370, 41291670, 58441912, 82715367, 117070434, 165694384, 234513834, 331917021, 469775966, 664893356, 941050663, 1331907053, 1885102088, 2668062031, 3776217624, 5344635396, 7564480484, 10706317297],
  "maxRate": 1.6666666666666667,
  "maxRateList": [26, 38, 56, 78, 108, 151, 214, 307, 437, 617, 869, 1226, 1738, 2466, 3494, 4942, 6985, 9882, 13992, 19815, 28052, 39694, 56164, 79484, 112509, 159262, 225419, 319026, 451499, 639014, 904451, 1280149, 1811859, 2564357, 3629380, 5136798, 7270380, 10290145, 14564073, 20613040, 29174370, 41291670, 58441912, 82715367, 117070434, 165694384, 234513834, 331917021, 469775966, 664893356, 941050663, 1331907053, 1885102088, 2668062031, 3776217624, 5344635396, 7564480484, 10706317297],
  "minRate": 0.6666666666666666,
  "minRateList": [21, 26, 33, 42, 54, 68, 85, 107, 135, 171, 216, 273, 344, 434, 548, 692, 874, 1103, 1392, 1757, 2218, 2801, 3536, 4464, 5635, 7114, 8981, 11338, 14314, 18071, 22814, 28801, 36360, 45903, 57950, 73159, 92360, 116600, 147202, 185835, 234608, 296181, 373914, 472049, 595939, 752344, 949798, 1199074, 1513773, 1911066, 2412629, 3045828, 3845211, 4854393, 6128437, 7736856, 9767408, 12330882, 15567144, 19652769, 24810673, 31322278, 39542866, 49920962, 63022808, 79563257, 100444776, 126806687, 160087328, 202102533, 255144704, 322107888, 406645679, 513370564, 648105586, 818202055, 1032940647, 1304037766, 1646284809, 2078355200, 2623823237, 3312450335, 4181808846, 5279332052, 6664902185, 8414117676],
  "province": "Bosnia and Herzegovina",
  "r0": [1.0, 1.0, 1.3333333333333333, 0.6666666666666666, 1.6666666666666667]
}