{
  "input": [2, 2, 3, 3, 3, 5, 7, 11, 13, 18, 24, 25],
  "lastDate": "20_03_17",
  "lastDateRate": 0.14285714285714285,
  "lastDateRateList": [27, 29, 32, 35, 39, 43, 47, 52, 57, 63, 69, 76, 83, 91, 100, 110, 121, 133, 146, 160, 176, 193, 212, 233, 256, 281, 309, 339, 372, 409, 449, 493, 541, 594, 652, 716, 786, 863, 948, 1041, 1143, 1255, 1378, 1513, 1662, 1825, 2004, 2201, 2417, 2654, 2915, 3201, 3515, 3860, 4239, 4655, 5112, 5614, 6165, 6771, 7436, 8166, 8968, 9849, 10816, 11878, 13045, 14326, 15733, 17278, 18975, 20839, 22886, 25134, 27602, 30313, 33290, 36559, 40150, 44093, 48423, 53179, 58402, 64138, 70437, 77355, 84952, 93295, 102458, 112520, 123571, 135707, 149035, 163672, 179746, 197399, 216786, 238077, 261459, 287137, 315337, 346306, 380317, 417668, 458688, 503736, 553208, 607539, 667206, 732733, 804695, 883725, 970516, 1065831, 1170507, 1285463, 1411709, 1550354, 1702616, 1869831, 2053469, 2255142, 2476621, 2719852, 2986971, 3280324, 3602487, 3956290, 4344840, 4771550, 5240168, 5754809, 6319993, 6940684, 7622334, 8370929, 9193045, 10095901, 11087427, 12176332, 13372179, 14685471, 16127743, 17711661, 19451137, 21361448, 23459372, 25763335, 28293572, 31072306, 34123941, 37475280, 41155756, 45197695, 49636596, 54511445, 59865056, 65744450, 72201264, 79292206, 87079555, 95631706, 105023770, 115338236, 126665694, 139105630, 152767302, 167770698, 184247589, 202342688, 222214921, 244038821, 268006064, 294327148, 323233246, 354978235, 389840924, 428127505, 470174240, 516350418, 567061594, 622753155, 683914227, 751081976, 824846321, 905855120, 994819856, 1092521888, 1199819313, 1317654502, 1447062376, 1589179498, 1745254053, 1916656812, 2104893169, 2311616366, 2538642009, 2787964017, 3061772133, 3362471157, 3692702066, 4055365210, 4453645784, 4891041803, 5371394825, 5898923692, 6478261579, 7114496691, 7813216949],
  "maxRate": 1.6666666666666667,
  "maxRateList": [43, 65, 95, 135, 177, 249, 357, 515, 740, 1035, 1450, 2045, 2903, 4136, 5861, 8278, 11686, 16524, 23417, 33185, 46982, 66459, 93999, 133027, 188335, 266638, 377403, 534068, 755780, 1069672, 1514069, 2143074, 3033187, 4292820, 6075607, 8599055, 12170845, 17226157, 24380857, 34506869, 48838627, 69123369, 97833631, 138468393, 195979841, 277377553, 392583168, 555639220, 786419875, 1113052943, 1575348865, 2229654145, 3155719512, 4466419304, 6321507542, 8947088984],
  "minRate": 0.14285714285714285,
  "minRateList": [27, 29, 32, 35, 39, 43, 47, 52, 57, 63, 69, 76, 83, 91, 100, 110, 121, 133, 146, 160, 176, 193, 212, 233, 256, 281, 309, 339, 372, 409, 449, 493, 541, 594, 652, 716, 786, 863, 948, 1041, 1143, 1255, 1378, 1513, 1662, 1825, 2004, 2201, 2417, 2654, 2915, 3201, 3515, 3860, 4239, 4655, 5112, 5614, 6165, 6771, 7436, 8166, 8968, 9849, 10816, 11878, 13045, 14326, 15733, 17278, 18975, 20839, 22886, 25134, 27602, 30313, 33290, 36559, 40150, 44093, 48423, 53179, 58402, 64138, 70437, 77355, 84952, 93295, 102458, 112520, 123571, 135707, 149035, 163672, 179746, 197399, 216786, 238077, 261459, 287137, 315337, 346306, 380317, 417668, 458688, 503736, 553208, 607539, 667206, 732733, 804695, 883725, 970516, 1065831, 1170507, 1285463, 1411709, 1550354, 1702616, 1869831, 2053469, 2255142, 2476621, 2719852, 2986971, 3280324, 3602487, 3956290, 4344840, 4771550, 5240168, 5754809, 6319993, 6940684, 7622334, 8370929, 9193045, 10095901, 11087427, 12176332, 13372179, 14685471, 16127743, 17711661, 19451137, 21361448, 23459372, 25763335, 28293572, 31072306, 34123941, 37475280, 41155756, 45197695, 49636596, 54511445, 59865056, 65744450, 72201264, 79292206, 87079555, 95631706, 105023770, 115338236, 126665694, 139105630, 152767302, 167770698, 184247589, 202342688, 222214921, 244038821, 268006064, 294327148, 323233246, 354978235, 389840924, 428127505, 470174240, 516350418, 567061594, 622753155, 683914227, 751081976, 824846321, 905855120, 994819856, 1092521888, 1199819313, 1317654502, 1447062376, 1589179498, 1745254053, 1916656812, 2104893169, 2311616366, 2538642009, 2787964017, 3061772133, 3362471157, 3692702066, 4055365210, 4453645784, 4891041803, 5371394825, 5898923692, 6478261579, 7114496691, 7813216949],
  "province": "Bosnia and Herzegovina",
  "r0": [1.0, 1.0, 1.3333333333333333, 0.6666666666666666, 1.6666666666666667, 1.2, 0.14285714285714285]
}