{
  "input": [2, 2, 3, 3, 3, 5, 7, 11, 13, 18, 24],
  "lastDate": "20_03_16",
  "lastDateRate": 1.2,
  "lastDateRateList": [32, 45, 61, 83, 112, 150, 204, 277, 377, 511, 691, 936, 1268, 1720, 2333, 3162, 4285, 5807, 7871, 10671, 14465, 19607, 26575, 36020, 48825, 66183, 89711, 121601, 164825, 223415, 302835, 410488, 556409, 754199, 1022297, 1385699, 1878285, 2545976, 3451015, 4677771, 6340610, 8594552, 11649723, 15790941, 21404266, 29012998, 39326460, 53306128, 72255257, 97940376, 132755974, 179947726, 243915080, 330621388, 448149839, 607457008, 823394279, 1116092375, 1512838041, 2050617848, 2779566258, 3767639393, 5106950243, 6922355892, 9383097310],
  "maxRate": 1.6666666666666667,
  "maxRateList": [36, 54, 76, 106, 146, 206, 296, 423, 600, 843, 1186, 1679, 2384, 3384, 4789, 6766, 9564, 13537, 19177, 27159, 38436, 54376, 76938, 108900, 154165, 218225, 308852, 437082, 618582, 875524, 1239232, 1753985, 2482455, 3513425, 4972632, 7038019, 9961327, 14098752, 19954460, 28242180, 39972212, 56574424, 80072344, 113329777, 160400077, 227020430, 321311137, 454765044, 643648006, 910981468, 1289348851, 1824867413, 2582809153, 3655555830, 5173858277, 7322773029, 10364218717],
  "minRate": 0.6666666666666666,
  "minRateList": [29, 36, 45, 57, 73, 92, 116, 146, 184, 233, 294, 371, 468, 591, 746, 942, 1189, 1501, 1895, 2392, 3020, 3813, 4814, 6077, 7672, 9685, 12227, 15436, 19487, 24602, 31059, 39210, 49501, 62492, 78893, 99599, 125739, 158740, 200401, 252996, 319395, 403221, 509048, 642649, 811313, 1024243, 1293057, 1632422, 2060855, 2601730, 3284559, 4146597, 5234878, 6608781, 8343268, 10532974, 13297372, 16787291, 21193145, 26755324, 33777307, 42642222, 53833749, 67962512, 85799395, 108317600, 136745748, 172634914, 217943255, 275142852, 347354585, 438518417, 553608360, 698903863, 882332431, 1113902154, 1406247765, 1775320005, 2241255914, 2829477535, 3572078971, 4509577481, 5693124151, 7187294760, 9073613117],
  "province": "Bosnia and Herzegovina",
  "r0": [1.0, 1.0, 1.3333333333333333, 0.6666666666666666, 1.6666666666666667, 1.2]
}