{
  "input": [2, 2, 3, 3, 3, 5, 7, 11, 13, 18, 24, 25, 26, 38, 63, 89, 93, 126, 136],
  "lastDate": "20_03_24",
  "lastDateRate": 0.2631578947368421,
  "lastDateRateList": [153, 176, 200, 233, 269, 309, 355, 408, 469, 540, 621, 714, 821, 944, 1086, 1249, 1437, 1653, 1901, 2187, 2516, 2894, 3329, 3829, 4405, 5067, 5829, 6705, 7713, 8872, 10205, 11739, 13503, 15533, 17868, 20554, 23643, 27196, 31284, 35986, 41395, 47617, 54774, 63007, 72477, 83370, 95901, 110315, 126896, 145969, 167908, 193145, 222175, 255569, 293982, 338168, 388996, 447463, 514718, 592082, 681074, 783441, 901194, 1036646, 1192457, 1371687, 1577856, 1815012, 2087814, 2401618, 2762588, 3177813, 3655448, 4204873, 4836878, 5563875, 6400142, 7362102, 8468648, 9741511, 11205689, 12889937, 14827332, 17055924, 19619480, 22568346, 25960435, 29862364, 34350765, 39513786, 45452824, 52284517, 60143034, 69182709, 79581074, 91542343, 105301426, 121128540, 139334516, 160276904, 184366994, 212077896, 243953828, 280620806, 322798939, 371316569, 427126542, 491324918, 565172499, 650119588, 747834475, 860236197, 989532228, 1138261833, 1309345935, 1506144481, 1732522428, 1992925646, 2292468234, 2637032954, 3033386765, 3489313720, 4013767837, 4617048951, 5311004992, 6109264667, 7027505120, 8083759814],
  "maxRate": 1.6666666666666667,
  "maxRateList": [241, 389, 544, 754, 981, 1383, 2031, 2938, 4195, 5830, 8135, 11520, 16417, 23409, 33126, 46684, 65884, 93246, 132261, 187471, 265278, 375085, 530495, 750930, 1063382, 1505512, 2130654, 3014812, 4266362, 6038665, 8547852, 12098942, 17123629, 24234232, 34298674, 48545094, 68709997, 97249379, 137639766, 194804223, 275712713, 390229375, 552311673, 781711283, 1106384988, 1565906176, 2216288468, 3136807923, 4439660061, 6283635041, 8893478668],
  "minRate": 0.09090909090909091,
  "minRateList": [142, 150, 158, 169, 181, 194, 208, 222, 237, 253, 271, 290, 310, 332, 355, 380, 406, 434, 464, 496, 531, 568, 607, 649, 694, 742, 794, 849, 908, 971, 1038, 1110, 1187, 1270, 1358, 1452, 1553, 1661, 1776, 1899, 2031, 2172, 2323, 2484, 2657, 2842, 3039, 3250, 3476, 3718, 3976, 4252, 4547, 4863, 5201, 5562, 5949, 6362, 6804, 7277, 7783, 8324, 8902, 9521, 10183, 10891, 11648, 12457, 13323, 14249, 15239, 16298, 17430, 18641, 19936, 21321, 22803, 24388, 26083, 27895, 29833, 31906, 34123, 36494, 39030, 41742, 44643, 47745, 51063, 54611, 58406, 62464, 66804, 71446, 76411, 81721, 87400, 93473, 99968, 106914, 114343, 122288, 130786, 139874, 149593, 159988, 171105, 182995, 195711, 209310, 223854, 239409, 256045, 273837, 292865, 313215, 334979, 358256, 383150, 409774, 438248, 468701, 501270, 536102, 573354, 613195, 655804, 701374, 750111, 802234, 857979, 917598, 981359, 1049551, 1122481, 1200479, 1283897, 1373111, 1468525, 1570569, 1679703, 1796421, 1921249, 2054751, 2197530, 2350230, 2513541, 2688200, 2874996, 3074771, 3288428, 3516932, 3761314, 4022677, 4302202, 4601150, 4920871, 5262809, 5628507, 6019616, 6437902, 6885254, 7363691, 7875373, 8422611, 9007875, 9633807, 10303233, 11019176, 11784868, 12603766, 13479567, 14416225, 15417968, 16489320, 17635117, 18860532, 20171098, 21572731, 23071760, 24674952, 26389546, 28223282, 30184439, 32281872, 34525049, 36924099, 39489852, 42233892, 45168608, 48307249, 51663985, 55253972, 59093417, 63199654, 67591222, 72287948, 77311036, 82683165, 88428588, 94573245, 101144877, 108173153, 115689804, 123728767, 132326335, 141521324, 151355247, 161872502, 173120572, 185150239, 198015814, 211775382, 226491064, 242229298, 259061138, 277062576, 296314883, 316904980, 338925825, 362476838, 387664345, 414602062, 443411606, 474223045, 507175485, 542417698, 580108795, 620418941, 663530127, 709636989, 758947689, 811684852, 868086574, 928407495, 992919949, 1061915193, 1135704725, 1214621686, 1299022367, 1389287817, 1485825562, 1589071446, 1699491599, 1817584541, 1943883433, 2078958484, 2223419525, 2377918761, 2543153719, 2719870395, 2908866621, 3110995669, 3327170102, 3558365895, 3805626840, 4070069260, 4352887048, 4655357057, 4978844866, 5324810942, 5694817238, 6090534242, 6513748520, 6966370781, 7450444503, 7968155161],
  "province": "Bosnia and Herzegovina",
  "r0": [1.0, 1.0, 1.3333333333333333, 0.6666666666666666, 1.6666666666666667, 1.2, 0.14285714285714285, 0.09090909090909091, 0.9230769230769231, 1.3888888888888888, 1.0833333333333333, 0.16, 1.2692307692307692, 0.2631578947368421]
}