{
  "input": [2, 2, 3, 3, 3, 5, 7, 11, 13, 18, 24, 25, 26, 38, 63, 89, 93, 126],
  "lastDate": "20_03_23",
  "lastDateRate": 1.2692307692307692,
  "lastDateRateList": [174, 254, 367, 485, 645, 866, 1188, 1654, 2270, 3089, 4188, 5696, 7795, 10676, 14597, 19913, 27143, 37037, 50587, 69114, 94388, 128839, 175848, 240055, 327777, 447577, 611103, 834295, 1138980, 1555005, 2123084, 2898715, 3957628, 5403256, 7376916, 10071600, 13750738, 18773881, 25631860, 34994869, 47778054, 65230914, 89059301, 121592046, 166008611, 226649987, 309443070, 422479875, 576808241, 787511478, 1075182615, 1467937281, 2004161738, 2736264505, 3735798304, 5100453162, 6963604326, 9507348070],
  "maxRate": 1.6666666666666667,
  "maxRateList": [189, 294, 442, 597, 807, 1122, 1612, 2349, 3344, 4689, 6559, 9246, 13161, 18734, 26549, 37481, 52891, 74826, 106049, 150297, 212765, 300917, 425627, 602375, 852870, 1207478, 1709006, 2418384, 3422342, 4843792, 6856255, 9704598, 13735238, 19439141, 27512128, 38939220, 55113550, 78005613, 110404181, 156257728, 221156428, 313012345, 443021700, 627028668, 887458215, 1256052262, 1777739504, 2516109004, 3561156784, 5040253809, 7133674246, 10096573419],
  "minRate": 0.09090909090909091,
  "minRateList": [129, 135, 143, 151, 162, 174, 186, 199, 213, 228, 244, 261, 279, 298, 319, 341, 365, 390, 417, 446, 477, 510, 545, 583, 624, 667, 713, 763, 816, 873, 934, 999, 1068, 1142, 1221, 1306, 1397, 1494, 1598, 1709, 1828, 1955, 2091, 2236, 2391, 2557, 2735, 2925, 3128, 3345, 3577, 3826, 4092, 4376, 4680, 5005, 5353, 5725, 6123, 6548, 7003, 7490, 8010, 8567, 9162, 9799, 10480, 11208, 11987, 12820, 13711, 14664, 15683, 16773, 17938, 19184, 20517, 21943, 23468, 25099, 26843, 28708, 30703, 32836, 35118, 37558, 40168, 42959, 45944, 49137, 52551, 56203, 60108, 64285, 68752, 73529, 78638, 84102, 89946, 96196, 102880, 110029, 117675, 125852, 134597, 143950, 153953, 164651, 176092, 188328, 201414, 215410, 230378, 246386, 263507, 281817, 301400, 322343, 344742, 368697, 394317, 421717, 451021, 482361, 515879, 551726, 590064, 631066, 674917, 721815, 771972, 825614, 882984, 944340, 1009960, 1080139, 1155195, 1235466, 1321315, 1413130, 1511324, 1616342, 1728657, 1848777, 1977243, 2114636, 2261576, 2418727, 2586798, 2766547, 2958787, 3164385, 3384269, 3619432, 3870936, 4139917, 4427588, 4735249, 5064288, 5416191, 5792547, 6195055, 6625532, 7085922, 7578303, 8104898, 8668085, 9270406, 9914581, 10603518, 11340327, 12128335, 12971099, 13872425, 14836381, 15867320, 16969896, 18149087, 19410217, 20758979, 22201463, 23744181, 25394098, 27158663, 29045843, 31064158, 33222720, 35531274, 38000243, 40640774, 43464788, 46485035, 49715151, 53169719, 56864335, 60815679, 65041591, 69561150, 74394761, 79564246, 85092944, 91005816, 97329557, 104092717, 111325830, 119061552, 127334808, 136182950, 145645924, 155766454, 166590231, 178166123, 190546391, 203786930, 217947517, 233092083, 249289003, 266611402, 285137487, 304950898, 326141087, 348803724, 373041124, 398962714, 426685523, 456334713, 488044142, 521956971, 558226309, 597015902, 638500876, 682868525, 730319159, 781067005, 835341178, 893386712, 955465669, 1021858320, 1092864411, 1168804518, 1250021492, 1336882007, 1429778218, 1529129528, 1635384484, 1749022801, 1870557529, 2000537367, 2139549142, 2288220459, 2447222532, 2617273216, 2799140249, 2993644716, 3201664758, 3424139534, 3662073463, 3916540758, 4188690278, 4479750711, 4791036123, 5123951892, 5480001052, 5860791077, 6268041142, 6703589880, 7169403688, 7667585602, 8200384791],
  "province": "Bosnia and Herzegovina",
  "r0": [1.0, 1.0, 1.3333333333333333, 0.6666666666666666, 1.6666666666666667, 1.2, 0.14285714285714285, 0.09090909090909091, 0.9230769230769231, 1.3888888888888888, 1.0833333333333333, 0.16, 1.2692307692307692]
}