{
  "input": [2, 7, 7, 16, 16, 31, 57, 89, 141, 181, 219, 253],
  "lastDate": "20_03_17",
  "lastDateRate": 0.5964912280701754,
  "lastDateRateList": [306, 390, 498, 629, 780, 963, 1196, 1493, 1868, 2333, 2907, 3620, 4511, 5625, 7017, 8751, 10910, 13601, 16956, 21142, 26362, 32870, 40983, 51097, 63708, 79433, 99040, 123486, 153965, 191966, 239347, 298423, 372081, 463920, 578426, 721194, 899201, 1121144, 1397868, 1742894, 2173080, 2709446, 3378199, 4212015, 5251636, 6547859, 8164020, 10179086, 12691516, 15824071, 19729811, 24599577, 30671313, 38241691, 47680611, 59449270, 74122702, 92417871, 115228704, 143669770, 179130738, 223344280, 278470729, 347203640, 432901398, 539751312, 672974216, 839079563, 1046183489, 1304405376, 1626362299, 2027785516, 2528289115, 3152328389, 3930394754, 4900505599, 6110061872, 7618164151, 9498500383],
  "maxRate": 7.5,
  "maxRateList": [921, 1979, 3337, 4980, 6878, 13786, 28629, 53657, 91007, 142592, 245987, 460705, 863133, 1545686, 2615126, 4460029, 7915317, 14388815, 25981460, 45594905, 79045123, 138410001, 246326114, 441187064, 783148852, 1375987275, 2414062283, 4261508138, 7570411118, 13444027508],
  "minRate": 0.5964912280701754,
  "minRateList": [306, 390, 498, 629, 780, 963, 1196, 1493, 1868, 2333, 2907, 3620, 4511, 5625, 7017, 8751, 10910, 13601, 16956, 21142, 26362, 32870, 40983, 51097, 63708, 79433, 99040, 123486, 153965, 191966, 239347, 298423, 372081, 463920, 578426, 721194, 899201, 1121144, 1397868, 1742894, 2173080, 2709446, 3378199, 4212015, 5251636, 6547859, 8164020, 10179086, 12691516, 15824071, 19729811, 24599577, 30671313, 38241691, 47680611, 59449270, 74122702, 92417871, 115228704, 143669770, 179130738, 223344280, 278470729, 347203640, 432901398, 539751312, 672974216, 839079563, 1046183489, 1304405376, 1626362299, 2027785516, 2528289115, 3152328389, 3930394754, 4900505599, 6110061872, 7618164151, 9498500383],
  "province": "Slovenia",
  "r0": [7.5, 3.7142857142857144, 4.571428571428571, 3.25, 2.5, 1.2258064516129032, 0.5964912280701754]
}