{
  "input": [2, 7, 7, 16, 16, 31, 57, 89, 141, 181, 219],
  "lastDate": "20_03_16",
  "lastDateRate": 1.2258064516129032,
  "lastDateRateList": [289, 398, 571, 793, 1061, 1415, 1903, 2603, 3575, 4876, 6611, 8944, 12135, 16517, 22494, 30598, 41562, 56437, 76684, 104257, 141764, 192711, 261892, 355892, 483691, 657466, 893692, 1214721, 1650976, 2243888, 3049814, 4145307, 5634320, 7658097, 10408669, 14147151, 19228495, 26135081, 35522426, 48281440, 65623109, 89193522, 121230073, 164773692, 223957393, 304398623, 413732618, 562337224, 764317879, 1038846296, 1411980092, 1919136204, 2608452801, 3545358588, 4818783080, 6549597386, 8902086926],
  "maxRate": 7.5,
  "maxRateList": [647, 1315, 2373, 3731, 5374, 10227, 20090, 37888, 65871, 106176, 182879, 333554, 617714, 1111747, 1908067, 3279660, 5781315, 10414170, 18752273, 33062776, 57660226, 101020089, 179126364, 319768412, 567739232, 1000190927, 1757841595, 3101289325, 5499552415, 9757596655],
  "minRate": 1.2258064516129032,
  "minRateList": [289, 398, 571, 793, 1061, 1415, 1903, 2603, 3575, 4876, 6611, 8944, 12135, 16517, 22494, 30598, 41562, 56437, 76684, 104257, 141764, 192711, 261892, 355892, 483691, 657466, 893692, 1214721, 1650976, 2243888, 3049814, 4145307, 5634320, 7658097, 10408669, 14147151, 19228495, 26135081, 35522426, 48281440, 65623109, 89193522, 121230073, 164773692, 223957393, 304398623, 413732618, 562337224, 764317879, 1038846296, 1411980092, 1919136204, 2608452801, 3545358588, 4818783080, 6549597386, 8902086926],
  "province": "Slovenia",
  "r0": [7.5, 3.7142857142857144, 4.571428571428571, 3.25, 2.5, 1.2258064516129032]
}