{
  "input": [2, 7, 7, 16, 16, 31, 57, 89, 141],
  "lastDate": "20_03_14",
  "lastDateRate": 3.25,
  "lastDateRateList": [193, 294, 479, 768, 1226, 1853, 2809, 4366, 6862, 10847, 16869, 25998, 40188, 62490, 97743, 152567, 237061, 367672, 570765, 888430, 1384273, 2154721, 3349655, 5204641, 8092039, 12590926, 19593769, 30480148, 47395231, 73694358, 114614868, 178294617, 277355098, 431389599, 670896263, 1043394584, 1622852089, 2524256158, 3926272355, 6106685210, 9497717608],
  "maxRate": 7.5,
  "maxRateList": [261, 494, 922, 1590, 2648, 4606, 8311, 15226, 27151, 47011, 81556, 143889, 258084, 461717, 814300, 1425970, 2505138, 4440768, 7903646, 14010896, 24705671, 43494206, 76799966, 136077311, 241159031, 426451564, 752658109, 1328657854, 2349237687, 4157930420, 7356317150, 13001252968],
  "minRate": 3.25,
  "minRateList": [193, 294, 479, 768, 1226, 1853, 2809, 4366, 6862, 10847, 16869, 25998, 40188, 62490, 97743, 152567, 237061, 367672, 570765, 888430, 1384273, 2154721, 3349655, 5204641, 8092039, 12590926, 19593769, 30480148, 47395231, 73694358, 114614868, 178294617, 277355098, 431389599, 670896263, 1043394584, 1622852089, 2524256158, 3926272355, 6106685210, 9497717608],
  "province": "Slovenia",
  "r0": [7.5, 3.7142857142857144, 4.571428571428571, 3.25]
}