{
  "input": [2, 7, 7, 16, 16, 31, 57, 89],
  "lastDate": "20_03_13",
  "lastDateRate": 4.571428571428571,
  "lastDateRateList": [162, 235, 377, 638, 1045, 1786, 2860, 4583, 7500, 12277, 20442, 33516, 54467, 88753, 144876, 238325, 391541, 640533, 1046261, 1708551, 2798037, 4587939, 7516090, 12298997, 20109516, 32900542, 53873977, 88233246, 144457232, 236386448, 386788926, 633069964, 1036421946, 1696797864, 2777421626, 4545599573, 7439633694, 12177562590],
  "maxRate": 7.5,
  "maxRateList": [209, 329, 562, 990, 1658, 3226, 5694, 9909, 17334, 29769, 53964, 96669, 170987, 300992, 524260, 928990, 1654008, 2936411, 5193851, 9125801, 16093226, 28498286, 50521369, 89475252, 157918760, 278617955, 492355100, 871265368, 1542329758, 2726720458, 4816355121, 8509018371],
  "minRate": 3.7142857142857144,
  "minRateList": [148, 207, 322, 534, 865, 1415, 2184, 3380, 5363, 8576, 13832, 21944, 34498, 54418, 86272, 137648, 219154, 347289, 549413, 869852, 1381116, 2195117, 3485048, 5525725, 8756604, 13886463, 22039755, 34984219, 55508340, 88032869, 139611160, 221473107, 351414492, 557588326, 884567554, 1403123291, 2225737688, 3530991515, 5602033869, 8887570498],
  "province": "Slovenia",
  "r0": [7.5, 3.7142857142857144, 4.571428571428571]
}