{
  "input": [2, 7, 7, 16, 16, 31, 57, 89, 141, 181],
  "lastDate": "20_03_15",
  "lastDateRate": 2.5,
  "lastDateRateList": [259, 402, 625, 978, 1431, 2079, 3084, 4647, 7092, 10670, 15868, 23578, 35196, 52926, 79601, 119271, 178216, 266206, 398521, 597524, 895702, 1341242, 2006757, 3003060, 4496870, 6736125, 10089230, 15106123, 22613773, 33855948, 50696261, 75919336, 113684644, 170219077, 254858947, 381599600, 571397940, 855609550, 1281157243, 1918304611, 2872303611, 4300798461, 6439822336, 9642715444],
  "maxRate": 7.5,
  "maxRateList": [414, 842, 1510, 2568, 3926, 7031, 13346, 24671, 43931, 73376, 126109, 226204, 411237, 740720, 1291040, 2236858, 3933388, 7017666, 12573066, 22255866, 39032301, 68532711, 121165206, 215463201, 382382196, 675124454, 1189119787, 2097858832, 3713832840, 6581699310, 11645132715],
  "minRate": 2.5,
  "minRateList": [259, 402, 625, 978, 1431, 2079, 3084, 4647, 7092, 10670, 15868, 23578, 35196, 52926, 79601, 119271, 178216, 266206, 398521, 597524, 895702, 1341242, 2006757, 3003060, 4496870, 6736125, 10089230, 15106123, 22613773, 33855948, 50696261, 75919336, 113684644, 170219077, 254858947, 381599600, 571397940, 855609550, 1281157243, 1918304611, 2872303611, 4300798461, 6439822336, 9642715444],
  "province": "Slovenia",
  "r0": [7.5, 3.7142857142857144, 4.571428571428571, 3.25, 2.5]
}