{
  "input": [2, 7, 7, 16, 16, 31, 57, 89, 141, 181, 219, 253, 275],
  "lastDate": "20_03_18",
  "lastDateRate": 0.24719101123595505,
  "lastDateRateList": [310, 355, 409, 472, 540, 617, 705, 806, 923, 1056, 1209, 1383, 1582, 1810, 2071, 2370, 2712, 3103, 3550, 4062, 4648, 5318, 6085, 6963, 7967, 9116, 10431, 11935, 13656, 15625, 17878, 20456, 23406, 26782, 30644, 35063, 40120, 45906, 52526, 60101, 68768, 78685, 90033, 103017, 117873, 134872, 154322, 176577, 202042, 231179, 264518, 302665, 346313, 396256, 453401, 518787, 593603, 679208, 777159, 889236, 1017475, 1164208, 1332102, 1524209, 1744020, 1995531, 2283313, 2612597, 2989368, 3420474, 3913751, 4478165, 5123975, 5862920, 6708430, 7675874, 8782836, 10049437, 11498698, 13156962, 15054369, 17225407, 19709537, 22551912, 25804195, 29525500, 33783466, 38655486, 44230116, 50608681, 57907119, 66258088, 75813377, 86746664, 99256675, 113570794, 129949198, 148689583, 170132579, 194667937, 222741616, 254863890, 291618618, 333673862, 381794026, 436853751, 499853814, 571939315, 654420494, 748796545, 856782865, 980342235, 1121720493, 1283487357, 1468583132, 1680372155, 1922703943, 2199983166, 2517249704, 2880270253, 3295643145, 3770918277, 4314734341, 4936975841, 5648952757, 6463606119, 7395743221, 8462306766],
  "maxRate": 7.5,
  "maxRateList": [1333, 2691, 4334, 6232, 8295, 18293, 38476, 70981, 117721, 179934, 317132, 605702, 1138060, 2020968, 3370473, 5748963, 10291728, 18827178, 33984438, 59262986, 102380209, 179568169, 320772004, 575655289, 1020127684, 1787979252, 3134740520, 5540530550, 9857945218],
  "minRate": 0.24719101123595505,
  "minRateList": [310, 355, 409, 472, 540, 617, 705, 806, 923, 1056, 1209, 1383, 1582, 1810, 2071, 2370, 2712, 3103, 3550, 4062, 4648, 5318, 6085, 6963, 7967, 9116, 10431, 11935, 13656, 15625, 17878, 20456, 23406, 26782, 30644, 35063, 40120, 45906, 52526, 60101, 68768, 78685, 90033, 103017, 117873, 134872, 154322, 176577, 202042, 231179, 264518, 302665, 346313, 396256, 453401, 518787, 593603, 679208, 777159, 889236, 1017475, 1164208, 1332102, 1524209, 1744020, 1995531, 2283313, 2612597, 2989368, 3420474, 3913751, 4478165, 5123975, 5862920, 6708430, 7675874, 8782836, 10049437, 11498698, 13156962, 15054369, 17225407, 19709537, 22551912, 25804195, 29525500, 33783466, 38655486, 44230116, 50608681, 57907119, 66258088, 75813377, 86746664, 99256675, 113570794, 129949198, 148689583, 170132579, 194667937, 222741616, 254863890, 291618618, 333673862, 381794026, 436853751, 499853814, 571939315, 654420494, 748796545, 856782865, 980342235, 1121720493, 1283487357, 1468583132, 1680372155, 1922703943, 2199983166, 2517249704, 2880270253, 3295643145, 3770918277, 4314734341, 4936975841, 5648952757, 6463606119, 7395743221, 8462306766],
  "province": "Slovenia",
  "r0": [7.5, 3.7142857142857144, 4.571428571428571, 3.25, 2.5, 1.2258064516129032, 0.5964912280701754, 0.24719101123595505]
}