{
  "input": [2, 7, 7, 16, 16, 31, 57],
  "lastDate": "20_03_12",
  "lastDateRate": 3.7142857142857144,
  "lastDateRateList": [83, 142, 201, 316, 528, 836, 1363, 2110, 3284, 5245, 8350, 13413, 21250, 33448, 52929, 83943, 133763, 212692, 336927, 533520, 845308, 1342142, 2132141, 3383584, 5365230, 8504945, 13490044, 21409425, 33977023, 53905020, 85494816, 135600694, 215121415, 341321786, 541540432, 859092606, 1362752327, 2161774726, 3429541360, 5440977250, 8631892644],
  "maxRate": 7.5,
  "maxRateList": [110, 230, 350, 583, 1011, 1836, 3561, 6186, 10559, 18142, 31912, 58620, 105015, 184208, 320273, 559613, 999263, 1786876, 3168436, 5570484, 9767582, 17262055, 30663625, 54426895, 96205525, 169462390, 298927803, 528904991, 937106704, 1658648142, 2929616067, 5171574590, 9138362023],
  "minRate": 3.7142857142857144,
  "minRateList": [83, 142, 201, 316, 528, 836, 1363, 2110, 3284, 5245, 8350, 13413, 21250, 33448, 52929, 83943, 133763, 212692, 336927, 533520, 845308, 1342142, 2132141, 3383584, 5365230, 8504945, 13490044, 21409425, 33977023, 53905020, 85494816, 135600694, 215121415, 341321786, 541540432, 859092606, 1362752327, 2161774726, 3429541360, 5440977250, 8631892644],
  "province": "Slovenia",
  "r0": [7.5, 3.7142857142857144]
}