{
  "input": [1, 6, 10, 15, 23, 33, 43],
  "lastDate": "20_03_22",
  "lastDateRate": 1.6666666666666667,
  "lastDateRateList": [60, 85, 123, 178, 250, 350, 492, 697, 994, 1411, 1994, 2814, 3976, 5633, 7985, 11308, 15998, 22625, 32013, 45321, 64168, 90831, 128539, 181894, 257429, 364376, 515761, 729993, 1033150, 1462198, 2069491, 2929093, 4145748, 5867665, 8304662, 11753814, 16635636, 23545216, 33324658, 47165761, 66755451, 94481511, 133723538, 189264635, 267874237, 379133322, 536602507, 759475070, 1074916128, 1521373190, 2153262060, 3047599572, 4313391355, 6104918235, 8640540218],
  "maxRate": 10.0,
  "maxRateList": [143, 293, 523, 853, 1283, 2713, 5643, 10873, 19403, 32233, 59363, 115793, 224523, 418553, 740883, 1334513, 2492443, 4737673, 8923203, 16332033, 29677163, 54601593, 101978323, 191210353, 354530683, 651302313, 1197318243, 2217101473, 4129205003, 7674511833, 14187534963],
  "minRate": 1.6666666666666667,
  "minRateList": [60, 85, 123, 178, 250, 350, 492, 697, 994, 1411, 1994, 2814, 3976, 5633, 7985, 11308, 15998, 22625, 32013, 45321, 64168, 90831, 128539, 181894, 257429, 364376, 515761, 729993, 1033150, 1462198, 2069491, 2929093, 4145748, 5867665, 8304662, 11753814, 16635636, 23545216, 33324658, 47165761, 66755451, 94481511, 133723538, 189264635, 267874237, 379133322, 536602507, 759475070, 1074916128, 1521373190, 2153262060, 3047599572, 4313391355, 6104918235, 8640540218],
  "province": "Uzbekistan",
  "r0": [10.0, 1.6666666666666667]
}