{
  "input": [1, 1, 5, 5, 6, 18, 47, 98, 192, 359, 670, 1236],
  "lastDate": "20_03_23",
  "lastDateRate": 12.042553191489361,
  "lastDateRateList": [2416, 4728, 9051, 17120, 32005, 61100, 118037, 227034, 433203, 818625, 1554425, 2975892, 5709961, 10926831, 20785166, 39504412, 75341750, 144104259, 275691203, 525997670, 1001731653, 1909038685, 3644421889, 6964447866, 13298802786],
  "maxRate": 29.0,
  "maxRateList": [4078, 9646, 20057, 39487, 75331, 193593, 473327, 1054980, 2200103, 4384702, 9998899, 23725382, 54319802, 118122789, 245279147, 535247218, 1223283296, 2798557554, 6224118435, 13337213698],
  "minRate": 10.2,
  "minRateList": [2236, 4194, 7856, 14690, 27297, 50104, 92883, 173014, 322852, 601281, 1112342, 2059749, 3824492, 7117582, 13250648, 24596536, 45605976, 84615794, 157215130, 292371740, 543256407, 1008437362, 1871518461, 3475112787, 6457304535, 11998519886],
  "province": "Turkey",
  "r0": [12.0, 29.0, 10.2, 18.8, 27.833333333333332, 17.27777777777778, 12.042553191489361]
}