{
  "input": [1, 1, 5, 5, 6, 18, 47, 98, 192, 359],
  "lastDate": "20_03_21",
  "lastDateRate": 27.833333333333332,
  "lastDateRateList": [860, 2168, 4896, 10240, 20232, 44169, 104512, 240784, 525797, 1088921, 2318292, 5227209, 11929030, 26563713, 56872014, 121397808, 266888459, 598913127, 1338269806, 2921207529, 6300113185, 13728508627],
  "maxRate": 29.0,
  "maxRateList": [881, 2244, 5086, 10654, 21065, 46614, 111690, 259184, 568150, 1179035, 2530841, 5769851, 13286187, 29762537, 63954552, 137348941, 304674620, 689974043, 1553087616, 3407769624, 7390888913, 16226452893],
  "minRate": 10.2,
  "minRateList": [543, 1022, 2022, 3980, 7642, 13181, 23605, 44229, 84825, 162773, 297219, 537990, 989126, 1854341, 3514626, 6546260, 12033758, 22122843, 41037121, 76886306, 143658158, 266402490, 492055489, 910634123, 1694874444, 3160187656, 5877493054, 10896459042],
  "province": "Turkey",
  "r0": [12.0, 29.0, 10.2, 18.8, 27.833333333333332]
}