{
  "input": [1, 1, 5, 5, 6, 18, 47, 98, 192, 359, 670, 1236, 1529, 1872],
  "lastDate": "20_03_25",
  "lastDateRate": 1.7864583333333333,
  "lastDateRateList": [2513, 3710, 5918, 8649, 11993, 16482, 23110, 33682, 49133, 70558, 100002, 141287, 201458, 289232, 415281, 593930, 846333, 1206229, 1722930, 2464812, 3525843, 5037782, 7192660, 10270603, 14673887, 20972659, 29972447, 42821834, 61169838, 87384126, 124850907, 178395435, 254894857, 364172224, 520280324, 743321267, 1062017278, 1517376319, 2167954823, 3097413943, 4425326415, 6322576031, 9033305601],
  "maxRate": 29.0,
  "maxRateList": [12283, 31713, 67557, 111898, 166186, 522393, 1442070, 3401223, 6646265, 11465659, 26615056, 68435086, 167070553, 359812238, 692316349, 1464152973, 3448770467, 8293816504],
  "minRate": 1.7864583333333333,
  "minRateList": [2513, 3710, 5918, 8649, 11993, 16482, 23110, 33682, 49133, 70558, 100002, 141287, 201458, 289232, 415281, 593930, 846333, 1206229, 1722930, 2464812, 3525843, 5037782, 7192660, 10270603, 14673887, 20972659, 29972447, 42821834, 61169838, 87384126, 124850907, 178395435, 254894857, 364172224, 520280324, 743321267, 1062017278, 1517376319, 2167954823, 3097413943, 4425326415, 6322576031, 9033305601],
  "province": "Turkey",
  "r0": [12.0, 29.0, 10.2, 18.8, 27.833333333333332, 17.27777777777778, 12.042553191489361, 2.989795918367347, 1.7864583333333333]
}