{
  "input": [1, 1, 5, 5, 6, 18, 47, 98, 192, 359, 670, 1236, 1529],
  "lastDate": "20_03_24",
  "lastDateRate": 2.989795918367347,
  "lastDateRateList": [2103, 3176, 5179, 8874, 13445, 19733, 29229, 44713, 71244, 111442, 170440, 257829, 391512, 604517, 937706, 1447287, 2218143, 3388684, 5196066, 7999616, 12326709, 18958504, 29089978, 44625155, 68542374, 105396718, 162078776, 249051873, 382471979, 587399689, 902514366, 1387096829, 2131711102, 3275224264, 5031429457, 7729763225, 11876899663],
  "maxRate": 29.0,
  "maxRateList": [7097, 17508, 36938, 72782, 117123, 322936, 830668, 1901870, 4012548, 7409115, 16774259, 40863631, 96017861, 212381753, 427246088, 913699599, 2098744898, 4883262867, 11042333704],
  "minRate": 2.989795918367347,
  "minRateList": [2103, 3176, 5179, 8874, 13445, 19733, 29229, 44713, 71244, 111442, 170440, 257829, 391512, 604517, 937706, 1447287, 2218143, 3388684, 5196066, 7999616, 12326709, 18958504, 29089978, 44625155, 68542374, 105396718, 162078776, 249051873, 382471979, 587399689, 902514366, 1387096829, 2131711102, 3275224264, 5031429457, 7729763225, 11876899663],
  "province": "Turkey",
  "r0": [12.0, 29.0, 10.2, 18.8, 27.833333333333332, 17.27777777777778, 12.042553191489361, 2.989795918367347]
}