{
  "input": [1, 1, 5, 5, 6, 18, 47, 98, 192, 359, 670],
  "lastDate": "20_03_22",
  "lastDateRate": 17.27777777777778,
  "lastDateRateList": [1482, 3175, 6492, 12695, 24271, 49877, 104734, 216901, 436242, 855591, 1717355, 3526926, 7274493, 14811785, 29594496, 59266574, 120204018, 245891092, 501805822, 1013132947, 2037127642, 4113985953, 8362437598],
  "maxRate": 29.0,
  "maxRateList": [2033, 4875, 10443, 20854, 40284, 99241, 240616, 543463, 1148229, 2316465, 5194454, 12172318, 27932745, 61231386, 128408871, 279048037, 632045259, 1442094864, 3217805058, 6941662317, 15034055390],
  "minRate": 10.2,
  "minRateList": [1149, 2149, 4107, 7769, 14603, 26323, 48243, 90134, 169378, 318329, 586824, 1078903, 1998270, 3725926, 6972882, 12958487, 23963298, 44345652, 82350097, 153473493, 285650060, 530075700, 982401350, 1822372339, 3387801968, 6301432580, 11708204720],
  "province": "Turkey",
  "r0": [12.0, 29.0, 10.2, 18.8, 27.833333333333332, 17.27777777777778]
}