{
  "input": [3, 3, 6, 14, 14, 16, 42],
  "lastDate": "20_03_25",
  "lastDateRate": 8.666666666666666,
  "lastDateRateList": [94, 215, 336, 475, 839, 1654, 3517, 6429, 10546, 17817, 32152, 62633, 118351, 209750, 364164, 642815, 1185634, 2211343, 4029176, 7185264, 12756327, 23031822, 42196795, 77116320, 139388608, 249943442, 449552566, 815258123, 1483599563, 2691634166, 4857810663, 8753932902],
  "maxRate": 8.666666666666666,
  "maxRateList": [94, 215, 336, 475, 839, 1654, 3517, 6429, 10546, 17817, 32152, 62633, 118351, 209750, 364164, 642815, 1185634, 2211343, 4029176, 7185264, 12756327, 23031822, 42196795, 77116320, 139388608, 249943442, 449552566, 815258123, 1483599563, 2691634166, 4857810663, 8753932902],
  "minRate": 0.6666666666666666,
  "minRateList": [46, 55, 64, 75, 103, 134, 171, 214, 264, 333, 422, 536, 679, 855, 1077, 1358, 1715, 2168, 2738, 3456, 4361, 5504, 6949, 8774, 11078, 13985, 17654, 22287, 28136, 35521, 44844, 56613, 71471, 90228, 113909, 143805, 181547, 229194, 289346, 365285, 461155, 582186, 734982, 927879, 1171402, 1478839, 1866963, 2356951, 2975537, 3756472, 4742365, 5987007, 7558308, 9541999, 12046314, 15207891, 19199229, 24238101, 30599434, 38630310, 48768904, 61568390, 77727124, 98126747, 123880287, 156392890, 197438483, 249256566, 314674397, 397261255, 501523182, 633148837, 799319881, 1009102812, 1273943649, 1608292437, 2030391662, 2563271583, 3236006791, 4085302557, 5157497515, 6511091956, 8219939678],
  "province": "Kyrgyzstan",
  "r0": [0.6666666666666666, 8.666666666666666]
}