{
  "input": [3, 3, 6, 14, 14, 16],
  "lastDate": "20_03_24",
  "lastDateRate": 0.6666666666666666,
  "lastDateRateList": [18, 22, 31, 40, 51, 63, 78, 99, 126, 160, 202, 254, 320, 404, 511, 646, 815, 1028, 1297, 1638, 2069, 2612, 3297, 4162, 5254, 6633, 8374, 10572, 13347, 16850, 21272, 26855, 33903, 42801, 54034, 68215, 86118, 108720, 137254, 173277, 218754, 276166, 348646, 440149, 555667, 701503, 885614, 1118045, 1411478, 1781923, 2249592, 2840001, 3585364, 4526349, 5714298, 7214026, 9107360, 11497603, 14515169, 18324701, 23134052, 29205625, 36870694, 46547473, 58763940, 74186641, 93657058, 118237521, 149269170, 188445130, 237902891, 300340930, 379165944, 478678724, 604308811, 762910738, 963138025, 1215915321, 1535034470, 1937907011, 2446514170, 3088606187, 3899216401, 4922572714, 6214510721, 7845520168],
  "maxRate": 0.6666666666666666,
  "maxRateList": [18, 22, 31, 40, 51, 63, 78, 99, 126, 160, 202, 254, 320, 404, 511, 646, 815, 1028, 1297, 1638, 2069, 2612, 3297, 4162, 5254, 6633, 8374, 10572, 13347, 16850, 21272, 26855, 33903, 42801, 54034, 68215, 86118, 108720, 137254, 173277, 218754, 276166, 348646, 440149, 555667, 701503, 885614, 1118045, 1411478, 1781923, 2249592, 2840001, 3585364, 4526349, 5714298, 7214026, 9107360, 11497603, 14515169, 18324701, 23134052, 29205625, 36870694, 46547473, 58763940, 74186641, 93657058, 118237521, 149269170, 188445130, 237902891, 300340930, 379165944, 478678724, 604308811, 762910738, 963138025, 1215915321, 1535034470, 1937907011, 2446514170, 3088606187, 3899216401, 4922572714, 6214510721, 7845520168],
  "minRate": 0.6666666666666666,
  "minRateList": [18, 22, 31, 40, 51, 63, 78, 99, 126, 160, 202, 254, 320, 404, 511, 646, 815, 1028, 1297, 1638, 2069, 2612, 3297, 4162, 5254, 6633, 8374, 10572, 13347, 16850, 21272, 26855, 33903, 42801, 54034, 68215, 86118, 108720, 137254, 173277, 218754, 276166, 348646, 440149, 555667, 701503, 885614, 1118045, 1411478, 1781923, 2249592, 2840001, 3585364, 4526349, 5714298, 7214026, 9107360, 11497603, 14515169, 18324701, 23134052, 29205625, 36870694, 46547473, 58763940, 74186641, 93657058, 118237521, 149269170, 188445130, 237902891, 300340930, 379165944, 478678724, 604308811, 762910738, 963138025, 1215915321, 1535034470, 1937907011, 2446514170, 3088606187, 3899216401, 4922572714, 6214510721, 7845520168],
  "province": "Kyrgyzstan",
  "r0": [0.6666666666666666]
}