{
  "input": [2, 5, 18, 28, 43, 61, 95, 139, 245, 388, 593, 978, 1501, 2336, 2922, 3513, 4747, 5823, 6566, 7161],
  "lastDate": "20_03_10",
  "lastDateRate": 0.20362765229295005,
  "lastDateRateList": [7876, 8843, 10029, 11366, 12824, 14428, 16229, 18271, 20585, 23196, 26134, 29439, 33159, 37351, 42074, 47396, 53391, 60143, 67749, 76316, 85967, 96839, 109086, 122882, 138422, 155927, 175646, 197859, 222881, 251068, 282819, 318585, 358875, 404260, 455384, 512974, 577847, 650924, 733243, 825972, 930428, 1048094, 1180640, 1329949, 1498140, 1687601, 1901022, 2141433, 2412247, 2717310, 3060952, 3448053, 3884108, 4375308, 4928627, 5551921, 6254040, 7044952, 7935886, 8939491, 10070016, 11343511, 12778058, 14394024, 16214352, 18264886, 20574739, 23176705, 26107726, 29409416, 33128652, 37318238, 42037656, 47353911, 53342481, 60088391, 67687416, 76247445, 85890011, 96752015, 108987673, 122770703, 138296791, 155786372, 175487758, 197680662, 222680172, 250841223, 282563636, 318297796, 358551045, 403894886, 454973095, 512510865, 577325098, 650336006, 732580173, 825225276, 929586660, 1047146014, 1179572408, 1328745989, 1496784675, 1686074224, 1899302108, 2139495668, 2410065094, 2714851843, 3058183179, 3444933608, 3880594088, 4371349985, 4924168892, 5546899553, 6248383296, 7038579560, 7928707295],
  "maxRate": 9.0,
  "maxRateList": [38778, 81501, 133908, 193002, 257451, 606453, 1339962, 2545134, 4282152, 6599211, 12057288, 24116946, 47023152, 85562520, 144955419, 253471011, 470523525, 893731893, 1663794573, 2968393344, 5249632443, 9484344168],
  "minRate": 0.20362765229295005,
  "minRateList": [7876, 8843, 10029, 11366, 12824, 14428, 16229, 18271, 20585, 23196, 26134, 29439, 33159, 37351, 42074, 47396, 53391, 60143, 67749, 76316, 85967, 96839, 109086, 122882, 138422, 155927, 175646, 197859, 222881, 251068, 282819, 318585, 358875, 404260, 455384, 512974, 577847, 650924, 733243, 825972, 930428, 1048094, 1180640, 1329949, 1498140, 1687601, 1901022, 2141433, 2412247, 2717310, 3060952, 3448053, 3884108, 4375308, 4928627, 5551921, 6254040, 7044952, 7935886, 8939491, 10070016, 11343511, 12778058, 14394024, 16214352, 18264886, 20574739, 23176705, 26107726, 29409416, 33128652, 37318238, 42037656, 47353911, 53342481, 60088391, 67687416, 76247445, 85890011, 96752015, 108987673, 122770703, 138296791, 155786372, 175487758, 197680662, 222680172, 250841223, 282563636, 318297796, 358551045, 403894886, 454973095, 512510865, 577325098, 650336006, 732580173, 825225276, 929586660, 1047146014, 1179572408, 1328745989, 1496784675, 1686074224, 1899302108, 2139495668, 2410065094, 2714851843, 3058183179, 3444933608, 3880594088, 4371349985, 4924168892, 5546899553, 6248383296, 7038579560, 7928707295],
  "province": "Iran",
  "r0": [9.0, 6.8, 2.4444444444444446, 3.7857142857142856, 3.3255813953488373, 3.360655737704918, 4.052631578947368, 3.762589928057554, 3.4081632653061225, 1.5103092783505154, 0.9966273187183811, 1.261758691206544, 0.7168554297135243, 0.3180650684931507, 0.20362765229295005]
}