{
  "input": [2, 5, 18, 28, 43, 61, 95, 139, 245, 388, 593, 978, 1501, 2336],
  "lastDate": "20_03_04",
  "lastDateRate": 3.4081632653061225,
  "lastDateRateList": [3658, 5679, 9012, 14128, 22089, 34556, 53911, 84625, 132776, 208059, 325831, 509568, 797984, 1250506, 1959605, 3070090, 4806781, 7526441, 11788370, 18467024, 28930392, 45312686, 70964026, 111140716, 174079349, 272678848, 427111880, 668968867, 1047754573, 1641045416, 2570379449, 4026046469, 6306001587, 9876920234],
  "maxRate": 9.0,
  "maxRateList": [5828, 11165, 19967, 33476, 54500, 106952, 207437, 387140, 688424, 1178924, 2141492, 4008425, 7492685, 13688501, 24298817, 43572245, 79648070, 147082235, 270278744, 488968097, 881118302, 1597950932, 2921691047, 5354199743, 9754912616],
  "minRate": 2.4444444444444446,
  "minRateList": [3284, 4734, 7125, 10794, 16504, 24532, 36104, 53521, 79906, 120249, 180216, 268470, 399299, 594625, 888567, 1329095, 1985355, 2961419, 4414947, 6587000, 9835899, 14688989, 21928013, 32720106, 48821662, 72864971, 108771389, 162373199, 242355680, 361697520, 539811894, 805697512, 1202609776, 1795034772, 2679184265, 3998724450, 5968207257, 8907920043],
  "province": "Iran",
  "r0": [9.0, 6.8, 2.4444444444444446, 3.7857142857142856, 3.3255813953488373, 3.360655737704918, 4.052631578947368, 3.762589928057554, 3.4081632653061225]
}