{
  "input": [2, 5, 18, 28, 43, 61, 95, 139, 245, 388, 593, 978],
  "lastDate": "20_03_02",
  "lastDateRate": 4.052631578947368,
  "lastDateRateList": [1541, 2534, 4106, 6509, 10472, 16717, 26986, 43626, 70005, 112444, 180192, 289556, 466356, 750060, 1205754, 1936006, 3109470, 4999439, 8039156, 12925633, 20771552, 33373088, 53633972, 86213709, 138596537, 222775985, 358024815, 575383544, 924775944, 1486456647, 2389285639, 3840228310, 6172045830, 9919822024],
  "maxRate": 9.0,
  "maxRateList": [2229, 4434, 7926, 13263, 22065, 42126, 82032, 153366, 272733, 471318, 850452, 1588740, 2969034, 5423631, 9665493, 17319561, 31618221, 58339527, 107152206, 194141643, 350017692, 634581681, 1159637424, 2124007278, 3871282065, 7021441293, 12732676422],
  "minRate": 2.4444444444444446,
  "minRateList": [1318, 1917, 2865, 4315, 6706, 9928, 14614, 21617, 32165, 48557, 72825, 108548, 161390, 240016, 358711, 536728, 802068, 1196577, 1783283, 2660132, 3972134, 5932745, 8857711, 13216847, 19719392, 29429053, 43931319, 65583501, 97891349, 146094307, 218031992, 325419661, 485734886, 725024850, 1082144267, 1615111359, 2410581641, 3597933585, 5370216552, 8015458094],
  "province": "Iran",
  "r0": [9.0, 6.8, 2.4444444444444446, 3.7857142857142856, 3.3255813953488373, 3.360655737704918, 4.052631578947368]
}