{
  "input": [2, 5, 18, 28, 43, 61, 95, 139, 245, 388, 593, 978, 1501, 2336, 2922, 3513, 4747, 5823, 6566, 7161, 8042, 9000, 10075, 11364, 12729, 13938, 14991, 16169],
  "lastDate": "20_03_18",
  "lastDateRate": 0.11692307692307692,
  "lastDateRateList": [17498, 18986, 20616, 22369, 24260, 26306, 28526, 30936, 33551, 36388, 39464, 42799, 46416, 50339, 54594, 59208, 64212, 69639, 75525, 81908, 88831, 96339, 104481, 113312, 122889, 133275, 144539, 156755, 170004, 184373, 199956, 216856, 235184, 255061, 276618, 299997, 325352, 352850, 382673, 415016, 450093, 488134, 529390, 574133, 622658, 675284, 732358, 794256, 861385, 934188, 1013144, 1098774, 1191641, 1292357, 1401585, 1520045, 1648517, 1787847, 1938953, 2102831, 2280559, 2473309, 2682350, 2909058, 3154927, 3421577, 3710764, 4024393, 4364529, 4733413, 5133474, 5567348, 6037892, 6548206, 7101651, 7701873, 8352824, 9058793, 9824429, 10654776, 11555303, 12531941, 13591123, 14739825, 15985614, 17336696, 18801969, 20391085, 22114511, 23983598, 26010658, 28209042, 30593230, 33178927, 35983163, 39024409, 42322697, 45899752, 49779134, 53986396, 58549250, 63497750, 68864490, 74684820, 80997076, 87842834, 95267186, 103319034, 112051413, 121521840, 131792694, 142931627, 155012006, 168113402, 182322109, 197731716, 214443722, 232568203, 252224539, 273542201, 296661602, 321735022, 348927612, 378418481, 410401877, 445088464, 482706713, 523504403, 567750256, 615735706, 667776819, 724216373, 785426119, 851809226, 923802939, 1001881459, 1086559066, 1178393505, 1277989661, 1386003543, 1503146606, 1630190435, 1767971829, 1917398312, 2079454111, 2255206637, 2445813519, 2652530225, 2876718335, 3119854508, 3383540207, 3669512249, 3979654245, 4316009004, 4680791993, 5076405925, 5505456588, 5970770007, 6475411060, 7022703662, 7616252662, 8259967586],
  "maxRate": 9.0,
  "maxRateList": [118445, 233006, 358448, 493367, 638888, 1704893, 3801947, 7027979, 11468282, 17218274, 32562311, 66779834, 130031645, 233246183, 388210649, 681271448, 1282289954, 2452574759, 4551790406, 8045686247],
  "minRate": 0.11692307692307692,
  "minRateList": [17498, 18986, 20616, 22369, 24260, 26306, 28526, 30936, 33551, 36388, 39464, 42799, 46416, 50339, 54594, 59208, 64212, 69639, 75525, 81908, 88831, 96339, 104481, 113312, 122889, 133275, 144539, 156755, 170004, 184373, 199956, 216856, 235184, 255061, 276618, 299997, 325352, 352850, 382673, 415016, 450093, 488134, 529390, 574133, 622658, 675284, 732358, 794256, 861385, 934188, 1013144, 1098774, 1191641, 1292357, 1401585, 1520045, 1648517, 1787847, 1938953, 2102831, 2280559, 2473309, 2682350, 2909058, 3154927, 3421577, 3710764, 4024393, 4364529, 4733413, 5133474, 5567348, 6037892, 6548206, 7101651, 7701873, 8352824, 9058793, 9824429, 10654776, 11555303, 12531941, 13591123, 14739825, 15985614, 17336696, 18801969, 20391085, 22114511, 23983598, 26010658, 28209042, 30593230, 33178927, 35983163, 39024409, 42322697, 45899752, 49779134, 53986396, 58549250, 63497750, 68864490, 74684820, 80997076, 87842834, 95267186, 103319034, 112051413, 121521840, 131792694, 142931627, 155012006, 168113402, 182322109, 197731716, 214443722, 232568203, 252224539, 273542201, 296661602, 321735022, 348927612, 378418481, 410401877, 445088464, 482706713, 523504403, 567750256, 615735706, 667776819, 724216373, 785426119, 851809226, 923802939, 1001881459, 1086559066, 1178393505, 1277989661, 1386003543, 1503146606, 1630190435, 1767971829, 1917398312, 2079454111, 2255206637, 2445813519, 2652530225, 2876718335, 3119854508, 3383540207, 3669512249, 3979654245, 4316009004, 4680791993, 5076405925, 5505456588, 5970770007, 6475411060, 7022703662, 7616252662, 8259967586],
  "province": "Iran",
  "r0": [9.0, 6.8, 2.4444444444444446, 3.7857142857142856, 3.3255813953488373, 3.360655737704918, 4.052631578947368, 3.762589928057554, 3.4081632653061225, 1.5103092783505154, 0.9966273187183811, 1.261758691206544, 0.7168554297135243, 0.3180650684931507, 0.20362765229295005, 0.2507828067179049, 0.201811670528755, 0.1846127425725571, 0.19631434663417605, 0.1906158357771261, 0.1503357373787615, 0.117, 0.11692307692307692]
}