{
  "input": [2, 5, 18, 28, 43, 61, 95, 139, 245, 388, 593, 978, 1501, 2336, 2922, 3513, 4747, 5823, 6566, 7161, 8042, 9000, 10075, 11364],
  "lastDate": "20_03_14",
  "lastDateRate": 0.19631434663417605,
  "lastDateRateList": [12770, 14349, 16116, 18094, 20325, 22832, 25649, 28813, 32365, 36355, 40837, 45872, 51528, 57882, 65019, 73036, 82041, 92157, 103520, 116284, 130622, 146728, 164820, 185142, 207970, 233613, 262418, 294775, 331121, 371948, 417810, 469326, 527195, 592199, 665218, 747240, 839375, 942871, 1059128, 1189720, 1336414, 1501195, 1686294, 1894216, 2127775, 2390132, 2684838, 3015882, 3387744, 3805457, 4274674, 4801746, 5393807, 6058870, 6805936, 7645116, 8587768, 9646650, 10836093, 12172196, 13673042, 15358944, 17252720, 19380001, 21769578, 24453792, 27468973, 30855929, 34660501, 38934181, 43734811, 49127364, 55184826, 61989180, 69632518, 78218289, 87862695, 98696268, 110865633, 124535495, 139890867, 157139575, 176515068, 198279582, 222727686, 250190270, 281039023, 315691463, 354616590, 398341230, 447457169, 502629161, 564603924, 634220248, 712420346, 800262608, 898935923, 1009775773, 1134282307, 1274140642, 1431243673, 1607717691, 1805951162, 2028627052, 2278759140, 2559732807, 2875350855, 3229884977, 3628133571, 4075486683, 4577998957, 5142471581, 5776544340, 6488799011, 7288875516, 8187602390],
  "maxRate": 9.0,
  "maxRateList": [75813, 148191, 229191, 319866, 422142, 1104459, 2438178, 4500897, 7379691, 11178969, 21119100, 43062702, 83570775, 149987994, 250598715, 440670615, 828234933, 1580371908, 2930263854, 5185652289, 9151687824],
  "minRate": 0.1846127425725571,
  "minRateList": [12686, 14171, 15833, 17693, 19791, 22133, 24749, 27672, 30938, 34592, 38678, 43247, 48356, 54068, 60454, 67594, 75578, 84505, 94487, 105648, 118127, 132080, 147681, 165125, 184629, 206437, 230821, 258085, 288569, 322654, 360765, 403377, 451023, 504297, 563863, 630465, 704934, 788199, 881299, 985395, 1101787, 1231927, 1377439, 1540138, 1722054, 1925458, 2152887, 2407180, 2691509, 3009422, 3364886, 3762336, 4206732, 4703619, 5259197, 5880398, 6574973, 7351589, 8219937, 9190852, 10276448, 11490272, 12847469, 14364974, 16061722, 17958885, 20080136, 22451942, 25103899, 28069098, 31384537, 35091586, 39236501, 43871001, 49052914, 54846899, 61325253, 68568811, 76667957, 85723750, 95849186, 107170609, 119829285, 133983167, 149808864, 167503845, 187288905, 209410918, 234145918, 261802543, 292725887, 327301805, 365961729, 409188049, 457520134, 511561063, 571985147, 639546345, 715087673, 799551720, 893992411, 999588158, 1117656563, 1249670859, 1397278295, 1562320686, 1746857397, 1953191040, 2183896205, 2441851583, 2730275890, 3052768025, 3413351980, 3816527048, 4267323966, 4771367686, 5334947564, 5965095834, 6669675359, 7457477740, 8338333014],
  "province": "Iran",
  "r0": [9.0, 6.8, 2.4444444444444446, 3.7857142857142856, 3.3255813953488373, 3.360655737704918, 4.052631578947368, 3.762589928057554, 3.4081632653061225, 1.5103092783505154, 0.9966273187183811, 1.261758691206544, 0.7168554297135243, 0.3180650684931507, 0.20362765229295005, 0.2507828067179049, 0.201811670528755, 0.1846127425725571, 0.19631434663417605]
}