{
  "input": [2, 5, 18, 28, 43, 61, 95, 139, 245, 388, 593, 978, 1501, 2336, 2922, 3513, 4747, 5823, 6566],
  "lastDate": "20_03_09",
  "lastDateRate": 0.3180650684931507,
  "lastDateRateList": [7495, 8612, 10122, 11974, 14062, 16446, 19185, 22404, 26213, 30686, 35917, 42019, 49145, 57482, 67242, 78666, 92031, 107662, 125945, 147332, 172353, 201625, 235869, 275928, 322789, 377608, 441738, 516760, 604523, 707191, 827295, 967796, 1132159, 1324437, 1549370, 1812504, 2120326, 2480426, 2901683, 3394483, 3970977, 4645379, 5434316, 6357240, 7436906, 8699935, 10177468, 11905934, 13927950, 16293370, 19060515, 22297612, 26084474, 30514468, 35696820, 41759304, 48851395, 57147955, 66853541, 78207452, 91489628, 107027550, 125204318, 146468094, 171343153, 200442808, 234484533, 274307653, 320894037, 375392309, 439146164, 513727503, 600975185, 703040369, 822439549, 962116604, 1125515377, 1316664590, 1540277173, 1801866464, 2107882148, 2465869273, 2884654286, 3374562651, 3947673431, 4618117111, 5402423990, 6319931753, 7393262254, 8648879274],
  "maxRate": 9.0,
  "maxRateList": [32864, 64481, 107204, 159611, 218705, 514481, 1094810, 2059646, 3496145, 5464490, 10094819, 19948109, 38484923, 69950228, 119130638, 209984009, 389516990, 735881297, 1365433349, 2437609091, 4327465172, 7833118082],
  "minRate": 0.3180650684931507,
  "minRateList": [7495, 8612, 10122, 11974, 14062, 16446, 19185, 22404, 26213, 30686, 35917, 42019, 49145, 57482, 67242, 78666, 92031, 107662, 125945, 147332, 172353, 201625, 235869, 275928, 322789, 377608, 441738, 516760, 604523, 707191, 827295, 967796, 1132159, 1324437, 1549370, 1812504, 2120326, 2480426, 2901683, 3394483, 3970977, 4645379, 5434316, 6357240, 7436906, 8699935, 10177468, 11905934, 13927950, 16293370, 19060515, 22297612, 26084474, 30514468, 35696820, 41759304, 48851395, 57147955, 66853541, 78207452, 91489628, 107027550, 125204318, 146468094, 171343153, 200442808, 234484533, 274307653, 320894037, 375392309, 439146164, 513727503, 600975185, 703040369, 822439549, 962116604, 1125515377, 1316664590, 1540277173, 1801866464, 2107882148, 2465869273, 2884654286, 3374562651, 3947673431, 4618117111, 5402423990, 6319931753, 7393262254, 8648879274],
  "province": "Iran",
  "r0": [9.0, 6.8, 2.4444444444444446, 3.7857142857142856, 3.3255813953488373, 3.360655737704918, 4.052631578947368, 3.762589928057554, 3.4081632653061225, 1.5103092783505154, 0.9966273187183811, 1.261758691206544, 0.7168554297135243, 0.3180650684931507]
}