{
  "input": [2, 5, 18, 28, 43, 61, 95, 139, 245, 388, 593, 978, 1501, 2336, 2922, 3513, 4747, 5823, 6566, 7161, 8042, 9000, 10075, 11364, 12729, 13938, 14991, 16169, 17361],
  "lastDate": "20_03_19",
  "lastDateRate": 0.10489264343541006,
  "lastDateRateList": [18696, 20158, 21730, 23426, 25247, 27208, 29322, 31601, 34058, 36706, 39560, 42636, 45951, 49523, 53373, 57523, 61995, 66815, 72010, 77608, 83642, 90145, 97153, 104706, 112847, 121620, 131076, 141267, 152250, 164087, 176844, 190593, 205411, 221381, 238593, 257143, 277135, 298681, 321902, 346929, 373901, 402970, 434299, 468064, 504454, 543673, 585942, 631497, 680593, 733507, 790534, 851995, 918234, 989623, 1066562, 1149483, 1238851, 1335167, 1438971, 1550846, 1671418, 1801364, 1941413, 2092350, 2255022, 2430341, 2619291, 2822931, 3042403, 3278938, 3533863, 3808607, 4104712, 4423838, 4767774, 5138450, 5537945, 5968499, 6432527, 6932631, 7471617, 8052507, 8678559, 9353284, 10080466, 10864184, 11708833, 12619150, 13600241, 14657608, 15797181, 17025351, 18349007, 19775572, 21313047, 22970055, 24755889, 26680565, 28754877, 30990459, 33399849, 35996560, 38795155, 41811330, 45062001, 48565399, 52341173, 56410499, 60796200, 65522872, 70617025, 76107229, 82024275, 88401349, 95274216, 102681422, 110664510, 119268253, 128540904, 138534468, 149304994, 160912887, 173423249, 186906244, 201437491, 217098486, 233977064, 252167887, 271772977, 292902288, 315674322, 340216795, 366667351, 395174337, 425897632, 459009546, 494695785, 533156493, 574607374, 619280902, 667427627, 719317576, 775241770, 835513856, 900471867, 970480115, 1045931237, 1127248396, 1214887653, 1309340527, 1411136752, 1520847244, 1639087308, 1766520085, 1903860274, 2051878138, 2211403826, 2383332027, 2568626988, 2768327925, 2983554847, 3215514840, 3465508836, 3734938911, 4025316145, 4338269100, 4675552952, 5039059335, 5430826950, 5853053001, 6308105515, 6798536624, 7327096878, 7896750673],
  "maxRate": 9.0,
  "maxRateList": [131922, 257364, 392283, 537804, 694053, 1881351, 4197627, 7728174, 12568410, 18814887, 35747046, 73525689, 143079255, 256194945, 425528928, 747252342, 1408983543, 2696696838, 5002451343, 8832211695],
  "minRate": 0.10489264343541006,
  "minRateList": [18696, 20158, 21730, 23426, 25247, 27208, 29322, 31601, 34058, 36706, 39560, 42636, 45951, 49523, 53373, 57523, 61995, 66815, 72010, 77608, 83642, 90145, 97153, 104706, 112847, 121620, 131076, 141267, 152250, 164087, 176844, 190593, 205411, 221381, 238593, 257143, 277135, 298681, 321902, 346929, 373901, 402970, 434299, 468064, 504454, 543673, 585942, 631497, 680593, 733507, 790534, 851995, 918234, 989623, 1066562, 1149483, 1238851, 1335167, 1438971, 1550846, 1671418, 1801364, 1941413, 2092350, 2255022, 2430341, 2619291, 2822931, 3042403, 3278938, 3533863, 3808607, 4104712, 4423838, 4767774, 5138450, 5537945, 5968499, 6432527, 6932631, 7471617, 8052507, 8678559, 9353284, 10080466, 10864184, 11708833, 12619150, 13600241, 14657608, 15797181, 17025351, 18349007, 19775572, 21313047, 22970055, 24755889, 26680565, 28754877, 30990459, 33399849, 35996560, 38795155, 41811330, 45062001, 48565399, 52341173, 56410499, 60796200, 65522872, 70617025, 76107229, 82024275, 88401349, 95274216, 102681422, 110664510, 119268253, 128540904, 138534468, 149304994, 160912887, 173423249, 186906244, 201437491, 217098486, 233977064, 252167887, 271772977, 292902288, 315674322, 340216795, 366667351, 395174337, 425897632, 459009546, 494695785, 533156493, 574607374, 619280902, 667427627, 719317576, 775241770, 835513856, 900471867, 970480115, 1045931237, 1127248396, 1214887653, 1309340527, 1411136752, 1520847244, 1639087308, 1766520085, 1903860274, 2051878138, 2211403826, 2383332027, 2568626988, 2768327925, 2983554847, 3215514840, 3465508836, 3734938911, 4025316145, 4338269100, 4675552952, 5039059335, 5430826950, 5853053001, 6308105515, 6798536624, 7327096878, 7896750673],
  "province": "Iran",
  "r0": [9.0, 6.8, 2.4444444444444446, 3.7857142857142856, 3.3255813953488373, 3.360655737704918, 4.052631578947368, 3.762589928057554, 3.4081632653061225, 1.5103092783505154, 0.9966273187183811, 1.261758691206544, 0.7168554297135243, 0.3180650684931507, 0.20362765229295005, 0.2507828067179049, 0.201811670528755, 0.1846127425725571, 0.19631434663417605, 0.1906158357771261, 0.1503357373787615, 0.117, 0.11692307692307692, 0.10489264343541006]
}