{
  "input": [2, 5, 18, 28, 43, 61, 95, 139, 245, 388, 593, 978, 1501, 2336, 2922],
  "lastDate": "20_03_05",
  "lastDateRate": 1.5103092783505154,
  "lastDateRateList": [3818, 5295, 7562, 11090, 15503, 21269, 29266, 40687, 57436, 80850, 112973, 157174, 218624, 305370, 427479, 598103, 835484, 1165674, 1626877, 2272503, 3175824, 4437663, 6198191, 8655278, 12087460, 16883936, 23586180, 32947365, 46019512, 64275315, 89775280, 125397706, 175158417, 244662113, 341737718, 477326156, 666715475, 931258857, 1300774316, 1816903962, 2537814084, 3544760652, 4951249544, 6915821062, 9659907974],
  "maxRate": 9.0,
  "maxRateList": [8259, 17061, 30570, 51594, 77892, 152223, 305772, 580902, 1045248, 1746276, 3116283, 5868231, 11096349, 20503581, 36220065, 64266612, 117080691, 216947832, 401480061, 727460646, 1305860154, 2359586373, 4312116861, 7925437410],
  "minRate": 1.5103092783505154,
  "minRateList": [3818, 5295, 7562, 11090, 15503, 21269, 29266, 40687, 57436, 80850, 112973, 157174, 218624, 305370, 427479, 598103, 835484, 1165674, 1626877, 2272503, 3175824, 4437663, 6198191, 8655278, 12087460, 16883936, 23586180, 32947365, 46019512, 64275315, 89775280, 125397706, 175158417, 244662113, 341737718, 477326156, 666715475, 931258857, 1300774316, 1816903962, 2537814084, 3544760652, 4951249544, 6915821062, 9659907974],
  "province": "Iran",
  "r0": [9.0, 6.8, 2.4444444444444446, 3.7857142857142856, 3.3255813953488373, 3.360655737704918, 4.052631578947368, 3.762589928057554, 3.4081632653061225, 1.5103092783505154]
}