{
  "input": [2, 5, 18, 28, 43, 61, 95, 139, 245, 388, 593, 978, 1501, 2336, 2922, 3513],
  "lastDate": "20_03_06",
  "lastDateRate": 0.9966273187183811,
  "lastDateRateList": [4488, 5984, 8312, 11224, 14725, 19198, 25162, 33446, 44632, 59307, 78440, 103517, 136850, 181331, 240438, 318613, 421781, 558169, 738888, 978515, 1296053, 1716411, 2272697, 3009093, 3984308, 5275990, 6986612, 9251644, 12250588, 16221458, 21479654, 28442702, 37663143, 49872414, 66039162, 87446372, 115793146, 153329263, 203033473, 268849906, 356001349, 471403962, 624216094, 826564800, 1094507961, 1449308631, 1919122698, 2541233510, 3365010570, 4455827104, 5900247679, 7812897788],
  "maxRate": 9.0,
  "maxRateList": [12315, 25824, 46848, 73146, 104763, 215598, 448014, 869646, 1527960, 2470827, 4411209, 8443335, 16270149, 30021789, 52259232, 91960113, 167950128, 314381469, 584577570, 1054910658, 1882551675, 3394102827, 6223536048, 11484734178],
  "minRate": 0.9966273187183811,
  "minRateList": [4488, 5984, 8312, 11224, 14725, 19198, 25162, 33446, 44632, 59307, 78440, 103517, 136850, 181331, 240438, 318613, 421781, 558169, 738888, 978515, 1296053, 1716411, 2272697, 3009093, 3984308, 5275990, 6986612, 9251644, 12250588, 16221458, 21479654, 28442702, 37663143, 49872414, 66039162, 87446372, 115793146, 153329263, 203033473, 268849906, 356001349, 471403962, 624216094, 826564800, 1094507961, 1449308631, 1919122698, 2541233510, 3365010570, 4455827104, 5900247679, 7812897788],
  "province": "Iran",
  "r0": [9.0, 6.8, 2.4444444444444446, 3.7857142857142856, 3.3255813953488373, 3.360655737704918, 4.052631578947368, 3.762589928057554, 3.4081632653061225, 1.5103092783505154, 0.9966273187183811]
}