{
  "input": [2, 5, 18, 28, 43, 61, 95, 139, 245, 388, 593, 978, 1501, 2336, 2922, 3513, 4747],
  "lastDate": "20_03_07",
  "lastDateRate": 1.261758691206544,
  "lastDateRateList": [6641, 9588, 13275, 17708, 23698, 32077, 44175, 60925, 83268, 113169, 153642, 209380, 286253, 391317, 534109, 727968, 992155, 1353337, 1847085, 2521002, 3439522, 4691382, 6398967, 8729543, 11910439, 16250286, 22169678, 30243630, 41258207, 56286307, 76790247, 104763031, 142923194, 194981095, 266000832, 362891594, 495077259, 675411841, 921430932, 1257059794, 1714941417, 2339609451, 3191816212, 4354439699, 5940545819, 8104388057],
  "maxRate": 9.0,
  "maxRateList": [18256, 39280, 65578, 97195, 139918, 304222, 657742, 1247944, 2122699, 3381961, 6119959, 12039637, 23271133, 42375424, 72813073, 127892704, 236249437, 445689634, 827068450, 1482386107, 2633420443, 4759665376, 8770872082],
  "minRate": 0.9966273187183811,
  "minRateList": [6243, 8571, 11483, 14984, 19715, 25937, 34479, 45923, 60856, 80505, 106355, 140718, 186486, 247137, 327370, 433366, 573609, 759466, 1005769, 1332035, 1763939, 2335613, 3092518, 4094895, 5422437, 7180427, 9508163, 12590251, 16671335, 22075484, 29231694, 38707789, 51255577, 67870685, 89871715, 119004820, 157582060, 208664768, 276306547, 365875153, 484478608, 641529194, 849490202, 1124864855, 1489506028, 1972350644, 2611716164, 3458341306, 4579412350, 6063894749, 8029593283],
  "province": "Iran",
  "r0": [9.0, 6.8, 2.4444444444444446, 3.7857142857142856, 3.3255813953488373, 3.360655737704918, 4.052631578947368, 3.762589928057554, 3.4081632653061225, 1.5103092783505154, 0.9966273187183811, 1.261758691206544]
}