{
  "input": [2, 5, 18, 28, 43, 61, 95, 139, 245, 388],
  "lastDate": "20_02_29",
  "lastDateRate": 3.3255813953488373,
  "lastDateRateList": [591, 907, 1369, 2184, 3474, 5439, 8455, 13008, 20271, 31824, 49912, 78030, 121289, 188702, 294535, 460521, 720016, 1123372, 1750916, 2730416, 4261916, 6656388, 10392253, 16215067, 25295288, 39468637, 61604997, 96165280, 150089805, 234211344, 365467509, 570339941, 890145407, 1389281270, 2168170158, 3383562107, 5280274004, 8240525009],
  "maxRate": 9.0,
  "maxRateList": [937, 1792, 3043, 5248, 8740, 17173, 33301, 60688, 107920, 186580, 341137, 640846, 1187038, 2158318, 3837538, 6907771, 12675385, 23358727, 42783589, 77321431, 139491370, 253569835, 463798378, 848850679, 1544743558, 2800165888, 5082294403, 9256479805],
  "minRate": 2.4444444444444446,
  "minRateList": [537, 769, 1109, 1708, 2656, 3969, 5849, 8560, 12735, 19227, 28929, 43227, 64151, 95281, 142280, 212995, 318661, 475475, 708384, 1056180, 1576834, 2355783, 3518055, 5249660, 7831433, 11685916, 17444497, 26044187, 38876689, 58020192, 86585764, 129227868, 192891436, 287923342, 429750478, 641404568, 957294912, 1428807311, 2132619925, 3183121093, 4750998926, 7091053155, 10583693249],
  "province": "Iran",
  "r0": [9.0, 6.8, 2.4444444444444446, 3.7857142857142856, 3.3255813953488373]
}