{
  "input": [2, 5, 18, 28, 43, 61, 95, 139, 245, 388, 593, 978, 1501, 2336, 2922, 3513, 4747, 5823, 6566, 7161, 8042, 9000, 10075, 11364, 12729, 13938],
  "lastDate": "20_03_16",
  "lastDateRate": 0.1503357373787615,
  "lastDateRateList": [15291, 16806, 18514, 20428, 22523, 24822, 27349, 30132, 33203, 36589, 40321, 44433, 48963, 53955, 59456, 65518, 72198, 79559, 87670, 96608, 106458, 117312, 129273, 142453, 156977, 172981, 190617, 210051, 231467, 255066, 281071, 309728, 341306, 376104, 414450, 456705, 503268, 554578, 611120, 673427, 742086, 817745, 901118, 992991, 1094231, 1205793, 1328729, 1464199, 1613481, 1777983, 1959257, 2159012, 2379133, 2621697, 2888991, 3183537, 3508114, 3865783, 4259918, 4694237, 5172836, 5700231, 6281396, 6921814, 7627526, 8405188, 9262136, 10206454, 11247050, 12393740, 13657340, 15049770, 16584165, 18274999, 20138221, 22191407, 24453925, 26947118, 29694503, 32721997, 36058159, 39734458, 43785573, 48249718, 53169004, 58589834, 64563343, 71145879, 78399536, 86392737, 95200883, 104907061, 115602829, 127389081, 140376997, 154689092, 170460372, 187839609, 206990740, 228094419, 251349718, 276976004, 305215010, 336333116, 370623859, 408410704, 450050096, 495934820, 546497707, 602215718, 663614442, 731273055, 805829782, 887987918, 978522462, 1078287428, 1188223902, 1309368916, 1442865234, 1589972130, 1752077266, 1930709782, 2127554723, 2344468932, 2583498565, 2846898393, 3137153072, 3457000580, 3809458046, 4197850208, 4625840777, 5097466997, 5617177728, 6189875412, 6820962318, 7516391502, 8282722962],
  "maxRate": 9.0,
  "maxRateList": [94938, 185613, 287889, 402450, 527892, 1382334, 3052851, 5643852, 9265902, 14016930, 26457936, 53933595, 104728263, 188121381, 314273751, 552395175, 1037797530, 1980351897, 3673444326, 6501908085, 11473464660],
  "minRate": 0.1503357373787615,
  "minRateList": [15291, 16806, 18514, 20428, 22523, 24822, 27349, 30132, 33203, 36589, 40321, 44433, 48963, 53955, 59456, 65518, 72198, 79559, 87670, 96608, 106458, 117312, 129273, 142453, 156977, 172981, 190617, 210051, 231467, 255066, 281071, 309728, 341306, 376104, 414450, 456705, 503268, 554578, 611120, 673427, 742086, 817745, 901118, 992991, 1094231, 1205793, 1328729, 1464199, 1613481, 1777983, 1959257, 2159012, 2379133, 2621697, 2888991, 3183537, 3508114, 3865783, 4259918, 4694237, 5172836, 5700231, 6281396, 6921814, 7627526, 8405188, 9262136, 10206454, 11247050, 12393740, 13657340, 15049770, 16584165, 18274999, 20138221, 22191407, 24453925, 26947118, 29694503, 32721997, 36058159, 39734458, 43785573, 48249718, 53169004, 58589834, 64563343, 71145879, 78399536, 86392737, 95200883, 104907061, 115602829, 127389081, 140376997, 154689092, 170460372, 187839609, 206990740, 228094419, 251349718, 276976004, 305215010, 336333116, 370623859, 408410704, 450050096, 495934820, 546497707, 602215718, 663614442, 731273055, 805829782, 887987918, 978522462, 1078287428, 1188223902, 1309368916, 1442865234, 1589972130, 1752077266, 1930709782, 2127554723, 2344468932, 2583498565, 2846898393, 3137153072, 3457000580, 3809458046, 4197850208, 4625840777, 5097466997, 5617177728, 6189875412, 6820962318, 7516391502, 8282722962],
  "province": "Iran",
  "r0": [9.0, 6.8, 2.4444444444444446, 3.7857142857142856, 3.3255813953488373, 3.360655737704918, 4.052631578947368, 3.762589928057554, 3.4081632653061225, 1.5103092783505154, 0.9966273187183811, 1.261758691206544, 0.7168554297135243, 0.3180650684931507, 0.20362765229295005, 0.2507828067179049, 0.201811670528755, 0.1846127425725571, 0.19631434663417605, 0.1906158357771261, 0.1503357373787615]
}