{
  "input": [2, 5, 18, 28, 43, 61, 95, 139, 245, 388, 593, 978, 1501, 2336, 2922, 3513, 4747, 5823, 6566, 7161, 8042, 9000],
  "lastDate": "20_03_12",
  "lastDateRate": 0.201811670528755,
  "lastDateRateList": [10175, 11500, 12945, 14568, 16384, 18437, 20758, 23370, 26310, 29616, 33337, 37526, 42242, 47552, 53529, 60257, 67830, 76355, 85952, 96755, 108916, 122605, 138014, 155360, 174886, 196867, 221610, 249463, 280816, 316110, 355840, 400563, 450908, 507580, 571375, 643188, 724026, 815024, 917460, 1032770, 1162573, 1308690, 1473171, 1658325, 1866750, 2101371, 2365480, 2662783, 2997452, 3374184, 3798265, 4275646, 4813027, 5417948, 6098898, 6865432, 7728307, 8699632, 9793037, 11023866, 12409390, 13969053, 15724740, 17701089, 19925834, 22430194, 25249312, 28422748, 31995034, 36016300, 40542975, 45638581, 51374623, 57831594, 65100104, 73282150, 82492548, 92860546, 104531637, 117669598, 132458791, 149106750, 167847092, 188942796, 212689894, 239421624, 269513106, 303386608, 341517469, 384440772, 432758850, 487149740, 548376698, 617298909, 694883543, 782219329, 880531832, 991200650, 1115778774, 1256014383, 1413875373, 1591576973, 1791612832, 2016790010, 2270268371, 2555604922, 2876803730, 3238372109, 3645383870, 4103550523, 4619301422, 5199873989, 5853415274, 6589096283, 7417240669, 8349469606],
  "maxRate": 9.0,
  "maxRateList": [61407, 120501, 184950, 257328, 338328, 890991, 1975500, 3640050, 5956002, 9000954, 17019873, 34799373, 67559823, 121163841, 202172427, 355351284, 668545641, 1276584048, 2367058617, 4186610460, 7384772016, 13401682785],
  "minRate": 0.201811670528755,
  "minRateList": [10175, 11500, 12945, 14568, 16384, 18437, 20758, 23370, 26310, 29616, 33337, 37526, 42242, 47552, 53529, 60257, 67830, 76355, 85952, 96755, 108916, 122605, 138014, 155360, 174886, 196867, 221610, 249463, 280816, 316110, 355840, 400563, 450908, 507580, 571375, 643188, 724026, 815024, 917460, 1032770, 1162573, 1308690, 1473171, 1658325, 1866750, 2101371, 2365480, 2662783, 2997452, 3374184, 3798265, 4275646, 4813027, 5417948, 6098898, 6865432, 7728307, 8699632, 9793037, 11023866, 12409390, 13969053, 15724740, 17701089, 19925834, 22430194, 25249312, 28422748, 31995034, 36016300, 40542975, 45638581, 51374623, 57831594, 65100104, 73282150, 82492548, 92860546, 104531637, 117669598, 132458791, 149106750, 167847092, 188942796, 212689894, 239421624, 269513106, 303386608, 341517469, 384440772, 432758850, 487149740, 548376698, 617298909, 694883543, 782219329, 880531832, 991200650, 1115778774, 1256014383, 1413875373, 1591576973, 1791612832, 2016790010, 2270268371, 2555604922, 2876803730, 3238372109, 3645383870, 4103550523, 4619301422, 5199873989, 5853415274, 6589096283, 7417240669, 8349469606],
  "province": "Iran",
  "r0": [9.0, 6.8, 2.4444444444444446, 3.7857142857142856, 3.3255813953488373, 3.360655737704918, 4.052631578947368, 3.762589928057554, 3.4081632653061225, 1.5103092783505154, 0.9966273187183811, 1.261758691206544, 0.7168554297135243, 0.3180650684931507, 0.20362765229295005, 0.2507828067179049, 0.201811670528755]
}