{
  "input": [2, 5, 18, 28, 43, 61, 95, 139, 245, 388, 593, 978, 1501],
  "lastDate": "20_03_03",
  "lastDateRate": 3.762589928057554,
  "lastDateRateList": [2423, 3883, 6114, 9794, 15442, 24559, 39169, 62173, 99024, 157126, 249531, 396908, 630840, 1003427, 1594628, 2533511, 4026913, 6400505, 10175989, 16175920, 25708483, 40860105, 64942581, 103230655, 164094009, 260824488, 414564308, 658916609, 1047331232, 1664749698, 2646125290, 4205960780, 6685193776, 10625871721],
  "maxRate": 9.0,
  "maxRateList": [3706, 7198, 12535, 21337, 34846, 68200, 132982, 245797, 437830, 751444, 1365244, 2562082, 4774255, 8714725, 15477721, 27764917, 50823655, 93791950, 172224475, 311523964, 561408217, 1018821112, 1862948662, 3412968937, 6216684613, 11269358566],
  "minRate": 2.4444444444444446,
  "minRateList": [2100, 3048, 4498, 6889, 10558, 15691, 23142, 34137, 50977, 76785, 115141, 171710, 255156, 379766, 567463, 848919, 1268655, 1892370, 2820687, 4207819, 6282954, 9384111, 14009904, 20904917, 31190697, 46549029, 69487967, 103734399, 154835307, 231079233, 344865748, 514725223, 768298198, 1146784504, 1711644851, 2554650013, 3812867225, 5690929487, 8494180497],
  "province": "Iran",
  "r0": [9.0, 6.8, 2.4444444444444446, 3.7857142857142856, 3.3255813953488373, 3.360655737704918, 4.052631578947368, 3.762589928057554]
}