{
  "input": [2, 5, 18, 28, 43, 61, 95, 139, 245, 388, 593, 978, 1501, 2336, 2922, 3513, 4747, 5823],
  "lastDate": "20_03_08",
  "lastDateRate": 0.7168554297135243,
  "lastDateRateList": [7498, 9593, 12111, 15514, 19688, 25063, 31940, 40622, 51743, 65856, 83823, 106719, 135839, 172931, 220140, 280229, 356731, 454108, 578075, 735884, 936768, 1192493, 1518023, 1932419, 2459941, 3131468, 3986313, 5074516, 6459781, 8223203, 10468013, 13325623, 16963317, 21594046, 27488894, 34992946, 44545491, 56705737, 72185546, 91891109, 116975992, 148908669, 189558484, 241305085, 307177725, 391032600, 497778588, 633664617, 806645477, 1026847497, 1307161340, 1663996624, 2118242545, 2696490735, 3432591939, 4369637643, 5562482658, 7080956328, 9013950353],
  "maxRate": 9.0,
  "maxRateList": [26847, 53145, 84762, 127485, 179892, 421515, 899820, 1662678, 2810043, 4429071, 8222706, 16321086, 31285188, 56575575, 96437214, 170441568, 317331342, 598898034, 1108078209, 1976013135, 3509987247, 6365969325, 11756051631],
  "minRate": 0.7168554297135243,
  "minRateList": [7498, 9593, 12111, 15514, 19688, 25063, 31940, 40622, 51743, 65856, 83823, 106719, 135839, 172931, 220140, 280229, 356731, 454108, 578075, 735884, 936768, 1192493, 1518023, 1932419, 2459941, 3131468, 3986313, 5074516, 6459781, 8223203, 10468013, 13325623, 16963317, 21594046, 27488894, 34992946, 44545491, 56705737, 72185546, 91891109, 116975992, 148908669, 189558484, 241305085, 307177725, 391032600, 497778588, 633664617, 806645477, 1026847497, 1307161340, 1663996624, 2118242545, 2696490735, 3432591939, 4369637643, 5562482658, 7080956328, 9013950353],
  "province": "Iran",
  "r0": [9.0, 6.8, 2.4444444444444446, 3.7857142857142856, 3.3255813953488373, 3.360655737704918, 4.052631578947368, 3.762589928057554, 3.4081632653061225, 1.5103092783505154, 0.9966273187183811, 1.261758691206544, 0.7168554297135243]
}