{
  "input": [2, 5, 18, 28, 43, 61, 95, 139, 245, 388, 593, 978, 1501, 2336, 2922, 3513, 4747, 5823, 6566, 7161, 8042, 9000, 10075],
  "lastDate": "20_03_13",
  "lastDateRate": 0.1846127425725571,
  "lastDateRateList": [11287, 12609, 14094, 15756, 17616, 19700, 22028, 24630, 27539, 30791, 34428, 38495, 43042, 48126, 53810, 60166, 67273, 75219, 84104, 94038, 105145, 117564, 131450, 146977, 164338, 183749, 205453, 229720, 256854, 287193, 321115, 359044, 401453, 448872, 501891, 561173, 627457, 701570, 784437, 877092, 980692, 1096529, 1226048, 1370865, 1532787, 1713835, 1916268, 2142612, 2395691, 2678663, 2995059, 3348826, 3744379, 4186654, 4681169, 5234095, 5852331, 6543591, 7316501, 8180704, 9146985, 10227400, 11435430, 12786149, 14296411, 15985061, 17873169, 19984295, 22344781, 24984081, 27935127, 31234742, 34924098, 39049229, 43661609, 48818789, 54585120, 61032554, 68241539, 76302028, 85314599, 95391708, 106659095, 119257353, 133343680, 149093842, 166704367, 186394995, 208411422, 233028364, 260552987, 291328737, 325739628, 364215032, 407235037, 455336439, 509119436, 569255122, 636493858, 711674635, 795735544, 889725479, 994817228, 1112322105, 1243706311, 1390609232, 1554863893, 1738519830, 1943868664, 2173472697, 2430196881, 2717244569, 3038197483, 3397060408, 3798311163, 4246956474, 4748594446, 5309484416, 5936625055, 6637841696, 7421883978, 8298535022],
  "maxRate": 9.0,
  "maxRateList": [69169, 133618, 205996, 286996, 377671, 1000192, 2202754, 4056718, 6639682, 10038721, 19040449, 38865235, 75375697, 135132835, 225481324, 396845365, 746632480, 1425013753, 2641209268, 4670541184, 8242149469],
  "minRate": 0.1846127425725571,
  "minRateList": [11287, 12609, 14094, 15756, 17616, 19700, 22028, 24630, 27539, 30791, 34428, 38495, 43042, 48126, 53810, 60166, 67273, 75219, 84104, 94038, 105145, 117564, 131450, 146977, 164338, 183749, 205453, 229720, 256854, 287193, 321115, 359044, 401453, 448872, 501891, 561173, 627457, 701570, 784437, 877092, 980692, 1096529, 1226048, 1370865, 1532787, 1713835, 1916268, 2142612, 2395691, 2678663, 2995059, 3348826, 3744379, 4186654, 4681169, 5234095, 5852331, 6543591, 7316501, 8180704, 9146985, 10227400, 11435430, 12786149, 14296411, 15985061, 17873169, 19984295, 22344781, 24984081, 27935127, 31234742, 34924098, 39049229, 43661609, 48818789, 54585120, 61032554, 68241539, 76302028, 85314599, 95391708, 106659095, 119257353, 133343680, 149093842, 166704367, 186394995, 208411422, 233028364, 260552987, 291328737, 325739628, 364215032, 407235037, 455336439, 509119436, 569255122, 636493858, 711674635, 795735544, 889725479, 994817228, 1112322105, 1243706311, 1390609232, 1554863893, 1738519830, 1943868664, 2173472697, 2430196881, 2717244569, 3038197483, 3397060408, 3798311163, 4246956474, 4748594446, 5309484416, 5936625055, 6637841696, 7421883978, 8298535022],
  "province": "Iran",
  "r0": [9.0, 6.8, 2.4444444444444446, 3.7857142857142856, 3.3255813953488373, 3.360655737704918, 4.052631578947368, 3.762589928057554, 3.4081632653061225, 1.5103092783505154, 0.9966273187183811, 1.261758691206544, 0.7168554297135243, 0.3180650684931507, 0.20362765229295005, 0.2507828067179049, 0.201811670528755, 0.1846127425725571]
}