{
  "input": [2, 5, 18, 28, 43, 61, 95, 139],
  "lastDate": "20_02_27",
  "lastDateRate": 2.4444444444444446,
  "lastDateRateList": [207, 312, 461, 693, 1033, 1539, 2302, 3429, 5123, 7648, 11410, 17037, 25419, 37942, 56637, 84528, 126174, 188309, 281056, 419502, 626126, 934551, 1394862, 2081888, 3107337, 4637867, 6922325, 10331988, 15421048, 23016761, 34353769, 51275008, 76530979, 114226874, 170490068, 254465948, 379804856, 566880582, 846101830, 1262855330, 1884883203, 2813295073, 4199003162, 6267252080, 9354231776],
  "maxRate": 9.0,
  "maxRateList": [391, 778, 1327, 2182, 3433, 6952, 13954, 25897, 45535, 76432, 139000, 264586, 497659, 907474, 1595362, 2846362, 5227636, 9706567, 17873833, 32232091, 57849349, 104898073, 192257176, 353121673, 643210492, 1163854633, 2107937290, 3838251874, 7016346931, 12805241359],
  "minRate": 2.4444444444444446,
  "minRateList": [207, 312, 461, 693, 1033, 1539, 2302, 3429, 5123, 7648, 11410, 17037, 25419, 37942, 56637, 84528, 126174, 188309, 281056, 419502, 626126, 934551, 1394862, 2081888, 3107337, 4637867, 6922325, 10331988, 15421048, 23016761, 34353769, 51275008, 76530979, 114226874, 170490068, 254465948, 379804856, 566880582, 846101830, 1262855330, 1884883203, 2813295073, 4199003162, 6267252080, 9354231776],
  "province": "Iran",
  "r0": [9.0, 6.8, 2.4444444444444446]
}