{
  "input": [2, 5, 18, 28, 43, 61, 95, 139, 245, 388, 593, 978, 1501, 2336, 2922, 3513, 4747, 5823, 6566, 7161, 8042, 9000, 10075, 11364, 12729],
  "lastDate": "20_03_15",
  "lastDateRate": 0.1906158357771261,
  "lastDateRateList": [14262, 15978, 17898, 20064, 22490, 25209, 28255, 31667, 35492, 39779, 44584, 49970, 56006, 62771, 70354, 78852, 88377, 99053, 111018, 124429, 139459, 156305, 175186, 196348, 220066, 246649, 276443, 309836, 347263, 389211, 436226, 488920, 547980, 614174, 688364, 771516, 864712, 969166, 1086237, 1217450, 1364513, 1529341, 1714079, 1921133, 2153198, 2413296, 2704813, 3031544, 3397742, 3808176, 4268188, 4783768, 5361628, 6009291, 6735190, 7548774, 8460636, 9482647, 10628113, 11911947, 13350863, 14963594, 16771137, 18797024, 21067630, 23612516, 26464814, 29661658, 33244668, 37260492, 41761411, 46806024, 52460006, 58796966, 65899406, 73859792, 82781761, 92781469, 103989102, 116550572, 130629418, 146408933, 164094550, 183916520, 206132905, 231032941, 258940802, 290219822, 325277223, 364569419, 408607956, 457966173, 513286667, 575289657, 644782362, 722669509, 809965114, 907805681, 1017465000, 1140370729, 1278122981, 1432515158, 1605557297, 1799502238, 2016874958, 2260505438, 2533565512, 2839610158, 3182623781, 3567072087, 3997960220, 4480897928, 5022172592, 5628831084, 6308771511, 7070846040, 7924976144],
  "maxRate": 9.0,
  "maxRateList": [85107, 166107, 256782, 359058, 473619, 1239582, 2734545, 5045583, 8277105, 12539676, 23695914, 48306819, 93717066, 168211011, 281068095, 494331321, 929092692, 1772546286, 3286445385, 5816058240, 10265040129],
  "minRate": 0.1846127425725571,
  "minRateList": [14214, 15876, 17736, 19834, 22184, 24808, 27739, 31013, 34675, 38770, 43350, 48471, 54196, 60597, 67754, 75757, 84705, 94710, 105897, 118405, 132391, 148029, 165514, 185064, 206923, 231364, 258692, 289248, 323413, 361614, 404327, 452085, 505484, 565190, 631949, 706593, 790054, 883373, 987714, 1104380, 1234826, 1380680, 1543762, 1726107, 1929990, 2157955, 2412846, 2697844, 3016505, 3372806, 3771192, 4216634, 4714690, 5271575, 5894238, 6590448, 7368892, 8239284, 9212484, 10300635, 11517316, 12877707, 14398784, 16099526, 18001154, 20127397, 22504786, 25162985, 28135163, 31458405, 35174179, 39328849, 43974257, 49168367, 54975989, 61469591, 68730198, 76848406, 85925513, 96074781, 107422851, 120111321, 134298516, 150161461, 167898090, 187729717, 209903797, 234697014, 262418733, 293414860, 328072158, 366823074, 410151133, 458596975, 512765097, 573331398, 641051612, 716770738, 801433583, 896096554, 1001940836, 1120287132, 1252612144, 1400566996, 1565997838, 1750968884, 1957788164, 2189036327, 2447598841, 2736701997, 3059953165, 3421385807, 3825509807, 4277367742, 4782597803, 5347504149, 5979135566, 6685373423, 7475030013, 8357958510],
  "province": "Iran",
  "r0": [9.0, 6.8, 2.4444444444444446, 3.7857142857142856, 3.3255813953488373, 3.360655737704918, 4.052631578947368, 3.762589928057554, 3.4081632653061225, 1.5103092783505154, 0.9966273187183811, 1.261758691206544, 0.7168554297135243, 0.3180650684931507, 0.20362765229295005, 0.2507828067179049, 0.201811670528755, 0.1846127425725571, 0.19631434663417605, 0.1906158357771261]
}