{
  "input": [2, 5, 18, 28, 43, 61, 95, 139, 245],
  "lastDate": "20_02_28",
  "lastDateRate": 3.7857142857142856,
  "lastDateRateList": [408, 639, 999, 1525, 2453, 3998, 6417, 10199, 15972, 25258, 40393, 64686, 103297, 163762, 259382, 412298, 657181, 1048234, 1668190, 2650136, 4210978, 6698878, 10667192, 16982483, 27015141, 42956701, 68316739, 108699680, 172990509, 275262114, 437883911, 696511566, 1108017497, 1762910138, 2804973855, 4462677232, 7099471018, 11294108685],
  "maxRate": 9.0,
  "maxRateList": [632, 1181, 2036, 3287, 5492, 11180, 21809, 40133, 69716, 119144, 219764, 416045, 777242, 1404686, 2476982, 4454858, 8199263, 15194441, 27836615, 50129453, 90223175, 164016542, 300766511, 551296046, 1002461123, 1814469698, 3290618576, 5997517175, 10959181589],
  "minRate": 2.4444444444444446,
  "minRateList": [350, 499, 731, 1071, 1670, 2526, 3746, 5533, 8151, 12233, 18408, 27565, 41090, 61015, 90918, 135915, 203296, 303738, 452886, 675130, 1007367, 1504313, 2246784, 3353839, 5004157, 7466610, 11143820, 16635959, 24834232, 37066616, 55318329, 82558778, 123224456, 183930356, 274537640, 409760222, 611570568, 912785905, 1362393442, 2033485451, 3035121549, 4530071826, 6761326260, 10091621340],
  "province": "Iran",
  "r0": [9.0, 6.8, 2.4444444444444446, 3.7857142857142856]
}