{
  "input": [2, 5, 18, 28, 43, 61, 95, 139, 245, 388, 593, 978, 1501, 2336, 2922, 3513, 4747, 5823, 6566, 7161, 8042],
  "lastDate": "20_03_11",
  "lastDateRate": 0.2507828067179049,
  "lastDateRateList": [9232, 10692, 12339, 14135, 16152, 18467, 21148, 24242, 27787, 31838, 36469, 41773, 47852, 54821, 62805, 71951, 82427, 94427, 108175, 123925, 141969, 162640, 186321, 213449, 244527, 280130, 320917, 367643, 421172, 482495, 552747, 633227, 725426, 831049, 952050, 1090669, 1249471, 1431395, 1639808, 1878566, 2152087, 2465433, 2824402, 3235638, 3706750, 4246456, 4864744, 5573055, 6384497, 7314086, 8379024, 9599018, 10996644, 12597766, 14432013, 16533328, 18940597, 21698366, 24857669, 28476970, 32623244, 37373220, 42814797, 49048673, 56190207, 64371556, 73744117, 84481332, 96781896, 110873434, 127016713, 145510470, 166696936, 190968172, 218773323, 250626931, 287118455, 328923180, 376814714, 431679302, 494532227, 566536599, 649024877, 743523529, 851781276, 975801456, 1117879094, 1280643374, 1467106291, 1680718390, 1925432618, 2205777475, 2526940815, 2894865848, 3316361123, 3799226519, 4352397585, 4986110895, 5712093477, 6543779828, 7496560518, 8588067000],
  "maxRate": 9.0,
  "maxRateList": [50765, 103172, 162266, 226715, 299093, 755978, 1684526, 3144920, 5185355, 7877192, 14680994, 29841728, 58146008, 104814203, 175708931, 307837877, 576413429, 1099727501, 2043055328, 3624435707, 6394976600, 11582697461],
  "minRate": 0.20362765229295005,
  "minRateList": [9009, 10195, 11532, 12990, 14628, 16462, 18538, 20886, 23531, 26510, 29862, 33637, 37890, 42682, 48080, 54161, 61010, 68725, 77416, 87206, 98235, 110658, 124652, 140416, 158174, 178177, 200710, 226093, 254686, 286895, 323177, 364047, 410086, 461947, 520367, 586175, 660305, 743810, 837875, 943836, 1063197, 1197653, 1349113, 1519728, 1711919, 1928415, 2172290, 2447007, 2756466, 3105060, 3497739, 3940077, 4438355, 4999648, 5631924, 6344160, 7146469, 8050241, 9068308, 10215123, 11506969, 12962188, 14601440, 16447998, 18528080, 20871217, 23510677, 26483934, 29833201, 33606030, 37855987, 42643411, 48036272, 54111137, 60954254, 68662780, 77346158, 87127671, 98146195, 110558167, 124539808, 140289625, 158031228, 178016507, 200529207, 225888956, 254455803, 286635331, 322884414, 363717706, 409714944, 461529182, 519896062, 585644257, 659707240, 743136532, 837116636, 942981851, 1062235216, 1196569852, 1347892999, 1518353094, 1710370274, 1926670737, 2170325447, 2444793734, 2753972410, 3102251093, 3494574532, 3936512807, 4434340415, 4995125351, 5626829458, 6338421466, 7140004327, 8042958655],
  "province": "Iran",
  "r0": [9.0, 6.8, 2.4444444444444446, 3.7857142857142856, 3.3255813953488373, 3.360655737704918, 4.052631578947368, 3.762589928057554, 3.4081632653061225, 1.5103092783505154, 0.9966273187183811, 1.261758691206544, 0.7168554297135243, 0.3180650684931507, 0.20362765229295005, 0.2507828067179049]
}