{
  "input": [2, 5, 18, 28, 43, 61, 95, 139, 245, 388, 593],
  "lastDate": "20_03_01",
  "lastDateRate": 3.360655737704918,
  "lastDateRateList": [912, 1379, 2202, 3506, 5499, 8564, 13198, 20598, 32380, 50860, 79641, 123995, 193218, 302036, 472959, 740605, 1157310, 1806649, 2821688, 4411140, 6900058, 10789378, 16860903, 26343625, 41167948, 64356668, 100616053, 157279743, 245811598, 384162899, 600443505, 938579421, 1467142492, 2293230649, 3584269900, 5602153810, 8756396126],
  "maxRate": 9.0,
  "maxRateList": [1448, 2699, 4904, 8396, 13733, 26765, 51056, 95192, 170756, 294353, 535238, 994742, 1851470, 3388274, 6037451, 10854593, 19807271, 36470501, 66964967, 121302026, 218993363, 397258802, 725493311, 1328178014, 2419896248, 4390836515, 7966165733],
  "minRate": 2.4444444444444446,
  "minRateList": [825, 1165, 1764, 2712, 4162, 6179, 9027, 13339, 19968, 30142, 45246, 67312, 99918, 148729, 222409, 333010, 497550, 741794, 1105354, 1649020, 2463044, 3679277, 5492551, 8194527, 12225465, 18246239, 27240027, 40666263, 60697329, 90581799, 135183717, 201770450, 301176871, 449548120, 670970295, 1001419381, 1494636037, 2230846166, 3329741570, 4969891180, 7417805222, 11071359979],
  "province": "Iran",
  "r0": [9.0, 6.8, 2.4444444444444446, 3.7857142857142856, 3.3255813953488373, 3.360655737704918]
}