{
  "input": [2, 5, 18, 28, 43, 61, 95, 139, 245, 388, 593, 978, 1501, 2336, 2922, 3513, 4747, 5823, 6566, 7161, 8042, 9000, 10075, 11364, 12729, 13938, 14991, 16169, 17361, 18407, 19644, 20610, 21638, 23049, 24811],
  "lastDate": "20_03_25",
  "lastDateRate": 0.09572445265388167,
  "lastDateRateList": [26691, 28664, 30735, 32941, 35316, 37871, 40615, 43557, 46710, 50091, 53716, 57604, 61773, 66244, 71039, 76181, 81695, 87608, 93949, 100749, 108041, 115861, 124247, 133240, 142884, 153226, 164317, 176210, 188964, 202641, 217308, 233037, 249905, 267993, 287391, 308193, 330500, 354422, 380075, 407585, 437087, 468724, 502651, 539033, 578049, 619889, 664757, 712873, 764472, 819805, 879144, 942777, 1011016, 1084195, 1162670, 1246826, 1337073, 1433852, 1537636, 1648932, 1768284, 1896275, 2033530, 2180719, 2338562, 2507830, 2689350, 2884009, 3092757, 3316615, 3556676, 3814113, 4090183, 4386235, 4703716, 5044177, 5409281, 5800812, 6220682, 6670943, 7153794, 7671594, 8226874, 8822345, 9460917, 10145710, 10880069, 11667582, 12512096, 13417737, 14388930, 15430419, 16547292, 17745006, 19029412, 20406784, 21883852, 23467832, 25166463, 26988043, 28941471, 31036291, 33282736, 35691782, 38275198, 41045604, 44016536, 47202508, 50619084, 54282956, 58212024, 62425483, 66943917, 71789401, 76985607, 82557921, 88533566, 94941736, 101813737, 109183142, 117085954, 125560781, 134649027, 144395091, 154846588, 166054577, 178073814, 190963018, 204785159, 219607764, 235503247, 252549265, 270829095, 290432042, 311453875, 333997294, 358172434, 384097401, 411898849, 441712601, 473684309, 507970169, 544737682, 584166474, 626449171, 671792342, 720417508, 772562224, 828481240, 888447744, 952754698, 1021716270, 1095669366, 1174975279, 1260021453, 1351223375, 1449026606, 1553908956, 1666382821, 1786997685, 1916342803, 2055050082, 2203797166, 2363310749, 2534370124, 2717810990, 2914529534, 3125486811, 3351713439, 3594314632, 3854475601, 4133467345, 4432652859, 4753493793, 5097557594, 5466525161, 5862199060, 6286512329, 6741537921, 7229498832, 7752778961, 8313934757],
  "maxRate": 9.0,
  "maxRateList": [201607, 387097, 581839, 789280, 1012579, 2827042, 6310915, 11547466, 18650986, 27764197, 53207575, 110005810, 213933004, 381791878, 631669651, 1110537826, 2100590116, 4025987152, 7462114054, 13147140913],
  "minRate": 0.0635784525944709,
  "minRateList": [26060, 27370, 28746, 30211, 31788, 33445, 35185, 37013, 38934, 40955, 43081, 45318, 47671, 50146, 52750, 55489, 58370, 61401, 64589, 67943, 71471, 75182, 79086, 83192, 87512, 92056, 96836, 101864, 107153, 112717, 118570, 124727, 131203, 138016, 145182, 152720, 160650, 168992, 177767, 186997, 196707, 206921, 217665, 228967, 240856, 253362, 266518, 280357, 294914, 310227, 326335, 343280, 361105, 379855, 399579, 420327, 442152, 465110, 489261, 514666, 541390, 569501, 599072, 630178, 662900, 697321, 733529, 771617, 811683, 853829, 898164, 944801, 993859, 1045465, 1099750, 1156854, 1216923, 1280111, 1346580, 1416500, 1490051, 1567421, 1648808, 1734421, 1824480, 1919215, 2018869, 2123698, 2233970, 2349968, 2471989, 2600346, 2735367, 2877399, 3026806, 3183971, 3349297, 3523207, 3706148, 3898588, 4101020, 4313963, 4537963, 4773594, 5021460, 5282197, 5556472, 5844989, 6148487, 6467744, 6803578, 7156850, 7528465, 7919376, 8330585, 8763146, 9218167, 9696815, 10200317, 10729963, 11287110, 11873187, 12489695, 13138215, 13820409, 14538026, 15292905, 16086980, 16922287, 17800967, 18725272, 19697571, 20720356, 21796249, 22928007, 24118531, 25370872, 26688240, 28074012, 29531739, 31065158, 32678199, 34374996, 36159898, 38037480, 40012555, 42090184, 44275693, 46574683, 48993047, 51536983, 54213012, 57027992, 59989138, 63104040, 66380682, 69827461, 73453212, 77267229, 81279286, 85499667, 89939189, 94609231, 99521762, 104689373, 110125310, 115843504, 121858613, 128186053, 134842041, 141843638, 149208789, 156956371, 165106242, 173679290, 182697489, 192183953, 202162996, 212660195, 223702456, 235318080, 247536838, 260390048, 273910654, 288133310, 303094469, 318832478, 335387674, 352802490, 371121560, 390391837, 410662713, 431986142, 454416778, 478012113, 502832622, 528941922, 556406932, 585298048, 615689318, 647658638, 681287947, 716663439, 753875783, 793020357, 834197491, 877512724, 923077076, 971007332, 1021426339, 1074463325, 1130254226, 1188942038, 1250677182, 1315617888, 1383930604, 1455790419, 1531381514, 1610897634, 1694542584, 1782530750, 1875087652, 1972450519, 2074868898, 2182605293, 2295935840, 2415151011, 2540556363, 2672473317, 2811239984, 2957212032, 3110763596, 3272288238, 3442199956, 3620934244, 3808949209, 4006726745, 4214773768, 4433623515, 4663836911, 4906004008, 5160745494, 5428714288, 5710597210, 6007116744, 6319032887, 6647145100, 6992294354, 7355365288, 7737288475, 8139042808],
  "province": "Iran",
  "r0": [9.0, 6.8, 2.4444444444444446, 3.7857142857142856, 3.3255813953488373, 3.360655737704918, 4.052631578947368, 3.762589928057554, 3.4081632653061225, 1.5103092783505154, 0.9966273187183811, 1.261758691206544, 0.7168554297135243, 0.3180650684931507, 0.20362765229295005, 0.2507828067179049, 0.201811670528755, 0.1846127425725571, 0.19631434663417605, 0.1906158357771261, 0.1503357373787615, 0.117, 0.11692307692307692, 0.10489264343541006, 0.08217456202372535, 0.08875017936576267, 0.06443866319791876, 0.0635784525944709, 0.08127412015436898, 0.09572445265388167]
}