{
  "input": [2, 5, 18, 28, 43, 61, 95, 139, 245, 388, 593, 978, 1501, 2336, 2922, 3513, 4747, 5823, 6566, 7161, 8042, 9000, 10075, 11364, 12729, 13938, 14991, 16169, 17361, 18407, 19644],
  "lastDate": "20_03_21",
  "lastDateRate": 0.08875017936576267,
  "lastDateRateList": [20974, 22409, 23950, 25584, 27327, 29188, 31177, 33303, 35574, 37999, 40589, 43356, 46312, 49469, 52841, 56443, 60291, 64401, 68791, 73481, 78490, 83841, 89557, 95662, 102183, 109149, 116590, 124538, 133028, 142097, 151784, 162131, 173184, 184990, 197601, 211072, 225461, 240831, 257249, 274786, 293519, 313529, 334903, 357734, 382121, 408171, 435997, 465720, 497469, 531382, 567607, 606302, 647635, 691785, 738945, 789320, 843129, 900607, 962003, 1027585, 1097637, 1172465, 1252394, 1337772, 1428970, 1526385, 1630441, 1741591, 1860319, 1987140, 2122607, 2267309, 2421876, 2586980, 2763339, 2951721, 3152945, 3367887, 3597482, 3842729, 4104695, 4384519, 4683420, 5002697, 5343740, 5708032, 6097159, 6512813, 6956803, 7431061, 7937650, 8478774, 9056787, 9674205, 10333713, 11038181, 11790674, 12594465, 13453052, 14370171, 15349812, 16396236, 17513997, 18707958, 19983313, 21345612, 22800781, 24355151, 26015486, 27789009, 29683436, 31707009, 33868533, 36177412, 38643692, 41278102, 44092105, 47097943, 50308695, 53738330, 57401769, 61314951, 65494902, 69959808, 74729094, 79823511, 85265224, 91077908, 97286854, 103919074, 111003425, 118570729, 126653910, 135288136, 144510972, 154362546, 164885719, 176126276, 188133122, 200958497, 214658201, 229291838, 244923077, 261619925, 279455028, 298505982, 318855674, 340592641, 363811456, 388613140, 415105599, 443404097, 473631755, 505920087, 540409573, 577250269, 616602462, 658637365, 703537863, 751499310, 802730375, 857453954, 915908138, 978347250, 1045042949, 1116285414, 1192384606, 1273671618, 1360500112, 1453247861, 1552318392, 1658142740, 1771181325, 1891925954, 2020901962, 2158670498, 2305830964, 2463023624, 2630932392, 2810287804, 3001870198, 3206513110, 3425106898, 3658602620, 3908016167, 4174432686, 4459011300, 4762990152, 5087691791, 5434528927, 5805010577, 6200748630, 6623464860, 7074998419, 7557313836, 8072509566],
  "maxRate": 9.0,
  "maxRateList": [154563, 300084, 456333, 621996, 798792, 2189859, 4890615, 8997612, 14595576, 21784704, 41493435, 85508970, 166487478, 297847662, 493909998, 867350913, 1636931643, 3135318945, 5815947903, 10261137885],
  "minRate": 0.08217456202372535,
  "minRateList": [20876, 22205, 23632, 25145, 26759, 28474, 30299, 32241, 34307, 36506, 38846, 41336, 43985, 46804, 49804, 52996, 56393, 60007, 63853, 67946, 72301, 76935, 81866, 87113, 92696, 98637, 104959, 111686, 118844, 126461, 134566, 143191, 152369, 162135, 172527, 183585, 195352, 207873, 221196, 235373, 250459, 266512, 283594, 301771, 321113, 341694, 363595, 386899, 411697, 438084, 466163, 496041, 527834, 561665, 597664, 635971, 676733, 720108, 766263, 815376, 867637, 923247, 982422, 1045389, 1112392, 1183690, 1259557, 1340287, 1426191, 1517601, 1614870, 1718374, 1828511, 1945708, 2070416, 2203117, 2344324, 2494581, 2654469, 2824605, 3005645, 3198289, 3403280, 3621410, 3853521, 4100509, 4363327, 4642990, 4940578, 5257239, 5594197, 5952751, 6334287, 6740277, 7172288, 7631989, 8121154, 8641671, 9195550, 9784930, 10412085, 11079437, 11789563, 12545203, 13349275, 14204884, 15115332, 16084134, 17115031, 18212002, 19379282, 20621378, 21943085, 23349505, 24846068, 26438552, 28133105, 29936268, 31855003, 33896718, 36069294, 38381120, 40841120, 43458791, 46244239, 49208217, 52362169, 55718270, 59289477, 63089577, 67133241, 71436079, 76014703, 80886790, 86071148, 91587793, 97458022, 103704497, 110351334, 117424193, 124950380, 132958950, 141480822, 150548895, 160198177, 170465920, 181391763, 193017888, 205389178, 218553393, 232561355, 247467144, 263328304, 280206070, 298165599, 317276226, 337611730, 359250618, 382276429, 406778057, 432850092, 460593188, 490114450, 521527848, 554954657, 590523924, 628372967, 668647907, 711504229, 757107385, 805633430, 857269703, 912215552, 970683100, 1032898068, 1099100642, 1169546404, 1244507317, 1324272776, 1409150722, 1499468836, 1595575800, 1697842644, 1806664179, 1922460522, 2045678717, 2176794460, 2316313936, 2464775774, 2622753125, 2790855878, 2969733009, 3160075092, 3362616962, 3578140551, 3807477910, 4051514419, 4311192206, 4587513782, 4881545915, 5194423745, 5527355168, 5881625499, 6258602435, 6659741333, 7086590829, 7540798819, 8024118818],
  "province": "Iran",
  "r0": [9.0, 6.8, 2.4444444444444446, 3.7857142857142856, 3.3255813953488373, 3.360655737704918, 4.052631578947368, 3.762589928057554, 3.4081632653061225, 1.5103092783505154, 0.9966273187183811, 1.261758691206544, 0.7168554297135243, 0.3180650684931507, 0.20362765229295005, 0.2507828067179049, 0.201811670528755, 0.1846127425725571, 0.19631434663417605, 0.1906158357771261, 0.1503357373787615, 0.117, 0.11692307692307692, 0.10489264343541006, 0.08217456202372535, 0.08875017936576267]
}