{
  "input": [4, 6, 9, 10, 33, 35, 44, 49, 53, 60, 62, 72],
  "lastDate": "20_03_25",
  "lastDateRate": 0.22727272727272727,
  "lastDateRateList": [83, 95, 109, 123, 139, 158, 180, 205, 233, 265, 301, 342, 389, 442, 502, 570, 648, 736, 836, 950, 1080, 1227, 1394, 1584, 1800, 2045, 2324, 2641, 3001, 3410, 3875, 4403, 5003, 5685, 6460, 7341, 8342, 9479, 10771, 12239, 13907, 15803, 17957, 20405, 23187, 26348, 29940, 34021, 38659, 43929, 49917, 56722, 64454, 73240, 83224, 94569, 107460, 122109, 138754, 157669, 179162, 203585, 231337, 262872, 298706, 339425, 385694, 438271, 498015, 565903, 643045, 730703, 830310, 943495, 1072109, 1218256, 1384325, 1573032, 1787463, 2031124, 2308000, 2622619, 2980126, 3386368, 3847987, 4372532, 4968582, 5645883, 6415512, 7290055, 8283812, 9413035, 10696190, 12154261, 13811092, 15693777, 17833103, 20264055, 23026387, 26165272, 29732040, 33785018, 38390485, 43623755, 49570408, 56327690, 64006103, 72731213, 82645703, 93911705, 106713453, 121260295, 137790116, 156573230, 177916799, 202169857, 229729015, 261044950, 296629775, 337065411, 383013106, 435224246, 494552644, 561968502, 638574277, 725622710, 824537311, 936935639, 1064655753, 1209786271, 1374700523, 1562095366, 1775035284, 2017002501, 2291953926, 2604385863, 2959407537, 3362824647, 3821234306, 4342132926, 4934038804, 5606631426, 6370909755, 7239372097, 8226220489],
  "maxRate": 1.5,
  "maxRateList": [146, 226, 316, 409, 517, 736, 1075, 1549, 2163, 2939, 4043, 5656, 7980, 11225, 15634, 21699, 30183, 42153, 58991, 82442, 114991, 160266, 223496, 311983, 435646, 608133, 848532, 1183776, 1651751, 2305220, 3217420, 4490218, 6265882, 8743509, 12201339, 17027469, 23762796, 33161619, 46276883, 64578892, 90120096, 125764290, 175506719, 244922044, 341790382, 476970526, 665616961, 928877040, 1296260106, 1808945679, 2524401468, 3522826910, 4916142470, 6860532629, 9573951148],
  "minRate": 0.05714285714285714,
  "minRateList": [75, 78, 81, 85, 89, 93, 97, 102, 107, 112, 117, 123, 129, 135, 141, 148, 155, 162, 170, 178, 186, 195, 204, 214, 224, 235, 246, 258, 270, 283, 296, 310, 325, 340, 356, 373, 391, 410, 429, 449, 470, 492, 515, 540, 566, 593, 621, 650, 681, 713, 747, 782, 819, 858, 899, 942, 987, 1034, 1083, 1134, 1188, 1244, 1303, 1365, 1430, 1498, 1569, 1643, 1721, 1803, 1889, 1979, 2073, 2171, 2274, 2382, 2495, 2613, 2737, 2867, 3003, 3146, 3295, 3451, 3615, 3787, 3967, 4155, 4352, 4559, 4775, 5002, 5239, 5488, 5749, 6022, 6308, 6607, 6921, 7250, 7594, 7954, 8332, 8727, 9141, 9575, 10030, 10506, 11005, 11527, 12074, 12647, 13247, 13876, 14535, 15225, 15948, 16705, 17498, 18329, 19199, 20110, 21065, 22065, 23112, 24209, 25358, 26562, 27823, 29144, 30527, 31976, 33494, 35084, 36749, 38493, 40320, 42234, 44239, 46339, 48539, 50843, 53256, 55784, 58432, 61206, 64111, 67154, 70342, 73681, 77178, 80841, 84678, 88698, 92908, 97318, 101937, 106776, 111844, 117153, 122714, 128539, 134640, 141031, 147725, 154737, 162082, 169776, 177835, 186276, 195118, 204380, 214081, 224243, 234887, 246037, 257716, 269949, 282763, 296185, 310244, 324971, 340397, 356555, 373480, 391208, 409778, 429229, 449604, 470946, 493301, 516717, 541244, 566936, 593847, 622036, 651563, 682491, 714887, 748821, 784366, 821598, 860597, 901448, 944238, 989059, 1036007, 1085184, 1136695, 1190651, 1247169, 1306369, 1368380, 1433334, 1501371, 1572638, 1647288, 1725481, 1807386, 1893179, 1983044, 2077175, 2175774, 2279053, 2387235, 2500552, 2619248, 2743578, 2873810, 3010223, 3153112, 3302783, 3459559, 3623777, 3795790, 3975968, 4164698, 4362387, 4569460, 4786362, 5013560, 5251543, 5500822, 5761934, 6035440, 6321929, 6622017, 6936350, 7265603, 7610485, 7971738, 8350139, 8746502, 9161679, 9596564, 10052092, 10529243, 11029043, 11552568, 12100943, 12675348, 13277019, 13907250, 14567397, 15258879, 15983185, 16741872, 17536572, 18368995, 19240931, 20154256, 21110934, 22113024, 23162681, 24262163, 25413835, 26620174, 27883775, 29207357, 30593766, 32045985, 33567138, 35160497, 36829489, 38577704, 40408903, 42327025, 44336196, 46440738, 48645178, 50954258, 53372945, 55906442, 58560198, 61339922, 64251594, 67301477, 70496131, 73842428, 77347566, 81019086, 84864885, 88893235, 93112802, 97532663, 102162325, 107011747, 112091360, 117412092, 122985387, 128823234, 134938191, 141343412, 148052674, 155080410, 162441738, 170152492, 178229258, 186689411, 195551149, 204833534, 214556534, 224741063, 235409029, 246583380, 258288153, 270548526, 283390872, 296842817, 310933296, 325692619, 341152535, 357346299, 374308746, 392076363, 410687370, 430181801, 450601590, 471990661, 494395025, 517862875, 542444692, 568193354, 595164249, 623415393, 653007557, 684004397, 716472589, 750481975, 786105712, 823420430, 862506396, 903447687, 946332371, 991252697, 1038305293, 1087591373, 1139216955, 1193293090, 1249936101, 1309267832, 1371415910, 1436514022, 1504702199, 1576127119, 1650942424, 1729309047, 1811395563, 1897378546, 1987442953, 2081782520, 2180600180, 2284108498, 2392530129, 2506098298, 2625057299, 2749663024, 2880183510, 3016899517, 3160105134, 3310108408, 3467232009, 3631813924, 3804208182, 3984785618, 4173934670, 4372062213, 4579594437, 4796977762, 5024679797, 5263190350, 5513022476, 5774713587, 6048826602, 6335951162, 6636704896, 6951734752, 7281718386, 7627365620, 7989419972],
  "province": "Kazakhstan",
  "r0": [0.5, 1.5, 0.5555555555555556, 0.4, 0.21212121212121213, 0.05714285714285714, 0.22727272727272727]
}