{
  "input": [4, 6, 9, 10, 33, 35, 44, 49],
  "lastDate": "20_03_21",
  "lastDateRate": 0.5555555555555556,
  "lastDateRateList": [55, 73, 92, 116, 143, 174, 215, 266, 330, 409, 506, 625, 773, 956, 1183, 1464, 1811, 2240, 2771, 3428, 4241, 5247, 6491, 8030, 9934, 12290, 15205, 18811, 23272, 28791, 35619, 44066, 54517, 67446, 83441, 103229, 127710, 157997, 195467, 241823, 299172, 370122, 457898, 566491, 700837, 867044, 1072667, 1327055, 1641772, 2031126, 2512817, 3108743, 3845996, 4758092, 5886495, 7282504, 9009583, 11146247, 13789631, 17059906, 21105742, 26111066, 32303425, 39964331, 49442057, 61167469, 75673617, 93619964, 115822370, 143290179, 177272106, 219313004, 271324095, 335669856, 415275511, 513760014, 635600572, 786336180, 972819433, 1203528050, 1488950280, 1842061709, 2278915142, 2819370383, 3487997077, 4315191677, 5338559293, 6604623261, 8170940140],
  "maxRate": 1.5,
  "maxRateList": [64, 114, 167, 233, 307, 403, 574, 825, 1175, 1636, 2241, 3102, 4340, 6103, 8557, 11919, 16572, 23082, 32237, 45073, 62952, 87810, 122433, 170789, 238399, 332827, 464542, 648192, 904376, 1261975, 1761216, 2458029, 3430317, 4786881, 6679844, 9321668, 13008712, 18154188, 25334510, 35354276, 49336778, 68849846, 96081128, 134082893, 187114307, 261119474, 364394243, 508515935, 709640275, 990311736, 1381990947, 1928582312, 2691356215, 3755816628, 5241284232, 7314270653, 10207144121],
  "minRate": 0.5,
  "minRateList": [54, 71, 89, 111, 136, 163, 199, 244, 300, 368, 450, 550, 672, 822, 1006, 1231, 1506, 1842, 2253, 2756, 3372, 4125, 5046, 6173, 7551, 9237, 11300, 13823, 16910, 20686, 25305, 30955, 37867, 46322, 56665, 69318, 84796, 103730, 126891, 155224, 189883, 232281, 284146, 347592, 425204, 520146, 636287, 778360, 952156, 1164758, 1424831, 1742975, 2132155, 2608233, 3190612, 3903028, 4774516, 5840594, 7144711, 8740017, 10691531, 13078789, 15999086, 19571442, 23941451, 29287217, 35826612, 43826155, 53611876, 65582602, 80226211, 98139517, 120052595, 146858533, 179649834, 219762940, 268832699, 328858997, 402288264, 492113181, 601994651, 736411001, 900840500, 1101984632, 1348041223, 1649038549, 2017244050, 2467664300, 3018656616, 3692677228, 4517196503, 5525818528, 6759650678, 8268978986],
  "province": "Kazakhstan",
  "r0": [0.5, 1.5, 0.5555555555555556]
}