{
  "input": [4, 6, 9, 10, 33, 35, 44, 49, 53, 60],
  "lastDate": "20_03_23",
  "lastDateRate": 0.21212121212121213,
  "lastDateRateList": [67, 76, 86, 97, 110, 124, 140, 158, 179, 202, 228, 258, 292, 330, 373, 421, 476, 538, 608, 687, 776, 877, 991, 1120, 1266, 1431, 1617, 1827, 2065, 2334, 2638, 2981, 3369, 3807, 4302, 4862, 5494, 6209, 7017, 7930, 8961, 10126, 11443, 12931, 14613, 16514, 18662, 21089, 23832, 26932, 30435, 34394, 38867, 43922, 49635, 56091, 63387, 71632, 80949, 91478, 103376, 116822, 132017, 149188, 168592, 190520, 215300, 243304, 274950, 310712, 351125, 396795, 448405, 506728, 572637, 647118, 731287, 826403, 933891, 1055359, 1192626, 1347747, 1523045, 1721143, 1945007, 2197988, 2483874, 2806944, 3172035, 3584612, 4050852, 4577734, 5173146, 5846002, 6606374, 7465646, 8436680, 9534014, 10774075, 12175427, 13759049, 15548648, 17571015, 19856425, 22439091, 25357677, 28655875, 32383060, 36595029, 41354836, 46733737, 52812256, 59681390, 67443972, 76216210, 86129427, 97332027, 109991716, 124298013, 140465088, 158734966, 179381154, 202712730, 229078975, 258874600, 292545653, 330596201, 373595871, 422188381, 477101175, 539156314, 609282781, 688530390, 778085501, 879288781, 993655272, 1122897074, 1268948975, 1433997415, 1620513217, 1831288578, 2069478866, 2338649861, 2642831131, 2986576359, 3375031512, 3814011878, 4310089121, 4870689664, 5504205861, 6220121636, 7029154459, 7943415788],
  "maxRate": 1.5,
  "maxRateList": [113, 179, 253, 333, 423, 593, 862, 1242, 1742, 2377, 3267, 4560, 6423, 9036, 12602, 17503, 24343, 33978, 47532, 66435, 92690, 129205, 180172, 251470, 351123, 490158, 683966, 954224, 1331429, 1858114, 2593351, 3619300, 5050636, 7047780, 9834951, 13724978, 19153928, 26729882, 37301552, 52053979, 72641446, 101372338, 141467161, 197419489, 275500458, 384462627, 536521134, 748721876, 1044851110, 1458101797, 2034795738, 2839577439, 3962660253, 5529936918, 7717089614, 10769283221],
  "minRate": 0.21212121212121213,
  "minRateList": [67, 76, 86, 97, 110, 124, 140, 158, 179, 202, 228, 258, 292, 330, 373, 421, 476, 538, 608, 687, 776, 877, 991, 1120, 1266, 1431, 1617, 1827, 2065, 2334, 2638, 2981, 3369, 3807, 4302, 4862, 5494, 6209, 7017, 7930, 8961, 10126, 11443, 12931, 14613, 16514, 18662, 21089, 23832, 26932, 30435, 34394, 38867, 43922, 49635, 56091, 63387, 71632, 80949, 91478, 103376, 116822, 132017, 149188, 168592, 190520, 215300, 243304, 274950, 310712, 351125, 396795, 448405, 506728, 572637, 647118, 731287, 826403, 933891, 1055359, 1192626, 1347747, 1523045, 1721143, 1945007, 2197988, 2483874, 2806944, 3172035, 3584612, 4050852, 4577734, 5173146, 5846002, 6606374, 7465646, 8436680, 9534014, 10774075, 12175427, 13759049, 15548648, 17571015, 19856425, 22439091, 25357677, 28655875, 32383060, 36595029, 41354836, 46733737, 52812256, 59681390, 67443972, 76216210, 86129427, 97332027, 109991716, 124298013, 140465088, 158734966, 179381154, 202712730, 229078975, 258874600, 292545653, 330596201, 373595871, 422188381, 477101175, 539156314, 609282781, 688530390, 778085501, 879288781, 993655272, 1122897074, 1268948975, 1433997415, 1620513217, 1831288578, 2069478866, 2338649861, 2642831131, 2986576359, 3375031512, 3814011878, 4310089121, 4870689664, 5504205861, 6220121636, 7029154459, 7943415788],
  "province": "Kazakhstan",
  "r0": [0.5, 1.5, 0.5555555555555556, 0.4, 0.21212121212121213]
}