{
  "input": [1, 1, 1, 4, 4, 7, 7, 7, 7, 7, 19, 20, 5],
  "lastDate": "20_03_25",
  "lastDateRate": -2.142857142857143,
  "lastDateRateList": [-10, -25, -66, -109, -120, -99, -45, 96, 330, 587, 799, 895, 689, -18, -1276, -2988, -4906, -6382, -6343, -3609, 2794, 13307, 26983, 40575, 48309, 42322, 13807, -44014, -130960, -234479, -325169, -354755, -260439, 20190, 522645, 1219436, 1979625, 2537709, 2494445, 1374491, -1238586, -5480640, -10918588, -16263827, -19209165, -16555052, -4810823, 18586151, 53437209, 94599705, 130074816, 140383722, 100556256, -13952049, -216665703, -495397452, -796219713, -1011697404, -981800156, -517516507, 544049462, 2250234561, 4418157570, 6522015047, 7630978991, 6465158715, 1643227513, -7824252994, -21799999523, -38152097361, -52006008893, -55527210707, -38760954291, 7953330401],
  "maxRate": 3.0,
  "maxRateList": [26, 47, 104, 164, 179, 257, 398, 710, 1202, 1739, 2510, 3704, 5834, 9440, 14657, 22187, 33299, 50801, 79121, 123092, 189653, 289550, 441953, 679316, 1048592, 1617551, 2486201, 3812060, 5850008, 8995784, 13848437, 21307040, 32743220, 50293244, 77280596, 118825907, 182747027, 280976687, 431856419, 663698207, 1020175928, 1568417009, 2411347070, 3706916327, 5698010948, 8758538732],
  "minRate": -2.142857142857143,
  "minRateList": [-10, -25, -66, -109, -120, -99, -45, 96, 330, 587, 799, 895, 689, -18, -1276, -2988, -4906, -6382, -6343, -3609, 2794, 13307, 26983, 40575, 48309, 42322, 13807, -44014, -130960, -234479, -325169, -354755, -260439, 20190, 522645, 1219436, 1979625, 2537709, 2494445, 1374491, -1238586, -5480640, -10918588, -16263827, -19209165, -16555052, -4810823, 18586151, 53437209, 94599705, 130074816, 140383722, 100556256, -13952049, -216665703, -495397452, -796219713, -1011697404, -981800156, -517516507, 544049462, 2250234561, 4418157570, 6522015047, 7630978991, 6465158715, 1643227513, -7824252994, -21799999523, -38152097361, -52006008893, -55527210707, -38760954291, 7953330401],
  "province": "Guyana",
  "r0": [3.0, 0.0, 0.0, 0.0, 0.0, 1.7142857142857142, 0.14285714285714285, -2.142857142857143]
}