{
  "input": [3, 3, 12, 14, 28, 36],
  "lastDate": "20_03_24",
  "lastDateRate": 2.6666666666666665,
  "lastDateRateList": [44, 76, 113, 188, 284, 401, 604, 905, 1406, 2163, 3232, 4843, 7256, 11005, 16773, 25392, 38307, 57656, 87003, 131731, 199443, 301595, 455344, 687352, 1038635, 1570483, 2374736, 3588987, 5421926, 8191619, 12379574, 18712203, 28282835, 42741304, 64585621, 97597818, 147497026, 222917919, 336894730, 509123053, 769383901, 1162709304, 1757157088, 2655543035, 4013204510, 6064894913, 9165453057],
  "maxRate": 2.6666666666666665,
  "maxRateList": [44, 76, 113, 188, 284, 401, 604, 905, 1406, 2163, 3232, 4843, 7256, 11005, 16773, 25392, 38307, 57656, 87003, 131731, 199443, 301595, 455344, 687352, 1038635, 1570483, 2374736, 3588987, 5421926, 8191619, 12379574, 18712203, 28282835, 42741304, 64585621, 97597818, 147497026, 222917919, 336894730, 509123053, 769383901, 1162709304, 1757157088, 2655543035, 4013204510, 6064894913, 9165453057],
  "minRate": 2.6666666666666665,
  "minRateList": [44, 76, 113, 188, 284, 401, 604, 905, 1406, 2163, 3232, 4843, 7256, 11005, 16773, 25392, 38307, 57656, 87003, 131731, 199443, 301595, 455344, 687352, 1038635, 1570483, 2374736, 3588987, 5421926, 8191619, 12379574, 18712203, 28282835, 42741304, 64585621, 97597818, 147497026, 222917919, 336894730, 509123053, 769383901, 1162709304, 1757157088, 2655543035, 4013204510, 6064894913, 9165453057],
  "province": "Mauritius",
  "r0": [2.6666666666666665]
}