{
  "input": [3, 3, 12, 14, 28, 36, 42],
  "lastDate": "20_03_25",
  "lastDateRate": 2.0,
  "lastDateRateList": [66, 94, 150, 222, 306, 438, 626, 926, 1370, 1982, 2858, 4110, 5962, 8702, 12666, 18382, 26602, 38526, 55930, 81262, 118026, 171230, 248282, 360142, 522666, 758718, 1101178, 1597742, 2318026, 3363358, 4880794, 7083150, 10278634, 14914686, 21641402, 31402990, 45569290, 66126558, 95955930, 139238734, 202044714, 293183294, 425436410, 617348270, 895825738, 1299915166, 1886281754, 2737154574, 3971851114, 5763502590, 8363332922],
  "maxRate": 2.6666666666666665,
  "maxRateList": [74, 111, 186, 282, 394, 591, 887, 1383, 2135, 3186, 4762, 7127, 10815, 16508, 25004, 37703, 56708, 85548, 129569, 196246, 296787, 448008, 676136, 1021653, 1544976, 2336408, 3531096, 5334125, 8058533, 12178469, 18408890, 27825146, 42049479, 63538900, 96014817, 145105190, 219305579, 331437523, 500874590, 756914102, 1143861275, 1728676152, 2612509547, 3948175120, 5966612725, 9016909458],
  "minRate": 2.0,
  "minRateList": [66, 94, 150, 222, 306, 438, 626, 926, 1370, 1982, 2858, 4110, 5962, 8702, 12666, 18382, 26602, 38526, 55930, 81262, 118026, 171230, 248282, 360142, 522666, 758718, 1101178, 1597742, 2318026, 3363358, 4880794, 7083150, 10278634, 14914686, 21641402, 31402990, 45569290, 66126558, 95955930, 139238734, 202044714, 293183294, 425436410, 617348270, 895825738, 1299915166, 1886281754, 2737154574, 3971851114, 5763502590, 8363332922],
  "province": "Mauritius",
  "r0": [2.6666666666666665, 2.0]
}