{
  "input": [1, 1, 1, 1, 5, 12, 19, 35, 46, 48, 55, 65, 83],
  "lastDate": "20_03_19",
  "lastDateRate": 0.5142857142857142,
  "lastDateRateList": [107, 132, 160, 193, 236, 291, 359, 441, 540, 661, 811, 996, 1223, 1501, 1841, 2258, 2770, 3399, 4171, 5118, 6279, 7704, 9452, 11597, 14229, 17458, 21420, 26281, 32245, 39563, 48541, 59557, 73073, 89656, 110003, 134967, 165596, 203176, 249285, 305858, 375270, 460434, 564925, 693129, 850427, 1043423, 1280218, 1570751, 1927217, 2364579, 2901197, 3559595, 4367410, 5358550, 6574619, 8066663, 9897312, 12143409, 14899235, 18280468, 22429038, 27519084, 33764266, 41426730, 50828114, 62363048, 76515720, 93880200, 115185375, 141325548, 173397973, 212748915, 261030161, 320268354, 392950064, 482126164, 591539892, 725783975, 890493414, 1092582018, 1340532617, 1644753133, 2018013463, 2475981504, 3037880828, 3727297602, 4573170642, 5611006137, 6884368053, 8446706765],
  "maxRate": 16.0,
  "maxRateList": [819, 1587, 2467, 3507, 4835, 17939, 43331, 82803, 138915, 216275, 503299, 1196595, 2521443, 4744083, 8204483, 16257267, 35402787, 75745875, 151651203, 282922931, 543039203, 1109483795, 2321417795, 4747837043, 9274603939],
  "minRate": 0.4,
  "minRateList": [101, 120, 142, 168, 201, 241, 289, 346, 413, 493, 589, 705, 843, 1008, 1205, 1441, 1723, 2060, 2463, 2945, 3521, 4210, 5034, 6019, 7197, 8605, 10289, 12303, 14711, 17590, 21032, 25148, 30069, 35953, 42989, 51402, 61461, 73489, 87870, 105066, 125627, 150211, 179607, 214755, 256781, 307032, 367116, 438959, 524861, 627573, 750386, 897232, 1072816, 1282760, 1533789, 1833943, 2192836, 2621962, 3135066, 3748582, 4482159, 5359293, 6408078, 7662104, 9161537, 10954401, 13098118, 15661349, 18726191, 22390806, 26772566, 32011813, 38276353, 45766829, 54723151, 65432177, 78236902, 93547443, 111854175, 133743435, 159916306, 191211067, 228630044, 273371714, 326869088, 390835610, 467320037, 558772055, 668120741, 798868376, 955202620, 1142130635, 1365639457, 1632887753, 1952435103, 2334516151, 2791368405, 3337624188, 3990779289, 4771753330, 5705559790, 6822107152, 8157156827],
  "province": "Serbia",
  "r0": [7.0, 7.0, 16.0, 11.0, 0.4, 0.5833333333333334, 0.5263157894736842, 0.5142857142857142]
}