{
  "input": [1, 1, 1, 1, 5, 12, 19, 35, 46, 48, 55, 65, 83, 103],
  "lastDate": "20_03_20",
  "lastDateRate": 0.43478260869565216,
  "lastDateRateList": [124, 148, 176, 212, 257, 311, 375, 452, 544, 656, 791, 954, 1151, 1388, 1673, 2017, 2432, 2932, 3535, 4262, 5139, 6196, 7471, 9008, 10861, 13095, 15789, 19037, 22954, 27676, 33369, 40234, 48511, 58491, 70524, 85032, 102525, 123617, 149048, 179711, 216681, 261257, 315004, 379807, 457942, 552151, 665741, 802699, 967832, 1166937, 1407003, 1696456, 2045456, 2466253, 2973617, 3585357, 4322947, 5212276, 6284560, 7577437, 9136288, 11015830, 13282037, 16014454, 19308992, 23281291, 28070782, 33845581, 40808387, 49203601, 59325901, 71530589, 86246059, 103988836, 125381706, 151175576, 182275832, 219774119, 264986656, 319500441, 385228952, 464479314, 560033279, 675244869, 814158104, 981648953, 1183596481, 1427089211, 1720673937, 2074655721, 2501459614, 3016066780, 3636540350, 4384659453, 5286683680, 6374274817, 7685608200, 9266712700],
  "maxRate": 16.0,
  "maxRateList": [871, 1751, 2791, 4119, 5767, 19703, 47719, 92375, 158279, 250551, 565799, 1329303, 2807303, 5339767, 9348583, 18401367, 39670215, 84587063, 170023335, 319600663, 614022535, 1248745975, 2602138983, 5322512343, 10436122951],
  "minRate": 0.4,
  "minRateList": [122, 144, 170, 203, 244, 293, 351, 419, 500, 598, 715, 855, 1023, 1223, 1462, 1748, 2090, 2499, 2988, 3573, 4272, 5108, 6108, 7303, 8732, 10441, 12484, 14927, 17848, 21341, 25517, 30511, 36482, 43621, 52157, 62364, 74568, 89161, 106609, 127472, 152418, 182245, 217909, 260553, 311542, 372509, 445407, 532571, 636792, 761409, 910413, 1088576, 1301604, 1556321, 1860885, 2225050, 2660480, 3181122, 3803650, 4548004, 5438024, 6502216, 7774665, 9296125, 11115327, 13290537, 15891423, 19001289, 22719739, 27165870, 32482085, 38838654, 46439170, 55527066, 66393414, 79386248, 94921710, 113497378, 135708204, 162265570, 194020069, 231988753, 277387704, 331670986, 396577214, 474185242, 566980743, 677935825, 810604219, 969235105, 1158909202, 1385701499, 1656875829, 1981117517, 2368811559, 2832375240, 3386655840, 4049406172, 4841853179, 5789377803, 6922327899, 8276990235],
  "province": "Serbia",
  "r0": [7.0, 7.0, 16.0, 11.0, 0.4, 0.5833333333333334, 0.5263157894736842, 0.5142857142857142, 0.43478260869565216]
}