{
  "input": [1, 1, 1, 1, 5, 12, 19, 35, 46, 48, 55, 65],
  "lastDate": "20_03_18",
  "lastDateRate": 0.5263157894736842,
  "lastDateRateList": [83, 107, 132, 161, 195, 239, 295, 364, 449, 552, 678, 833, 1025, 1261, 1552, 1909, 2347, 2886, 3550, 4367, 5372, 6607, 8126, 9994, 12292, 15119, 18596, 22873, 28133, 34602, 42559, 52346, 64384, 79191, 97403, 119802, 147353, 181239, 222918, 274183, 337237, 414791, 510180, 627505, 771812, 949305, 1167616, 1436132, 1766398, 2172615, 2672249, 3286784, 4042643, 4972326, 6115808, 7522255, 9252141, 11379848, 13996862, 17215708, 21174790, 26044338, 32033732, 39400501, 48461400, 59606026, 73313572, 90173431, 110910537, 136416537, 167788130, 206374221, 253833922, 312207889, 384006066, 472315608, 580933619, 714530420, 878850362, 1080958818, 1329545980, 1635300516, 2011369158, 2473921980, 3042847674, 3742608716, 4603293198, 5661908544, 6963972744, 8565471520],
  "maxRate": 16.0,
  "maxRateList": [625, 1361, 2129, 3009, 4049, 14049, 35825, 69889, 118033, 182817, 407601, 980801, 2099025, 3987553, 6912625, 13434241, 29127057, 62711457, 126512305, 237114305, 452062161, 918095073, 1921478385, 3945675265, 7739504145, 14972498721],
  "minRate": 0.4,
  "minRateList": [79, 97, 116, 138, 164, 196, 235, 281, 336, 402, 480, 574, 686, 820, 981, 1173, 1403, 1677, 2005, 2397, 2866, 3427, 4098, 4900, 5859, 7005, 8376, 10015, 11975, 14319, 17121, 20471, 24477, 29267, 34995, 41843, 50031, 59822, 71529, 85527, 102264, 122276, 146205, 174817, 209028, 249934, 298844, 357326, 427253, 510864, 610838, 730376, 873306, 1044207, 1248553, 1492888, 1785038, 2134360, 2552043, 3051464, 3648619, 4362634, 5216378, 6237195, 7457781, 8917229, 10662283, 12748834, 15243712, 18226824, 21793716, 26058629, 31158163, 37255648, 44546378, 53263864, 63687316, 76150581, 91052840, 108871391, 130176937, 155651863, 186112095, 222533231, 266081787, 318152562, 380413307, 454858145, 543871437, 650304152, 777565177, 929730500, 1111673758, 1329222333, 1589343994, 1900370065, 2272262265, 2716931768, 3248620701, 3884358299, 4644506325, 5553411231, 6640183938, 7939632218],
  "province": "Serbia",
  "r0": [7.0, 7.0, 16.0, 11.0, 0.4, 0.5833333333333334, 0.5263157894736842]
}