{
  "input": [1, 1, 1, 1, 5, 12, 19, 35, 46, 48, 55, 65, 83, 103, 135, 171, 222, 249],
  "lastDate": "20_03_24",
  "lastDateRate": 0.3253012048192771,
  "lastDateRateList": [283, 327, 383, 455, 536, 628, 734, 859, 1007, 1181, 1385, 1624, 1903, 2231, 2615, 3066, 3594, 4213, 4939, 5790, 6787, 7956, 9326, 10933, 12816, 15024, 17612, 20646, 24203, 28372, 33259, 38988, 45704, 53577, 62806, 73625, 86308, 101176, 118605, 139036, 162986, 191062, 223975, 262557, 307786, 360806, 422959, 495818, 581228, 681351, 798722, 936311, 1097601, 1286675, 1508319, 1768144, 2072727, 2429778, 2848335, 3338993, 3914172, 4588433, 5378843, 6305410, 7391588, 8664873, 10157496, 11907240, 13958397, 16362889, 19181583, 22485829, 26359269, 30899952, 36222820, 42462612, 49777279, 58351981, 68403773, 80187100, 94000239, 110192848, 129174818, 151426648, 177511608, 208089999, 243935865, 285956589, 335215860, 392960600, 460652527, 540005158, 633027181, 742073304, 869903861, 1019754683, 1195419012, 1401343517, 1642740857, 1925721631, 2257449058, 2646320303, 3102179037, 3636564617, 4263004184, 4997355082, 5858206265, 6867348843, 8050327694],
  "maxRate": 16.0,
  "maxRateList": [1897, 4057, 6793, 10345, 14329, 44681, 109593, 218281, 383801, 613065, 1327961, 3081449, 6573945, 12714761, 22523801, 43771177, 93074361, 198257481, 401693657, 762074473, 1462413305, 2951603081, 6123722777, 12550821289],
  "minRate": 0.3253012048192771,
  "minRateList": [283, 327, 383, 455, 536, 628, 734, 859, 1007, 1181, 1385, 1624, 1903, 2231, 2615, 3066, 3594, 4213, 4939, 5790, 6787, 7956, 9326, 10933, 12816, 15024, 17612, 20646, 24203, 28372, 33259, 38988, 45704, 53577, 62806, 73625, 86308, 101176, 118605, 139036, 162986, 191062, 223975, 262557, 307786, 360806, 422959, 495818, 581228, 681351, 798722, 936311, 1097601, 1286675, 1508319, 1768144, 2072727, 2429778, 2848335, 3338993, 3914172, 4588433, 5378843, 6305410, 7391588, 8664873, 10157496, 11907240, 13958397, 16362889, 19181583, 22485829, 26359269, 30899952, 36222820, 42462612, 49777279, 58351981, 68403773, 80187100, 94000239, 110192848, 129174818, 151426648, 177511608, 208089999, 243935865, 285956589, 335215860, 392960600, 460652527, 540005158, 633027181, 742073304, 869903861, 1019754683, 1195419012, 1401343517, 1642740857, 1925721631, 2257449058, 2646320303, 3102179037, 3636564617, 4263004184, 4997355082, 5858206265, 6867348843, 8050327694],
  "province": "Serbia",
  "r0": [7.0, 7.0, 16.0, 11.0, 0.4, 0.5833333333333334, 0.5263157894736842, 0.5142857142857142, 0.43478260869565216, 0.6666666666666666, 0.6545454545454545, 0.7846153846153846, 0.3253012048192771]
}