{
  "input": [1, 1, 1, 1, 5, 12, 19, 35, 46, 48, 55, 65, 83, 103, 135, 171, 222],
  "lastDate": "20_03_23",
  "lastDateRate": 0.7846153846153846,
  "lastDateRateList": [287, 368, 474, 608, 782, 1007, 1296, 1668, 2145, 2759, 3549, 4566, 5875, 7558, 9723, 12508, 16091, 20701, 26631, 34260, 44074, 56699, 72941, 93836, 120717, 155298, 199785, 257016, 330641, 425357, 547206, 703960, 905619, 1165045, 1498787, 1928133, 2480471, 3191034, 4105146, 5281117, 6793960, 8740176, 11243910, 14464871, 18608517, 23939163, 30796840, 39618985, 50968345, 65568874, 84351910, 108515584, 139601249, 179591797, 231038144, 297221950, 382364947, 491898235, 632808722, 814084804, 1047289719, 1347299139, 1733250062, 2229761521, 2868504983, 3690224609, 4747336241, 6107270905, 7856776098],
  "maxRate": 16.0,
  "maxRateList": [1550, 3198, 5358, 8094, 11646, 36446, 87614, 173342, 302846, 489182, 1072318, 2474142, 5247614, 10093150, 17920062, 35077150, 74663422, 158625246, 320115646, 606836638, 1168071038, 2362685790, 4900689726, 10022540062],
  "minRate": 0.4,
  "minRateList": [255, 296, 350, 418, 507, 609, 727, 867, 1034, 1237, 1481, 1772, 2119, 2533, 3028, 3620, 4329, 5177, 6190, 7401, 8849, 10581, 12652, 15128, 18088, 21628, 25860, 30921, 36972, 44207, 52858, 63202, 75570, 90359, 108042, 129185, 154466, 184694, 220838, 264055, 315729, 377515, 451393, 539728, 645350, 771642, 922648, 1103205, 1319096, 1577236, 1885893, 2254952, 2696234, 3223872, 3854766, 4609123, 5511104, 6589598, 7879147, 9421053, 11264702, 13469144, 16104983, 19256642, 23025063, 27530944, 32918602, 39360595, 47063252, 56273277, 67285655, 80453096, 96197334, 115022635, 137531946, 164446208, 196627446, 235106380, 281115434, 336128212, 401906695, 480557673, 574600225, 687046399, 821497684, 982260362, 1174483431, 1404323521, 1679142081, 2007741155, 2400645300, 2870438672, 3432168080, 4103824912, 4906921374, 5867179494, 7015354963, 8388222195],
  "province": "Serbia",
  "r0": [7.0, 7.0, 16.0, 11.0, 0.4, 0.5833333333333334, 0.5263157894736842, 0.5142857142857142, 0.43478260869565216, 0.6666666666666666, 0.6545454545454545, 0.7846153846153846]
}