{
  "input": [1, 1, 1, 1, 5, 12, 19, 35, 46, 48, 55],
  "lastDate": "20_03_17",
  "lastDateRate": 0.5833333333333334,
  "lastDateRateList": [66, 86, 113, 141, 173, 212, 262, 328, 410, 511, 635, 788, 979, 1218, 1516, 1886, 2346, 2917, 3628, 4512, 5612, 6981, 8683, 10799, 13431, 16705, 20777, 25842, 32141, 39976, 49721, 61841, 76916, 95665, 118984, 147988, 184062, 228930, 284735, 354142, 440468, 547838, 681381, 847476, 1054059, 1310999, 1630571, 2028043, 2522404, 3137272, 3902021, 4853187, 6036212, 7507614, 9337689, 11613868, 14444894, 17966018, 22345460, 27792445, 34567201, 42993389, 53473566, 66508418, 82720678, 102884879, 127964356, 159157270, 197953847, 246207576, 306223755, 380869629, 473711370, 589184447, 732805533, 911436057, 1133610007, 1409941640, 1753632567, 2181102461, 2712773494, 3374045998, 4196511955, 5219464286, 6491774055, 8074225260],
  "maxRate": 16.0,
  "maxRateList": [359, 919, 1655, 2423, 3303, 9047, 23751, 50231, 88999, 141847, 286599, 666615, 1470311, 2894295, 5163847, 9749431, 20415271, 43940247, 90248967, 172870519, 328861415, 655505751, 1358549703, 2802533175, 5568461479, 10830244119],
  "minRate": 0.4,
  "minRateList": [63, 77, 95, 114, 136, 161, 192, 230, 276, 330, 394, 471, 563, 673, 805, 963, 1151, 1376, 1645, 1967, 2352, 2812, 3362, 4020, 4807, 5748, 6873, 8218, 9826, 11749, 14048, 16797, 20084, 24014, 28714, 34333, 41052, 49086, 58692, 70178, 83911, 100332, 119966, 143443, 171514, 205078, 245211, 293197, 350574, 419180, 501211, 599295, 716574, 856804, 1024476, 1224960, 1464678, 1751308, 2094030, 2503820, 2993804, 3579675, 4280198, 5117810, 6119338, 7316860, 8748730, 10460809, 12507933, 14955668, 17882412, 21381904, 25566228, 30569401, 36551668, 43704633, 52257395, 62483886, 74711646, 89332313, 106814166, 127717124, 152710678, 182595336, 218328261, 261053927, 312140777, 373225048, 446263182, 533594486, 638016057, 762872368, 912162387, 1090667660, 1304105454, 1559311877, 1864460824, 2229325779, 2665592843, 3187235025, 3810959776, 4556744106, 5448474418, 6514711555, 7789605565, 9313989475],
  "province": "Serbia",
  "r0": [7.0, 7.0, 16.0, 11.0, 0.4, 0.5833333333333334]
}