{
  "input": [1, 1, 1, 1, 5, 12, 19, 35, 46, 48, 55, 65, 83, 103, 135],
  "lastDate": "20_03_21",
  "lastDateRate": 0.6666666666666666,
  "lastDateRateList": [172, 215, 270, 339, 429, 544, 687, 867, 1093, 1379, 1742, 2200, 2778, 3507, 4426, 5587, 7054, 8906, 11244, 14195, 17920, 22623, 28560, 36056, 45519, 57466, 72548, 91588, 115625, 145971, 184282, 232647, 293706, 370789, 468103, 590958, 746056, 941860, 1189053, 1501122, 1895094, 2392465, 3020372, 3813074, 4813822, 6077218, 7672195, 9685776, 12227825, 15437040, 19488519, 24603316, 31060500, 39212383, 49503743, 62496089, 78898300, 99605300, 125746889, 158749384, 200413443, 253012310, 319415843, 403247102, 509080025, 642688987, 811363860, 1024307755, 1293139156, 1632525839, 2060985164, 2601894404, 3284766241, 4146859012, 5235209571, 6609199680, 8343795949],
  "maxRate": 16.0,
  "maxRateList": [1015, 2055, 3383, 5031, 7191, 23431, 56311, 110439, 190935, 305991, 680887, 1581863, 3348887, 6403847, 11299703, 22193895, 47503703, 101085895, 203547447, 384342695, 739445015, 1499504263, 3116878583, 6373637735, 12523120855],
  "minRate": 0.4,
  "minRateList": [157, 183, 216, 257, 311, 374, 447, 533, 636, 760, 910, 1089, 1302, 1556, 1860, 2224, 2660, 3181, 3803, 4547, 5437, 6501, 7773, 9294, 11113, 13288, 15888, 18997, 22715, 27160, 32475, 38830, 46429, 55515, 66379, 79369, 94901, 113473, 135679, 162231, 193979, 231939, 277328, 331600, 396492, 474084, 566860, 677791, 810431, 969028, 1158662, 1385406, 1656522, 1980694, 2368305, 2831770, 3385932, 4048541, 4840819, 5788141, 6920849, 8275222, 9894638, 11830966, 14146222, 16914562, 20224651, 24182506, 28914892, 34573381, 41339206, 49429066, 59102068, 70668025, 84497377, 101033059, 120804685, 144445512, 172712722, 206511673, 246924897, 295246771, 353024976, 422110065, 504714734, 603484693, 721583401, 862793391, 1031637417, 1233523311, 1474917188, 1763550548, 2108667904, 2521322871, 3014732195, 3604699070, 4310119289, 5153586451, 6162115599, 7368008477, 8809888105],
  "province": "Serbia",
  "r0": [7.0, 7.0, 16.0, 11.0, 0.4, 0.5833333333333334, 0.5263157894736842, 0.5142857142857142, 0.43478260869565216, 0.6666666666666666]
}