{
  "input": [1, 1, 1, 1, 5, 12, 19, 35, 46, 48, 55, 65, 83, 103, 135, 171],
  "lastDate": "20_03_22",
  "lastDateRate": 0.6545454545454545,
  "lastDateRateList": [214, 268, 335, 423, 535, 675, 850, 1069, 1346, 1696, 2138, 2694, 3394, 4275, 5385, 6784, 8547, 10769, 13567, 17092, 21532, 27126, 34175, 43055, 54242, 68336, 86091, 108460, 136641, 172145, 216874, 273224, 344216, 433654, 546331, 688285, 867123, 1092428, 1376274, 1733872, 2184386, 2751957, 3467001, 4367835, 5502733, 6932513, 8733794, 11003104, 13862051, 17463840, 22001485, 27718150, 34920182, 43993524, 55424401, 69825373, 87968162, 110825008, 139620769, 175898559, 221602440, 279181601, 351721606, 443109746, 558243348, 703292218, 886029266, 1116247044, 1406282514, 1771678160, 2232014885, 2811961314, 3542595743, 4463071570, 5622715457, 7083670654, 8924227150],
  "maxRate": 16.0,
  "maxRateList": [1211, 2539, 4187, 6347, 9083, 28459, 69083, 136075, 237627, 382955, 838299, 1943627, 4120827, 7922859, 14050139, 27462923, 58560955, 124494187, 251259931, 476062155, 915468923, 1852444203, 3844351195, 7864510091],
  "minRate": 0.4,
  "minRateList": [197, 230, 271, 325, 393, 472, 564, 672, 802, 959, 1148, 1374, 1643, 1964, 2348, 2807, 3357, 4014, 4800, 5739, 6862, 8205, 9811, 11731, 14027, 16772, 20054, 23978, 28670, 34281, 40990, 49012, 58603, 70071, 83783, 100179, 119784, 143225, 171253, 204766, 244838, 292752, 350042, 418543, 500449, 598384, 715485, 855502, 1022919, 1223099, 1462453, 1748647, 2090848, 2500016, 2989256, 3574237, 4273696, 5110035, 6110041, 7305743, 8735438, 10444916, 12488930, 14932946, 17855243, 21349418, 25527384, 30522956, 36496134, 43638231, 52177998, 62388952, 74598134, 89196588, 106651880, 127523079, 152478660, 182317914, 217996549, 260657301, 311666533, 372657997, 445585163, 532783783, 637046703, 761713316, 910776515, 1089010580, 1302124093, 1556942774, 1861628100, 2225938706, 2661542938, 3182392575, 3805169685, 4549820925, 5440196407, 6504813582, 7777770612, 9299838486],
  "province": "Serbia",
  "r0": [7.0, 7.0, 16.0, 11.0, 0.4, 0.5833333333333334, 0.5263157894736842, 0.5142857142857142, 0.43478260869565216, 0.6666666666666666, 0.6545454545454545]
}