{
  "input": [1, 1, 1, 1, 5, 12, 19, 35, 46, 48, 55, 65, 83, 103, 135, 171, 222, 249, 303],
  "lastDate": "20_03_25",
  "lastDateRate": 0.5242718446601942,
  "lastDateRateList": [374, 464, 580, 711, 870, 1066, 1309, 1613, 1986, 2442, 3001, 3687, 4533, 5574, 6854, 8427, 10360, 12737, 15659, 19252, 23670, 29101, 35779, 43989, 54082, 66492, 81749, 100507, 123569, 151923, 186783, 229642, 282335, 347119, 426768, 524693, 645088, 793108, 975093, 1198835, 1473917, 1812118, 2227922, 2739136, 3367651, 4140384, 5090426, 6258463, 7694515, 9460080, 11630767, 14299534, 17580670, 21614688, 26574342, 32672026, 40168869, 49385919, 60717891, 74650070, 91779093, 112838500, 138730147, 170562828, 209699758, 257816952, 316975001, 389707311, 479128599, 589068278, 724234447, 890415515, 1094728086, 1345921720, 1654753633, 2034449362, 2501269147, 3075204260, 3780833123, 4648373863, 5714978383, 7026323373, 8638566383],
  "maxRate": 16.0,
  "maxRateList": [2463, 5199, 8751, 12735, 17583, 56991, 140175, 280191, 483951, 765279, 1677135, 3919935, 8402991, 16146207, 28390671, 55224831, 117943791, 252391647, 510730959, 964981695, 1848578991, 3735679647, 7773945999, 15945641343],
  "minRate": 0.3253012048192771,
  "minRateList": [347, 403, 475, 556, 655, 768, 899, 1054, 1235, 1448, 1698, 1990, 2333, 2735, 3206, 3758, 4405, 5164, 6054, 7097, 8319, 9752, 11432, 13401, 15710, 18416, 21588, 25307, 29666, 34776, 40767, 47790, 56022, 65672, 76985, 90247, 105793, 124017, 145380, 170423, 199780, 234195, 274538, 321830, 377269, 442258, 518442, 607750, 712442, 835168, 979035, 1147685, 1345387, 1577145, 1848826, 2167307, 2540650, 2978306, 3491353, 4092778, 4797806, 5624283, 6593130, 7728871, 9060257, 10620989, 12450575, 14595328, 17109539, 20056852, 23511873, 27562060, 32309938, 37875692, 44400210, 52048651, 61014622, 71525084, 83846092, 98289534, 115221023, 135069153, 158336349, 185611584, 217585288, 255066826, 299004984, 350511989, 410891661, 481672417, 564645963, 661912645, 775934617, 909598169, 1066286787, 1249966799, 1465287780, 1717700246, 2013593626, 2360458002, 2767073708, 3243733588, 3802503548, 4457527981, 5225387813, 6125520224, 7180710668, 8417669653],
  "province": "Serbia",
  "r0": [7.0, 7.0, 16.0, 11.0, 0.4, 0.5833333333333334, 0.5263157894736842, 0.5142857142857142, 0.43478260869565216, 0.6666666666666666, 0.6545454545454545, 0.7846153846153846, 0.3253012048192771, 0.5242718446601942]
}