{
  "input": [4, 4, 4, 7, 7, 23, 41, 51, 52],
  "lastDate": "20_03_17",
  "lastDateRate": 0.14285714285714285,
  "lastDateRateList": [53, 56, 62, 69, 76, 84, 92, 101, 111, 122, 134, 147, 161, 177, 194, 213, 234, 257, 282, 310, 340, 373, 410, 450, 494, 543, 596, 655, 719, 790, 868, 953, 1047, 1150, 1263, 1387, 1523, 1673, 1837, 2017, 2215, 2433, 2672, 2934, 3222, 3538, 3886, 4268, 4687, 5147, 5652, 6207, 6817, 7487, 8222, 9029, 9916, 10890, 11960, 13135, 14425, 15842, 17398, 19107, 20983, 23044, 25307, 27792, 30522, 33520, 36812, 40427, 44397, 48757, 53546, 58805, 64580, 70922, 77887, 85536, 93937, 103163, 113295, 124422, 136641, 150061, 164799, 180984, 198759, 218279, 239716, 263259, 289114, 317508, 348691, 382936, 420544, 461846, 507204, 557017, 611722, 671800, 737778, 810236, 889810, 977199, 1073170, 1178567, 1294315, 1421431, 1561031, 1714341, 1882708, 2067610, 2270672, 2493676, 2738582, 3007540, 3302913, 3627295, 3983534, 4374760, 4804409, 5276254, 5794439, 6363515, 6988481, 7674825, 8428576, 9256353, 10165427, 11163781, 12260185, 13464267, 14786603, 16238807, 17833633, 19585088, 21508555, 23620927, 25940757, 28488419, 31286289, 34358940, 37733358, 41439180, 45508954, 49978424, 54886844, 60277324, 66197207, 72698486, 79838261, 87679239, 96290285, 105747029, 116132527, 127537993, 140063599, 153819354, 168926072, 185516433, 203736146, 223745232, 245719425, 269851721, 296354069, 325459233, 357422838, 392525613, 431075859, 473412155, 519906331, 570966736, 627041824, 688624090, 756254398, 830526731, 912093408, 1001670811, 1100045681, 1208082024, 1326728700, 1457027758, 1600123588, 1757272971, 1929856117, 2119388788, 2327535611, 2556124695, 2807163691, 3082857422, 3385627249, 3718132336, 4083293007, 4484316391, 4924724594, 5408385630, 5939547392, 6522874964, 7163491591, 7867023676],
  "maxRate": 4.5,
  "maxRateList": [84, 188, 373, 603, 837, 1215, 2061, 3740, 6454, 10221, 15689, 24964, 41794, 70837, 116832, 187433, 299771, 487844, 806611, 1332355, 2175804, 3524774, 5720072, 9349822, 15345420, 25136538, 40998021, 66738345, 108812544, 177866934, 290981355, 475472450, 775795003, 1265451451, 2065852654, 3375268752, 5514894777, 9005972291],
  "minRate": 0.14285714285714285,
  "minRateList": [53, 56, 62, 69, 76, 84, 92, 101, 111, 122, 134, 147, 161, 177, 194, 213, 234, 257, 282, 310, 340, 373, 410, 450, 494, 543, 596, 655, 719, 790, 868, 953, 1047, 1150, 1263, 1387, 1523, 1673, 1837, 2017, 2215, 2433, 2672, 2934, 3222, 3538, 3886, 4268, 4687, 5147, 5652, 6207, 6817, 7487, 8222, 9029, 9916, 10890, 11960, 13135, 14425, 15842, 17398, 19107, 20983, 23044, 25307, 27792, 30522, 33520, 36812, 40427, 44397, 48757, 53546, 58805, 64580, 70922, 77887, 85536, 93937, 103163, 113295, 124422, 136641, 150061, 164799, 180984, 198759, 218279, 239716, 263259, 289114, 317508, 348691, 382936, 420544, 461846, 507204, 557017, 611722, 671800, 737778, 810236, 889810, 977199, 1073170, 1178567, 1294315, 1421431, 1561031, 1714341, 1882708, 2067610, 2270672, 2493676, 2738582, 3007540, 3302913, 3627295, 3983534, 4374760, 4804409, 5276254, 5794439, 6363515, 6988481, 7674825, 8428576, 9256353, 10165427, 11163781, 12260185, 13464267, 14786603, 16238807, 17833633, 19585088, 21508555, 23620927, 25940757, 28488419, 31286289, 34358940, 37733358, 41439180, 45508954, 49978424, 54886844, 60277324, 66197207, 72698486, 79838261, 87679239, 96290285, 105747029, 116132527, 127537993, 140063599, 153819354, 168926072, 185516433, 203736146, 223745232, 245719425, 269851721, 296354069, 325459233, 357422838, 392525613, 431075859, 473412155, 519906331, 570966736, 627041824, 688624090, 756254398, 830526731, 912093408, 1001670811, 1100045681, 1208082024, 1326728700, 1457027758, 1600123588, 1757272971, 1929856117, 2119388788, 2327535611, 2556124695, 2807163691, 3082857422, 3385627249, 3718132336, 4083293007, 4484316391, 4924724594, 5408385630, 5939547392, 6522874964, 7163491591, 7867023676],
  "province": "Bulgaria",
  "r0": [4.0, 4.5, 2.5, 0.14285714285714285]
}