{
  "input": [4, 4, 4, 7, 7, 23, 41, 51, 52, 67, 92, 94, 127, 163, 187],
  "lastDate": "20_03_23",
  "lastDateRate": 0.3582089552238806,
  "lastDateRateList": [220, 254, 299, 357, 424, 503, 594, 701, 829, 981, 1161, 1374, 1625, 1922, 2273, 2689, 3181, 3763, 4451, 5265, 6228, 7367, 8715, 10309, 12195, 14426, 17065, 20187, 23880, 28248, 33416, 39529, 46760, 55314, 65433, 77403, 91563, 108313, 128127, 151566, 179292, 212091, 250890, 296786, 351078, 415302, 491275, 581146, 687457, 813216, 961981, 1137960, 1346132, 1592385, 1883686, 2228276, 2635903, 3118100, 3688507, 4363260, 5161448, 6105652, 7222583, 8543839, 10106798, 11955675, 14142774, 16729968, 19790448, 23410794, 27693424, 32759492, 38752316, 45841432, 54227388, 64147420, 75882163, 89763590, 106184401, 125609137, 148587317, 175768987, 207923109, 245959312, 290953630, 344178938, 407140963, 481620883, 569725711, 673947907, 797235885, 943077424, 1115598337, 1319679189, 1561093365, 1846670398, 2184489177, 2584106492, 3056827396, 3616025019, 4277518893, 5060022479, 5985672566, 7080655514, 8375948058],
  "maxRate": 4.5,
  "maxRateList": [601, 1024, 1596, 2330, 3172, 5877, 10485, 17667, 28152, 42426, 68873, 116056, 195558, 322242, 513159, 823088, 1345340, 2225351, 3675440, 5984656, 9688552, 15742582, 25756662, 42296142, 69227094, 112825578, 183667197, 299572176, 489904815, 801426738, 1309141839, 2135644226, 3483719018, 5688290686, 9294711007],
  "minRate": 0.04878048780487805,
  "minRateList": [191, 196, 202, 210, 219, 228, 238, 248, 258, 269, 280, 292, 304, 317, 330, 344, 358, 373, 388, 404, 421, 438, 456, 475, 495, 516, 537, 559, 582, 606, 631, 657, 684, 712, 742, 773, 805, 838, 873, 909, 947, 986, 1027, 1070, 1114, 1160, 1208, 1258, 1310, 1364, 1421, 1480, 1541, 1605, 1672, 1741, 1813, 1888, 1966, 2048, 2133, 2221, 2313, 2409, 2509, 2613, 2721, 2834, 2952, 3074, 3201, 3334, 3472, 3616, 3766, 3922, 4085, 4254, 4430, 4614, 4805, 5004, 5212, 5428, 5653, 5887, 6131, 6385, 6650, 6926, 7213, 7512, 7823, 8147, 8485, 8837, 9203, 9585, 9982, 10396, 10827, 11276, 11744, 12231, 12738, 13266, 13816, 14389, 14986, 15607, 16254, 16928, 17630, 18361, 19122, 19915, 20741, 21601, 22497, 23430, 24401, 25413, 26467, 27564, 28707, 29897, 31137, 32428, 33773, 35173, 36631, 38150, 39732, 41379, 43095, 44882, 46743, 48681, 50699, 52801, 54990, 57270, 59645, 62118, 64694, 67376, 70170, 73080, 76110, 79266, 82553, 85976, 89541, 93254, 97121, 101148, 105342, 109710, 114259, 118997, 123931, 129070, 134422, 139996, 145801, 151846, 158142, 164699, 171528, 178640, 186047, 193761, 201795, 210162, 218876, 227951, 237403, 247247, 257499, 268176, 279296, 290877, 302938, 315499, 328581, 342205, 356394, 371171, 386561, 402589, 419282, 436667, 454773, 473630, 493268, 513721, 535022, 557206, 580310, 604372, 629432, 655531, 682712, 711020, 740502, 771206, 803183, 836486, 871170, 907292, 944912, 984092, 1024896, 1067392, 1111650, 1157743, 1205747, 1255742, 1307810, 1362037, 1418512, 1477329, 1538585, 1602381, 1668822, 1738018, 1810083, 1885136, 1963301, 2044707, 2129488, 2217785, 2309743, 2405514, 2505256, 2609133, 2717318, 2829988, 2947330, 3069538, 3196813, 3329365, 3467413, 3611185, 3760919, 3916861, 4079269, 4248411, 4424566, 4608025, 4799091, 4998080, 5205320, 5421152, 5645934, 5880036, 6123845, 6377763, 6642209, 6917620, 7204451, 7503175, 7814285, 8138295, 8475740, 8827177, 9193186, 9574371, 9971361, 10384812, 10815406, 11263854, 11730896, 12217304, 12723880, 13251461, 13800917, 14373156, 14969122, 15589799, 16236212, 16909427, 17610557, 18340758, 19101236, 19893246, 20718096, 21577148, 22471819, 23403587, 24373989, 25384628, 26437172, 27533358, 28674996, 29863971, 31102246, 32391864, 33734955, 35133735, 36590514, 38107697, 39687788, 41333396, 43047237, 44832140, 46691052, 48627042, 50643305, 52743170, 54930104, 57207716, 59579767, 62050172, 64623010, 67302527, 70093147, 72999477, 76026315, 79178657, 82461707, 85880885, 89441835, 93150436, 97012810, 101035332, 105224643, 109587659, 114131583, 118863915, 123792468, 128925377, 134271116, 139838510, 145636750, 151675407, 157964450, 164514261, 171335652, 178439884, 185838684, 193544267, 201569353, 209927190, 218631575, 227696877, 237138061, 246970712, 257211063, 267876018, 278983183, 290550893, 302598245, 315145126, 328212249, 341821185, 355994399, 370755289, 386128222, 402138576, 418812780, 436178360, 454263984, 473099507, 492716023, 513145915, 534422908, 556582127, 579660152, 603695080, 628726588, 654795998, 681946346, 710222451, 739670991, 770340581, 802281849, 835547524, 870192522, 906274034, 943851623, 982987323, 1023745739, 1066194155, 1110402644, 1156444187, 1204394788, 1254333605, 1306343076, 1360509059, 1416920971, 1475671936, 1536858941, 1600582993, 1666949289, 1736067385, 1808051382, 1883020111, 1961097330, 2042411929, 2127098143, 2215295771, 2307150411, 2402813695, 2502443545, 2606204430, 2714267638, 2826811560, 2944021984, 3066092401, 3193224324, 3325627623, 3463520870, 3607131698, 3756697181, 3912464221, 4074689959, 4243642197, 4419599841, 4602853362, 4793705275, 4992470639, 5199477575, 5415067811, 5639597243, 5873436525, 6116971678, 6370604730, 6634754379, 6909856684, 7196365783, 7494754645, 7805515851],
  "province": "Bulgaria",
  "r0": [4.0, 4.5, 2.5, 0.14285714285714285, 2.142857142857143, 1.0869565217391304, 0.04878048780487805, 0.6470588235294118, 0.6923076923076923, 0.3582089552238806]
}