{
  "input": [4, 4, 4, 7, 7, 23, 41, 51, 52, 67, 92, 94, 127],
  "lastDate": "20_03_21",
  "lastDateRate": 0.6470588235294118,
  "lastDateRateList": [161, 204, 264, 325, 407, 511, 643, 814, 1024, 1287, 1618, 2034, 2561, 3224, 4057, 5104, 6420, 8077, 10163, 12788, 16091, 20245, 25471, 32047, 40322, 50734, 63834, 80315, 101051, 127142, 159970, 201274, 253243, 318629, 400897, 504407, 634643, 798506, 1004678, 1264082, 1590463, 2001114, 2517794, 3167880, 3985815, 5014938, 6309776, 7938937, 9988742, 12567799, 15812759, 19895555, 25032514, 31495818, 39627923, 49859708, 62733302, 78930811, 99310458, 124952055, 157214219, 197806356, 248879234, 313138942, 393990272, 495717120, 623709468, 784748972, 987368287, 1242303169, 1563061305, 1966638020, 2474416767, 3113302129, 3917145356, 4928537965, 6201068449, 7802161651],
  "maxRate": 4.5,
  "maxRateList": [361, 663, 1077, 1500, 2072, 3697, 6681, 11528, 18278, 27602, 44239, 74304, 126180, 208431, 332640, 531716, 866084, 1433894, 2371834, 3868714, 6261436, 10158814, 16611337, 27284590, 44693803, 72870265, 118584928, 193335945, 316116600, 517238714, 845154907, 1378787083, 2248798836, 3671323536, 5998897749, 9802094831],
  "minRate": 0.04878048780487805,
  "minRateList": [130, 133, 137, 142, 148, 154, 160, 167, 174, 181, 189, 197, 205, 213, 222, 231, 241, 251, 261, 272, 283, 295, 307, 320, 333, 347, 361, 376, 392, 408, 425, 443, 461, 480, 500, 521, 543, 565, 588, 612, 637, 663, 691, 720, 750, 781, 813, 847, 882, 919, 957, 997, 1038, 1081, 1126, 1173, 1222, 1273, 1326, 1381, 1438, 1498, 1560, 1625, 1692, 1762, 1835, 1911, 1990, 2073, 2159, 2249, 2342, 2439, 2540, 2645, 2755, 2869, 2988, 3112, 3241, 3375, 3515, 3661, 3813, 3971, 4136, 4307, 4486, 4672, 4866, 5068, 5278, 5497, 5725, 5962, 6209, 6466, 6734, 7013, 7304, 7607, 7922, 8250, 8592, 8948, 9319, 9705, 10107, 10526, 10962, 11417, 11890, 12383, 12896, 13431, 13988, 14568, 15172, 15801, 16456, 17138, 17849, 18589, 19360, 20163, 20999, 21870, 22777, 23721, 24705, 25729, 26796, 27907, 29064, 30269, 31524, 32831, 34192, 35610, 37087, 38625, 40227, 41895, 43632, 45441, 47325, 49287, 51331, 53459, 55676, 57985, 60389, 62893, 65501, 68217, 71046, 73992, 77060, 80255, 83583, 87049, 90658, 94417, 98332, 102409, 106655, 111077, 115683, 120480, 125476, 130679, 136097, 141740, 147617, 153738, 160113, 166752, 173666, 180867, 188366, 196176, 204310, 212782, 221605, 230794, 240364, 250330, 260710, 271520, 282778, 294503, 306714, 319432, 332677, 346471, 360837, 375799, 391381, 407609, 424510, 442112, 460444, 479536, 499419, 520127, 541693, 564154, 587546, 611908, 637280, 663704, 691224, 719885, 749734, 780821, 813197, 846915, 882031, 918603, 956692, 996360, 1037673, 1080699, 1125509, 1172177, 1220780, 1271398, 1324115, 1379018, 1436197, 1495747, 1557766, 1622357, 1689626, 1759684, 1832647, 1908636, 1987775, 2070196, 2156034, 2245431, 2338535, 2435500, 2536485, 2641657, 2751190, 2865265, 2984070, 3107801, 3236662, 3370866, 3510635, 3656199, 3807799, 3965685, 4130117, 4301367, 4479718, 4665464, 4858912, 5060381, 5270204, 5488727, 5716311, 5953331, 6200179, 6457262, 6725005, 7003849, 7294255, 7596703, 7911691, 8239740, 8581391, 8937208, 9307779, 9693715, 10095654, 10514258, 10950219, 11404257, 11877121, 12369592, 12882483, 13416640, 13972945, 14552317, 15155712, 15784126, 16438596, 17120203, 17830072, 18569375, 19339332, 20141215, 20976347, 21846107, 22751930, 23695312, 24677810, 25701046, 26766710, 27876560, 29032429, 30236225, 31489935, 32795628, 34155460, 35571676, 37046614, 38582708, 40182495, 41848615, 43583819, 45390971, 47273054, 49233176, 51274572, 53400612, 55614806, 57920809, 60322427, 62823626, 65428534, 68141451, 70966856, 73909413, 76973980, 80165616, 83489589, 86951387, 90556724, 94311552, 98222070, 102294733, 106536264, 110953665, 115554229, 120345549, 125335536, 130532427, 135944801, 141581593, 147452108, 153566037, 159933472, 166564926, 173471345, 180664131, 188155157, 195956790, 204081908, 212543925, 221356809, 230535109, 240093977, 250049192, 260417188, 271215081, 282460696, 294172597, 306370119, 319073396, 332303400, 346081971, 360431854, 375376738, 390941294, 407151216, 424033263, 441615305, 459926365, 478996672, 498857707, 519542256, 541084466, 563519898, 586885589, 611220111, 636563636, 662958000, 690446776, 719075341, 748890956, 779942841, 812282256, 845962587, 881039433, 917570699, 955616691, 995240216, 1036506684, 1079484217, 1124243763, 1170859211, 1219407514, 1269968816, 1322626583, 1377467742, 1434582825, 1494066118, 1556015816, 1620534186, 1687727734, 1757707384, 1830588658, 1906491869, 1985542317, 2067870499, 2153612323, 2242909331, 2335908934, 2432764657, 2533636389, 2638690649, 2748100860, 2862047637, 2980719084, 3104311103, 3233027720, 3367081420, 3506693500, 3652094431, 3803524241, 3961232910, 4125480784, 4296539004, 4474689952, 4660227720, 4853458594, 5054701559, 5264288827, 5482566386, 5709894567, 5946648645, 6193219453, 6450014030, 6717456293, 6995987735, 7286068157, 7588176423, 7902811254],
  "province": "Bulgaria",
  "r0": [4.0, 4.5, 2.5, 0.14285714285714285, 2.142857142857143, 1.0869565217391304, 0.04878048780487805, 0.6470588235294118]
}