{
  "input": [4, 4, 4, 7, 7, 23, 41, 51, 52, 67, 92, 94, 127, 163, 187, 201, 218],
  "lastDate": "20_03_25",
  "lastDateRate": 0.18085106382978725,
  "lastDateRateList": [241, 270, 304, 340, 379, 423, 472, 527, 588, 657, 734, 819, 914, 1020, 1139, 1272, 1420, 1585, 1769, 1975, 2205, 2462, 2749, 3069, 3426, 3825, 4270, 4767, 5322, 5942, 6634, 7406, 8268, 9230, 10305, 11505, 12844, 14339, 16008, 17872, 19953, 22276, 24869, 27764, 30996, 34605, 38634, 43132, 48153, 53759, 60017, 67004, 74804, 83513, 93235, 104089, 116207, 129735, 144838, 161700, 180525, 201541, 225004, 251198, 280442, 313090, 349539, 390231, 435660, 486378, 543001, 606216, 676790, 755580, 843542, 941744, 1051379, 1173777, 1310424, 1462979, 1633294, 1823437, 2035716, 2272708, 2537289, 2832672, 3162443, 3530604, 3941626, 4400497, 4912789, 5484720, 6123233, 6836080, 7631915, 8520398, 9512315, 10619708, 11856020, 13236260, 14777183, 16497495, 18418080, 20562254, 22956046, 25628515, 28612105, 31943034, 35661740, 39813365, 44448309, 49622839, 55399771, 61849235, 69049524, 77088048, 86062391, 96081499, 107266999, 119754679, 133696134, 149260609, 166637050, 186036401, 207694162, 231873250, 258867190, 289003678, 322648559, 360210269, 402144793, 448961200, 501227823, 559579158, 624723568, 697451882, 778646993, 869294578, 970495064, 1083476986, 1209611901, 1350431038, 1507643887, 1683158952, 1879106918, 2097866517, 2342093407, 2614752408, 2919153495, 3258991980, 3638393371, 4061963455, 4534844210, 5062776225, 5652168392, 6310175704, 7044786116, 7864917516],
  "maxRate": 4.5,
  "maxRateList": [790, 1524, 2366, 3271, 4252, 7807, 14665, 25312, 40032, 59166, 94298, 160291, 274195, 454339, 720586, 1144927, 1866237, 3100115, 5144641, 8387278, 13539450, 21937517, 35888035, 59038920, 96781671, 157709196, 256428023, 417924181, 683599321, 1119116841, 1828808223, 2982734327, 4863393142, 7939590087],
  "minRate": 0.04878048780487805,
  "minRateList": [224, 232, 241, 251, 262, 273, 284, 296, 308, 321, 334, 348, 362, 377, 393, 409, 426, 444, 462, 481, 501, 522, 544, 567, 590, 614, 639, 666, 694, 723, 753, 784, 816, 850, 885, 922, 960, 1000, 1041, 1084, 1129, 1176, 1225, 1276, 1329, 1384, 1441, 1501, 1563, 1628, 1696, 1766, 1839, 1915, 1994, 2077, 2163, 2253, 2346, 2443, 2544, 2650, 2760, 2874, 2993, 3117, 3246, 3381, 3521, 3667, 3819, 3977, 4142, 4314, 4493, 4679, 4873, 5075, 5285, 5504, 5732, 5970, 6218, 6476, 6744, 7024, 7315, 7618, 7934, 8263, 8606, 8963, 9335, 9722, 10125, 10545, 10982, 11437, 11911, 12405, 12919, 13455, 14013, 14594, 15199, 15829, 16485, 17169, 17881, 18622, 19394, 20198, 21036, 21908, 22816, 23762, 24747, 25773, 26842, 27955, 29114, 30321, 31578, 32887, 34251, 35671, 37150, 38690, 40294, 41965, 43705, 45517, 47404, 49370, 51417, 53549, 55769, 58081, 60489, 62997, 65609, 68329, 71162, 74113, 77186, 80386, 83719, 87190, 90805, 94570, 98491, 102575, 106828, 111258, 115871, 120675, 125679, 130890, 136317, 141969, 147856, 153987, 160372, 167022, 173947, 181159, 188671, 196494, 204641, 213126, 221963, 231166, 240751, 250733, 261129, 271956, 283232, 294976, 307207, 319945, 333211, 347027, 361416, 376402, 392009, 408263, 425191, 442821, 461182, 480304, 500219, 520960, 542561, 565058, 588487, 612888, 638301, 664767, 692331, 721038, 750935, 782072, 814500, 848272, 883445, 920076, 958226, 997958, 1039337, 1082432, 1127314, 1174057, 1222738, 1273437, 1326239, 1381230, 1438501, 1498147, 1560266, 1624961, 1692338, 1762509, 1835589, 1911700, 1990966, 2073519, 2159495, 2249036, 2342290, 2439410, 2540557, 2645898, 2755607, 2869865, 2988861, 3112791, 3241859, 3376279, 3516272, 3662070, 3813913, 3972052, 4136749, 4308274, 4486912, 4672957, 4866716, 5068509, 5278669, 5497543, 5725492, 5962893, 6210137, 6467633, 6735806, 7015098, 7305971, 7608905, 7924399, 8252975, 8595175, 8951564, 9322730, 9709286, 10111870, 10531147, 10967809, 11422576, 11896200, 12389462, 12903176, 13438191, 13995390, 14575692, 15180056, 15809479, 16465001, 17147703, 17858712, 18599203, 19370397, 20173568, 21010041, 21881198, 22788476, 23733373, 24717449, 25742329, 26809705, 27921338, 29079064, 30284793, 31540516, 32848306, 34210322, 35628813, 37106120, 38644682, 40247038, 41915834, 43653825, 45463880, 47348986, 49312256, 51356931, 53486386, 55704136, 58013843, 60419319, 62924535, 65533627, 68250902, 71080846, 74028130, 77097620, 80294382, 83623694, 87091052, 90702180, 94463040, 98379839, 102459044, 106707388, 111131885, 115739838, 120538855, 125536857, 130742095, 136163163, 141809009, 147688953, 153812702, 160190365, 166832471, 173749984, 180954323, 188457382, 196271546, 204409715, 212885324, 221712364, 230905407, 240479629, 250450835, 260835485, 271650722, 282914400, 294645114, 306862228, 319585910, 332837165, 346637867, 361010799, 375979688, 391569245, 407805204, 424714368, 442324651, 460665124, 479766063, 499659000, 520376774, 541953586, 564425055, 587828278, 612201888, 637586121, 664022881, 691555811, 720230361, 750093868, 781195630, 813586990, 847321420, 882454608, 919044553, 957151657, 996838827, 1038171579, 1081218145, 1126049587, 1172739912, 1221366196, 1272008712, 1324751061, 1379680309, 1436887134, 1496465973, 1558515178, 1623137181, 1690438659, 1760530714, 1833529054, 1909554185, 1988731608, 2071192030, 2157071577, 2246512019, 2339661004, 2436672302, 2537706060, 2642929064, 2752515016, 2866644821, 2985506885, 3109297425, 3238220794, 3372489819, 3512326152, 3657960634, 3809633679, 3967595669, 4132107367, 4303440350, 4481877454, 4667713243, 4861254495, 5062820708, 5272744628, 5491372796, 5719066125, 5956200491, 6203167355, 6460374410, 6728246254, 7007225089, 7297771454, 7600364984, 7915505199],
  "province": "Bulgaria",
  "r0": [4.0, 4.5, 2.5, 0.14285714285714285, 2.142857142857143, 1.0869565217391304, 0.04878048780487805, 0.6470588235294118, 0.6923076923076923, 0.3582089552238806, 0.15217391304347827, 0.18085106382978725]
}