{
  "input": [4, 4, 4, 7, 7, 23, 41, 51, 52, 67, 92, 94, 127, 163, 187, 201],
  "lastDate": "20_03_24",
  "lastDateRate": 0.15217391304347827,
  "lastDateRateList": [215, 234, 259, 287, 318, 351, 387, 426, 470, 518, 571, 630, 695, 767, 846, 933, 1029, 1135, 1252, 1381, 1523, 1680, 1853, 2044, 2254, 2486, 2742, 3024, 3335, 3678, 4056, 4473, 4933, 5441, 6001, 6618, 7299, 8050, 8878, 9791, 10798, 11909, 13134, 14485, 15975, 17618, 19430, 21429, 23633, 26064, 28745, 31702, 34963, 38559, 42525, 46899, 51723, 57043, 62911, 69382, 76519, 84390, 93070, 102643, 113201, 124845, 137687, 151850, 167470, 184696, 203694, 224646, 247754, 273239, 301345, 332342, 366527, 404229, 445809, 491666, 542240, 598016, 659529, 727370, 802189, 884704, 975706, 1076069, 1186756, 1308828, 1443457, 1591934, 1755684, 1936277, 2135446, 2355103, 2597354, 2864523, 3159174, 3484133, 3842518, 4237768, 4673674, 5154418, 5684612, 6269343, 6914221, 7625432, 8409800, 9274850, 10228880, 11281044, 12441436, 13721188, 15132578, 16689147, 18405828, 20299090, 22387097, 24689881, 27229534, 30030421, 33119413, 36526145, 40283301, 44426926, 48996773, 54036684, 59595010, 65725078, 72485697, 79941728, 88164702, 97233508, 107235150, 118265582, 130430628, 143846996, 158643399, 174961791, 192958727, 212806866, 234696626, 258838013, 285462633, 314825918, 347209572, 382924276, 422312669, 465752635, 513660927, 566497166, 624768251, 689033222, 759908623, 838074416, 924280506, 1019353936, 1124206818, 1239845087, 1367378150, 1508029531, 1663148608, 1834223559, 2022895637, 2230974921, 2460457676, 2713545508, 2992666484, 3300498429, 3639994613, 4014412085, 4427342923, 4882748692, 5384998453, 5938910677, 6549799473, 7223525570, 7966552545],
  "maxRate": 4.5,
  "maxRateList": [624, 1196, 1930, 2772, 3677, 6485, 11867, 20552, 33026, 49573, 78756, 132158, 224642, 373259, 596338, 950740, 1545451, 2556340, 4236006, 6919527, 11197857, 18152387, 29655917, 48717944, 79855816, 130246173, 211931915, 345383542, 564614290, 923965462, 1510073241, 2463766859, 4017992798, 6558757103, 10716601682],
  "minRate": 0.04878048780487805,
  "minRateList": [206, 212, 220, 229, 239, 249, 259, 270, 281, 293, 305, 318, 331, 345, 359, 374, 390, 406, 423, 441, 459, 478, 498, 519, 541, 563, 586, 610, 635, 661, 688, 717, 747, 778, 810, 844, 879, 915, 953, 993, 1034, 1077, 1122, 1168, 1216, 1266, 1319, 1374, 1431, 1490, 1552, 1616, 1683, 1753, 1826, 1902, 1981, 2063, 2149, 2238, 2331, 2428, 2529, 2634, 2743, 2857, 2975, 3098, 3226, 3360, 3499, 3644, 3795, 3952, 4116, 4287, 4465, 4650, 4843, 5044, 5253, 5471, 5698, 5934, 6180, 6436, 6703, 6981, 7270, 7571, 7885, 8212, 8553, 8908, 9277, 9662, 10063, 10480, 10915, 11368, 11839, 12330, 12841, 13373, 13928, 14506, 15107, 15733, 16385, 17064, 17772, 18509, 19276, 20075, 20907, 21774, 22677, 23617, 24596, 25616, 26678, 27784, 28936, 30136, 31386, 32687, 34042, 35454, 36924, 38455, 40049, 41710, 43439, 45240, 47116, 49070, 51105, 53224, 55431, 57729, 60123, 62616, 65212, 67916, 70732, 73665, 76719, 79900, 83213, 86663, 90256, 93998, 97896, 101955, 106182, 110585, 115170, 119945, 124918, 130098, 135492, 141110, 146961, 153055, 159401, 166010, 172893, 180062, 187528, 195304, 203402, 211836, 220620, 229768, 239295, 249217, 259550, 270312, 281520, 293193, 305350, 318011, 331197, 344930, 359232, 374127, 389640, 405796, 422622, 440146, 458396, 477403, 497198, 517814, 539285, 561646, 584934, 609188, 634447, 660754, 688151, 716684, 746400, 777349, 809581, 843149, 878109, 914519, 952438, 991930, 1033059, 1075894, 1120505, 1166965, 1215352, 1265745, 1318228, 1372887, 1429812, 1489097, 1550841, 1615145, 1682115, 1751862, 1824501, 1900152, 1978940, 2060994, 2146451, 2235451, 2328141, 2424675, 2525211, 2629916, 2738962, 2852530, 2970807, 3093988, 3222277, 3355885, 3495033, 3639950, 3790876, 3948060, 4111762, 4282251, 4459810, 4644731, 4837319, 5037893, 5246783, 5464335, 5690907, 5926874, 6172625, 6428566, 6695119, 6972724, 7261840, 7562944, 7876533, 8203124, 8543257, 8897493, 9266417, 9650638, 10050790, 10467534, 10901558, 11353578, 11824341, 12314623, 12825234, 13357017, 13910850, 14487647, 15088360, 15713981, 16365543, 17044121, 17750835, 18486853, 19253389, 20051708, 20883129, 21749023, 22650821, 23590011, 24568143, 25586832, 26647760, 27752678, 28903410, 30101856, 31349994, 32649885, 34003674, 35413596, 36881979, 38411247, 40003924, 41662640, 43390132, 45189253, 47062972, 49014383, 51046707, 53163299, 55367653, 57663408, 60054354, 62544437, 65137769, 67838630, 70651479, 73580960, 76631908, 79809360, 83118561, 86564975, 90154290, 93892432, 97785572, 101840136, 106062818, 110460588, 115040707, 119810735, 124778547, 129952343, 135340664, 140952406, 146796832, 152883590, 159222729, 165824713, 172700440, 179861261, 187318997, 195085959, 203174969, 211599381, 220373101, 229510613, 239027001, 248937975, 259259896, 270009803, 281205443, 292865297, 305008613, 317655437, 330826647, 344543986, 358830098, 373708567, 389203954, 405341839, 422148863, 439652770, 457882456, 476868015, 496640788, 517233415, 538679892, 561015622, 584277476, 608503856, 633734754, 660011822, 687378438, 715879778, 745562893, 776476783, 808672482, 842203138, 877124103, 913493025, 951369941, 990817379, 1031900459, 1074687001, 1119247636, 1165655926, 1213988481, 1264325089, 1316748845, 1371346291, 1428207556, 1487426506, 1549100901, 1613332552, 1680227493, 1749896154, 1822453545, 1898019443, 1976718592, 2058680909, 2144041697, 2232941870, 2325528184, 2421953481, 2522376940, 2626964340, 2735888334, 2849328733, 2967472805, 3090515583, 3218660185, 3352118153, 3491109799, 3635864570, 3786621428, 3943629242, 4107147201, 4277445240, 4454804487, 4639517727, 4831889885, 5032238529, 5240894394, 5458201930, 5684519868, 5920221814, 6165696864, 6421350249, 6687604002, 6964897654, 7253688962, 7554454663, 7867691261],
  "province": "Bulgaria",
  "r0": [4.0, 4.5, 2.5, 0.14285714285714285, 2.142857142857143, 1.0869565217391304, 0.04878048780487805, 0.6470588235294118, 0.6923076923076923, 0.3582089552238806, 0.15217391304347827]
}