{
  "input": [4, 4, 4, 7, 7, 23, 41, 51, 52, 67],
  "lastDate": "20_03_18",
  "lastDateRate": 2.142857142857143,
  "lastDateRateList": [116, 204, 313, 424, 568, 817, 1254, 1925, 2834, 4051, 5802, 8489, 12614, 18687, 27368, 39801, 57992, 85022, 125066, 183712, 269000, 393269, 575459, 843458, 1237127, 1813556, 2656275, 3889401, 5696811, 8347797, 12233988, 17926006, 26260437, 38467889, 56356025, 82571714, 120984584, 177256949, 259688140, 380451051, 557390438, 816643118, 1196479437, 1752954023, 2568206275, 3762614356, 5512563895, 8076448403],
  "maxRate": 4.5,
  "maxRateList": [171, 356, 586, 820, 1122, 1892, 3494, 6131, 9821, 14870, 23384, 39107, 66697, 110892, 177807, 283035, 459017, 759154, 1258168, 2058300, 3331958, 5397535, 8813728, 14475484, 23737834, 38731645, 63020553, 102682329, 167822007, 274642260, 448934663, 732527152, 1194597633, 1949796665, 3185686835, 5205892819, 8502265003],
  "minRate": 0.14285714285714285,
  "minRateList": [70, 76, 83, 90, 100, 110, 121, 133, 146, 160, 176, 193, 212, 233, 256, 281, 309, 339, 372, 409, 449, 493, 541, 594, 652, 716, 786, 863, 948, 1041, 1143, 1255, 1378, 1513, 1662, 1825, 2004, 2201, 2417, 2654, 2915, 3201, 3515, 3860, 4239, 4655, 5112, 5614, 6165, 6771, 7436, 8166, 8968, 9849, 10816, 11878, 13045, 14326, 15733, 17278, 18975, 20839, 22886, 25134, 27602, 30313, 33290, 36559, 40150, 44093, 48423, 53179, 58402, 64138, 70437, 77355, 84952, 93295, 102458, 112520, 123571, 135707, 149035, 163672, 179746, 197399, 216786, 238077, 261459, 287137, 315337, 346306, 380317, 417668, 458688, 503736, 553208, 607539, 667206, 732733, 804695, 883725, 970516, 1065831, 1170507, 1285463, 1411709, 1550354, 1702616, 1869831, 2053469, 2255142, 2476621, 2719852, 2986971, 3280324, 3602487, 3956290, 4344840, 4771550, 5240168, 5754809, 6319993, 6940684, 7622334, 8370929, 9193045, 10095901, 11087427, 12176332, 13372179, 14685471, 16127743, 17711661, 19451137, 21361448, 23459372, 25763335, 28293572, 31072306, 34123941, 37475280, 41155756, 45197695, 49636596, 54511445, 59865056, 65744450, 72201264, 79292206, 87079555, 95631706, 105023770, 115338236, 126665694, 139105630, 152767302, 167770698, 184247589, 202342688, 222214921, 244038821, 268006064, 294327148, 323233246, 354978235, 389840924, 428127505, 470174240, 516350418, 567061594, 622753155, 683914227, 751081976, 824846321, 905855120, 994819856, 1092521888, 1199819313, 1317654502, 1447062376, 1589179498, 1745254053, 1916656812, 2104893169, 2311616366, 2538642009, 2787964017, 3061772133, 3362471157, 3692702066, 4055365210, 4453645784, 4891041803, 5371394825, 5898923692, 6478261579, 7114496691, 7813216949],
  "province": "Bulgaria",
  "r0": [4.0, 4.5, 2.5, 0.14285714285714285, 2.142857142857143]
}