{
  "input": [4, 4, 4, 7, 7, 23, 41, 51, 52, 67, 92],
  "lastDate": "20_03_19",
  "lastDateRate": 1.0869565217391304,
  "lastDateRateList": [137, 192, 249, 322, 422, 571, 780, 1051, 1401, 1860, 2481, 3329, 4471, 5994, 8016, 10713, 14331, 19191, 25706, 34419, 46064, 61641, 82501, 110442, 147854, 197924, 264925, 354600, 474646, 635357, 850492, 1138454, 1523889, 2039809, 2730414, 3654862, 4892312, 6548713, 8765897, 11733738, 15706414, 21024144, 28142310, 37670459, 50424522, 67496711, 90349041, 120938508, 161884659, 216693922, 290059912, 388265391, 519720291, 695681877, 931218749, 1246501262, 1668528861, 2233442221, 2989618174, 4001812466, 5356705142, 7170323469, 9597978057],
  "maxRate": 4.5,
  "maxRateList": [277, 507, 741, 1043, 1457, 2704, 4986, 8321, 13015, 19572, 31740, 54177, 91622, 150190, 238264, 381094, 624891, 1037190, 1713045, 2785233, 4500156, 7312166, 11979521, 19688224, 32221773, 52472475, 85377222, 139285067, 227882075, 372880054, 609006192, 993203691, 1619986493, 2645455831, 4323416074, 7063943938, 11533360548],
  "minRate": 0.14285714285714285,
  "minRateList": [98, 105, 112, 122, 135, 149, 164, 180, 197, 216, 237, 260, 286, 314, 345, 379, 416, 457, 502, 551, 605, 664, 729, 801, 880, 966, 1061, 1165, 1279, 1405, 1543, 1695, 1861, 2044, 2245, 2465, 2707, 2973, 3265, 3586, 3938, 4325, 4750, 5216, 5728, 6291, 6909, 7588, 8333, 9151, 10050, 11037, 12121, 13311, 14618, 16054, 17631, 19363, 21265, 23353, 25646, 28165, 30931, 33969, 37305, 40969, 44993, 49412, 54265, 59594, 65447, 71875, 78934, 86686, 95199, 104549, 114817, 126093, 138477, 152077, 167013, 183415, 201428, 221210, 242935, 266794, 292996, 321771, 353372, 388077, 426190, 468047, 514014, 564496, 619936, 680820, 747684, 821115, 901757, 990319, 1087579, 1194391, 1311693, 1440515, 1581989, 1737357, 1907984, 2095369, 2301157, 2527155, 2775349, 3047918, 3347256, 3675993, 4037015, 4433493, 4868910, 5347089, 5872231, 6448947, 7082303, 7777862, 8541732, 9380622, 10301900, 11313658, 12424781, 13645028, 14985117, 16456817, 18073054, 19848023, 21797313, 23938044, 26289018, 28870883, 31706315, 34820217, 38239938, 41995512, 46119924, 50649398, 55623715, 61086563, 67085922, 73674483, 80910111, 88856356, 97583008, 107166711, 117691637, 129250224, 141943989, 155884419, 171193949, 188007040, 206471358, 226749071, 249018274, 273474552, 300332701, 329828609, 362221333, 397795372, 436863165, 479767837, 526886210, 578632115, 635460025, 697869049, 766407311, 841676770, 924338501, 1015118505, 1114814083, 1224300842, 1344540381, 1476588738, 1621605667, 1780864822, 1955764942, 2147842139, 2358783387, 2590441339, 2844850599, 3124245591, 3431080182, 3768049237, 4138112285, 4544519513, 4990840312, 5480994624, 6019287372, 6610446270, 7259663343, 7972640530],
  "province": "Bulgaria",
  "r0": [4.0, 4.5, 2.5, 0.14285714285714285, 2.142857142857143, 1.0869565217391304]
}