{
  "input": [4, 4, 4, 7, 7, 23, 41, 51, 52, 67, 92, 94, 127, 163],
  "lastDate": "20_03_22",
  "lastDateRate": 0.6923076923076923,
  "lastDateRateList": [209, 273, 338, 426, 539, 684, 873, 1107, 1402, 1775, 2249, 2853, 3619, 4590, 5819, 7376, 9351, 11856, 15034, 19063, 24169, 30643, 38851, 49259, 62456, 79188, 100402, 127299, 161401, 204640, 259462, 328971, 417101, 528840, 670514, 850142, 1077891, 1366653, 1732773, 2196975, 2785535, 3531767, 4477911, 5677523, 7198506, 9126953, 11572022, 14672114, 18602707, 23586288, 29904948, 37916348, 48073965, 60952762, 77281731, 97985157, 124234936, 157516912, 199714978, 253217715, 321053593, 407062395, 516112565, 654376781, 829681353, 1051949225, 1333761652, 1691070351, 2144100430, 2718495213, 3446767753, 4370141204, 5540882216, 7025259437, 8907294584],
  "maxRate": 4.5,
  "maxRateList": [465, 879, 1302, 1874, 2608, 4701, 8657, 14516, 22949, 34685, 55840, 94797, 160119, 263390, 419473, 670753, 1097340, 1817876, 3003131, 4890760, 7909149, 12847179, 21027621, 34541711, 56550131, 92141302, 149953608, 244577903, 400015603, 654491193, 1069127052, 1743918288, 2844518852, 4644589066, 7589799435, 12400871169],
  "minRate": 0.04878048780487805,
  "minRateList": [166, 170, 175, 181, 189, 197, 205, 214, 223, 232, 242, 252, 262, 273, 284, 296, 308, 321, 334, 348, 362, 377, 393, 409, 426, 444, 462, 481, 501, 522, 544, 567, 590, 614, 639, 666, 694, 723, 753, 784, 816, 850, 885, 922, 960, 1000, 1041, 1084, 1129, 1176, 1225, 1276, 1329, 1384, 1441, 1501, 1563, 1628, 1696, 1766, 1839, 1915, 1994, 2077, 2163, 2253, 2346, 2443, 2544, 2650, 2760, 2874, 2993, 3117, 3246, 3381, 3521, 3667, 3819, 3977, 4142, 4314, 4493, 4679, 4873, 5075, 5285, 5504, 5732, 5970, 6218, 6476, 6744, 7024, 7315, 7618, 7934, 8263, 8606, 8963, 9335, 9722, 10125, 10545, 10982, 11437, 11911, 12405, 12919, 13455, 14013, 14594, 15199, 15829, 16485, 17169, 17881, 18622, 19394, 20198, 21036, 21908, 22816, 23762, 24747, 25773, 26842, 27955, 29114, 30321, 31578, 32887, 34251, 35671, 37150, 38690, 40294, 41965, 43705, 45517, 47404, 49370, 51417, 53549, 55769, 58081, 60489, 62997, 65609, 68329, 71162, 74113, 77186, 80386, 83719, 87190, 90805, 94570, 98491, 102575, 106828, 111258, 115871, 120675, 125679, 130890, 136317, 141969, 147856, 153987, 160372, 167022, 173947, 181159, 188671, 196494, 204641, 213126, 221963, 231166, 240751, 250733, 261129, 271956, 283232, 294976, 307207, 319945, 333211, 347027, 361416, 376402, 392009, 408263, 425191, 442821, 461182, 480304, 500219, 520960, 542561, 565058, 588487, 612888, 638301, 664767, 692331, 721038, 750935, 782072, 814500, 848272, 883445, 920076, 958226, 997958, 1039337, 1082432, 1127314, 1174057, 1222738, 1273437, 1326239, 1381230, 1438501, 1498147, 1560266, 1624961, 1692338, 1762509, 1835589, 1911700, 1990966, 2073519, 2159495, 2249036, 2342290, 2439410, 2540557, 2645898, 2755607, 2869865, 2988861, 3112791, 3241859, 3376279, 3516272, 3662070, 3813913, 3972052, 4136749, 4308274, 4486912, 4672957, 4866716, 5068509, 5278669, 5497543, 5725492, 5962893, 6210137, 6467633, 6735806, 7015098, 7305971, 7608905, 7924399, 8252975, 8595175, 8951564, 9322730, 9709286, 10111870, 10531147, 10967809, 11422576, 11896200, 12389462, 12903176, 13438191, 13995390, 14575692, 15180056, 15809479, 16465001, 17147703, 17858712, 18599203, 19370397, 20173568, 21010041, 21881198, 22788476, 23733373, 24717449, 25742329, 26809705, 27921338, 29079064, 30284793, 31540516, 32848306, 34210322, 35628813, 37106120, 38644682, 40247038, 41915834, 43653825, 45463880, 47348986, 49312256, 51356931, 53486386, 55704136, 58013843, 60419319, 62924535, 65533627, 68250902, 71080846, 74028130, 77097620, 80294382, 83623694, 87091052, 90702180, 94463040, 98379839, 102459044, 106707388, 111131885, 115739838, 120538855, 125536857, 130742095, 136163163, 141809009, 147688953, 153812702, 160190365, 166832471, 173749984, 180954323, 188457382, 196271546, 204409715, 212885324, 221712364, 230905407, 240479629, 250450835, 260835485, 271650722, 282914400, 294645114, 306862228, 319585910, 332837165, 346637867, 361010799, 375979688, 391569245, 407805204, 424714368, 442324651, 460665124, 479766063, 499659000, 520376774, 541953586, 564425055, 587828278, 612201888, 637586121, 664022881, 691555811, 720230361, 750093868, 781195630, 813586990, 847321420, 882454608, 919044553, 957151657, 996838827, 1038171579, 1081218145, 1126049587, 1172739912, 1221366196, 1272008712, 1324751061, 1379680309, 1436887134, 1496465973, 1558515178, 1623137181, 1690438659, 1760530714, 1833529054, 1909554185, 1988731608, 2071192030, 2157071577, 2246512019, 2339661004, 2436672302, 2537706060, 2642929064, 2752515016, 2866644821, 2985506885, 3109297425, 3238220794, 3372489819, 3512326152, 3657960634, 3809633679, 3967595669, 4132107367, 4303440350, 4481877454, 4667713243, 4861254495, 5062820708, 5272744628, 5491372796, 5719066125, 5956200491, 6203167355, 6460374410, 6728246254, 7007225089, 7297771454, 7600364984, 7915505199],
  "province": "Bulgaria",
  "r0": [4.0, 4.5, 2.5, 0.14285714285714285, 2.142857142857143, 1.0869565217391304, 0.04878048780487805, 0.6470588235294118, 0.6923076923076923]
}