{
  "input": [3, 4, 4, 4, 4, 5, 7, 11, 16, 21, 35, 40],
  "lastDate": "20_03_24",
  "lastDateRate": 0.7142857142857143,
  "lastDateRateList": [48, 59, 74, 99, 128, 162, 204, 257, 328, 419, 535, 681, 865, 1099, 1398, 1780, 2266, 2884, 3669, 4668, 5939, 7558, 9618, 12239, 15573, 19815, 25214, 32084, 40826, 51950, 66104, 84114, 107031, 136192, 173299, 220516, 280597, 357048, 454328, 578113, 735624, 936050, 1191084, 1515604, 1928542, 2453988, 3122595, 3973369, 5055943, 6433473, 8186322, 10416747, 13254868, 16866256, 21461594, 27308967, 34749501, 44217264, 56264590, 71594300, 91100705, 115921777, 147505537, 187694530, 238833316, 303905248, 386706517, 492067615, 626135136, 796730362, 1013805539, 1290024480, 1641501348, 2088740731, 2657833847, 3381980661, 4303426718, 5475927681, 6967885346, 8866338094],
  "maxRate": 2.8,
  "maxRateList": [71, 116, 175, 273, 385, 584, 909, 1399, 2163, 3241, 4876, 7421, 11338, 17394, 26469, 40122, 60901, 92647, 141350, 215463, 327805, 498328, 757740, 1153520, 1756816, 2674670, 4069988, 6191660, 9421516, 14340601, 21829677, 33225643, 50562291, 76942536, 117096219, 178219315, 271251115, 412825530, 628264631, 956134044, 1455148126, 2214651248, 3370562732, 5129703699, 7806879022],
  "minRate": 0.3333333333333333,
  "minRateList": [44, 49, 56, 68, 81, 96, 112, 131, 154, 181, 213, 250, 294, 345, 405, 476, 559, 657, 772, 907, 1066, 1252, 1471, 1728, 2030, 2385, 2802, 3292, 3868, 4545, 5340, 6274, 7371, 8660, 10175, 11955, 14046, 16503, 19390, 22782, 26767, 31449, 36950, 43413, 51007, 59929, 70412, 82729, 97200, 114202, 134178, 157649, 185225, 217625, 255692, 300418, 352968, 414710, 487252, 572483, 672622, 790278, 928515, 1090932, 1281760, 1505967, 1769393, 2078898, 2442542, 2869795, 3371784, 3961582, 4654548, 5468729, 6425327, 7549255, 8869782, 10421298, 12244208, 14385984, 16902402, 19858996, 23332762, 27414165, 32209493, 37843627, 44463292, 52240879, 61378934, 72115432, 84729974, 99551071, 116964697, 137424342, 161462819, 189706144, 222889834, 261878066, 307686180, 361507120, 424742501, 499039112, 586331801, 688893861, 809396234, 950977068, 1117323439, 1312767373, 1542398660, 1812197405, 2129189761, 2501630907, 2939220031, 3453352918, 4057418720, 4767148640, 5601025609, 6580765619, 7731883258, 9084356165],
  "province": "Cuba",
  "r0": [0.3333333333333333, 0.5, 1.0, 1.25, 1.25, 2.8, 0.7142857142857143]
}