{
  "input": [3, 4, 4, 4, 4, 5, 7, 11, 16, 21, 35],
  "lastDate": "20_03_23",
  "lastDateRate": 2.8,
  "lastDateRateList": [55, 86, 131, 190, 288, 442, 683, 1050, 1582, 2388, 3626, 5538, 8478, 12908, 19594, 29747, 45253, 68991, 105133, 159996, 243288, 369996, 563171, 857543, 1305532, 1986738, 3022727, 4599606, 7000726, 10656216, 16219082, 24682718, 37561615, 57163648, 87001053, 132414483, 201526093, 306698615, 466756829, 710359777, 1081120329, 1645393389, 2504149511, 3811068632, 5800076008, 8827212929],
  "maxRate": 2.8,
  "maxRateList": [55, 86, 131, 190, 288, 442, 683, 1050, 1582, 2388, 3626, 5538, 8478, 12908, 19594, 29747, 45253, 68991, 105133, 159996, 243288, 369996, 563171, 857543, 1305532, 1986738, 3022727, 4599606, 7000726, 10656216, 16219082, 24682718, 37561615, 57163648, 87001053, 132414483, 201526093, 306698615, 466756829, 710359777, 1081120329, 1645393389, 2504149511, 3811068632, 5800076008, 8827212929],
  "minRate": 0.3333333333333333,
  "minRateList": [37, 41, 46, 53, 65, 77, 91, 106, 124, 146, 172, 202, 237, 278, 327, 384, 451, 530, 623, 732, 860, 1010, 1187, 1395, 1639, 1926, 2263, 2659, 3124, 3670, 4312, 5066, 5952, 6993, 8216, 9653, 11342, 13326, 15657, 18396, 21614, 25395, 29837, 35056, 41188, 48393, 56858, 66804, 78489, 92218, 108349, 127302, 149570, 175733, 206472, 242588, 285022, 334879, 393457, 462281, 543144, 638151, 749777, 880929, 1035023, 1216071, 1428788, 1678714, 1972357, 2317365, 2722722, 3198985, 3758556, 4416008, 5188463, 6096037, 7162365, 8415217, 9887220, 11616708, 13648720, 16036175, 18841247, 22136987, 26009223, 30558796, 35904188, 42184604, 49563600, 58233341, 68419606, 80387669, 94449204, 110970404, 130381518, 153188053, 179983943, 211467011, 248457146, 291917652, 342980336, 402974984, 473463988, 556283037, 653588921, 767915700, 902240695, 1060062024, 1245489703, 1463352677, 1719324577, 2020071475, 2373425483, 2788588717, 3276372943, 3849481135, 4522838293, 5313980121, 6243509693, 7335634007, 8618794385],
  "province": "Cuba",
  "r0": [0.3333333333333333, 0.5, 1.0, 1.25, 1.25, 2.8]
}