{
  "input": [3, 4, 4, 4, 4, 5, 7, 11],
  "lastDate": "20_03_20",
  "lastDateRate": 1.0,
  "lastDateRateList": [15, 19, 24, 31, 42, 57, 76, 100, 131, 173, 230, 306, 406, 537, 710, 940, 1246, 1652, 2189, 2899, 3839, 5085, 6737, 8926, 11825, 15664, 20749, 27486, 36412, 48237, 63901, 84650, 112136, 148548, 196785, 260686, 345336, 457472, 606020, 802805, 1063491, 1408827, 1866299, 2472319, 3275124, 4338615, 5747442, 7613741, 10086060, 13361184, 17699799, 23447241, 31060982, 41147042, 54508226, 72208025, 95655266, 126716248, 167863290, 222371516, 294579541, 390234807, 516951055, 684814345, 907185861, 1201765402, 1592000209, 2108951264, 2793765609, 3700951470, 4902716872, 6494717081, 8603668345],
  "maxRate": 1.0,
  "maxRateList": [15, 19, 24, 31, 42, 57, 76, 100, 131, 173, 230, 306, 406, 537, 710, 940, 1246, 1652, 2189, 2899, 3839, 5085, 6737, 8926, 11825, 15664, 20749, 27486, 36412, 48237, 63901, 84650, 112136, 148548, 196785, 260686, 345336, 457472, 606020, 802805, 1063491, 1408827, 1866299, 2472319, 3275124, 4338615, 5747442, 7613741, 10086060, 13361184, 17699799, 23447241, 31060982, 41147042, 54508226, 72208025, 95655266, 126716248, 167863290, 222371516, 294579541, 390234807, 516951055, 684814345, 907185861, 1201765402, 1592000209, 2108951264, 2793765609, 3700951470, 4902716872, 6494717081, 8603668345],
  "minRate": 0.3333333333333333,
  "minRateList": [12, 13, 15, 17, 21, 25, 29, 34, 40, 47, 55, 65, 76, 89, 105, 123, 145, 170, 200, 235, 276, 324, 381, 448, 526, 618, 726, 853, 1002, 1177, 1383, 1625, 1909, 2243, 2635, 3096, 3638, 4274, 5022, 5900, 6932, 8145, 9570, 11244, 13211, 15522, 18237, 21427, 25175, 29579, 34753, 40832, 47974, 56366, 66226, 77810, 91421, 107412, 126201, 148276, 174213, 204687, 240491, 282558, 331983, 390054, 458283, 538447, 632633, 743294, 873312, 1026073, 1205555, 1416433, 1664198, 1955302, 2297326, 2699178, 3171322, 3726055, 4377822, 5143597, 6043323, 7100430, 8342448, 9801722, 11516254, 13530695, 15897505, 18678321, 21945562, 25784313, 30294545, 35593713, 41819820, 49135007, 57729778, 67827960, 79692531, 93632471, 110010807, 129254066, 151863386, 178427563, 209638387, 246308656, 289393345, 340014474, 399490328, 469369790, 551472675, 647937123, 761275281, 894438724, 1050895321, 1234719546, 1450698587, 1704457014, 2002603255, 2352901695, 2764474877, 3248041073, 3816193411, 4483727829, 5268028394, 6189520020, 7272200378, 8544264848],
  "province": "Cuba",
  "r0": [0.3333333333333333, 0.5, 1.0]
}