{
  "input": [3, 4, 4, 4, 4, 5, 7, 11, 16],
  "lastDate": "20_03_21",
  "lastDateRate": 1.25,
  "lastDateRateList": [21, 27, 36, 50, 70, 96, 130, 175, 238, 326, 446, 609, 828, 1126, 1534, 2092, 2853, 3888, 5296, 7214, 9829, 13395, 18255, 24875, 33893, 46179, 62923, 85742, 116836, 159202, 216926, 295580, 402758, 548803, 747806, 1018964, 1388439, 1891887, 2577891, 3512649, 4786354, 6521903, 8886762, 12109126, 16499937, 22482880, 30635259, 41743712, 56880120, 77505041, 105608641, 143902715, 196082355, 267182505, 364063806, 496074607, 675953001, 921055945, 1255034076, 1710113834, 2330207093, 3175148344, 4326468275, 5895260870, 8032903163],
  "maxRate": 1.25,
  "maxRateList": [21, 27, 36, 50, 70, 96, 130, 175, 238, 326, 446, 609, 828, 1126, 1534, 2092, 2853, 3888, 5296, 7214, 9829, 13395, 18255, 24875, 33893, 46179, 62923, 85742, 116836, 159202, 216926, 295580, 402758, 548803, 747806, 1018964, 1388439, 1891887, 2577891, 3512649, 4786354, 6521903, 8886762, 12109126, 16499937, 22482880, 30635259, 41743712, 56880120, 77505041, 105608641, 143902715, 196082355, 267182505, 364063806, 496074607, 675953001, 921055945, 1255034076, 1710113834, 2330207093, 3175148344, 4326468275, 5895260870, 8032903163],
  "minRate": 0.3333333333333333,
  "minRateList": [17, 19, 21, 25, 30, 36, 42, 49, 57, 67, 79, 93, 109, 128, 150, 176, 207, 243, 286, 336, 395, 464, 545, 640, 752, 884, 1039, 1221, 1434, 1685, 1980, 2326, 2733, 3211, 3773, 4433, 5208, 6119, 7189, 8447, 9925, 11661, 13701, 16097, 18913, 22221, 26108, 30675, 36041, 42345, 49752, 58455, 68680, 80694, 94809, 111393, 130878, 153771, 180669, 212272, 249403, 293029, 344286, 404509, 475266, 558400, 656076, 770838, 905674, 1064096, 1250229, 1468921, 1725867, 2027758, 2382457, 2799200, 3288840, 3864129, 4540048, 5334200, 6267267, 7363547, 8651590, 10164939, 11943006, 14032095, 16486611, 19370474, 22758787, 26739789, 31417154, 36912691, 43369516, 50955778, 59869041, 70341426, 82645656, 97102161, 114087420, 134043767, 157490909, 185039461, 217406848, 255435988, 300117244, 352614214, 414294034, 486762983, 571908312, 671947393, 789485464, 927583475, 1089837803, 1280473907, 1504456371, 1767618192, 2076812684, 2440091952, 2866916588, 3368402045, 3957608109, 4649879004, 5463242988, 6418881851, 7541682533, 8860885236],
  "province": "Cuba",
  "r0": [0.3333333333333333, 0.5, 1.0, 1.25]
}