{
  "input": [3, 4, 4, 4, 4, 5, 7, 11, 16, 21],
  "lastDate": "20_03_22",
  "lastDateRate": 1.25,
  "lastDateRateList": [27, 36, 50, 70, 96, 130, 175, 238, 326, 446, 609, 828, 1126, 1534, 2092, 2853, 3888, 5296, 7214, 9829, 13395, 18255, 24875, 33893, 46179, 62923, 85742, 116836, 159202, 216926, 295580, 402758, 548803, 747806, 1018964, 1388439, 1891887, 2577891, 3512649, 4786354, 6521903, 8886762, 12109126, 16499937, 22482880, 30635259, 41743712, 56880120, 77505041, 105608641, 143902715, 196082355, 267182505, 364063806, 496074607, 675953001, 921055945, 1255034076, 1710113834, 2330207093, 3175148344, 4326468275, 5895260870, 8032903163],
  "maxRate": 1.25,
  "maxRateList": [27, 36, 50, 70, 96, 130, 175, 238, 326, 446, 609, 828, 1126, 1534, 2092, 2853, 3888, 5296, 7214, 9829, 13395, 18255, 24875, 33893, 46179, 62923, 85742, 116836, 159202, 216926, 295580, 402758, 548803, 747806, 1018964, 1388439, 1891887, 2577891, 3512649, 4786354, 6521903, 8886762, 12109126, 16499937, 22482880, 30635259, 41743712, 56880120, 77505041, 105608641, 143902715, 196082355, 267182505, 364063806, 496074607, 675953001, 921055945, 1255034076, 1710113834, 2330207093, 3175148344, 4326468275, 5895260870, 8032903163],
  "minRate": 0.3333333333333333,
  "minRateList": [23, 25, 29, 34, 41, 49, 57, 67, 78, 92, 108, 127, 149, 175, 206, 242, 284, 334, 392, 461, 542, 637, 748, 879, 1033, 1214, 1426, 1675, 1968, 2312, 2717, 3192, 3750, 4406, 5177, 6083, 7147, 8397, 9866, 11592, 13620, 16002, 18801, 22090, 25954, 30494, 35828, 42095, 49458, 58109, 68274, 80217, 94249, 110735, 130105, 152863, 179602, 211018, 247930, 291298, 342252, 402119, 472458, 555101, 652200, 766284, 900324, 1057810, 1242844, 1460244, 1715672, 2015780, 2368383, 2782664, 3269412, 3841303, 4513230, 5302691, 6230246, 7320050, 8600484, 10104894, 11872458, 13949207, 16389224, 19256052, 22624350, 26581836, 31231572, 36694647, 43113331, 50654781, 59515393, 69925917, 82157466, 96528576, 113413503, 133251967, 156560606, 183946428, 216122620, 253927121, 298344443, 350531312, 411846788, 483887661, 568530035, 667978183, 784821954, 922104217, 1083400104, 1272910116, 1495569510, 1757176828, 2064544900, 2425678268, 2849981640, 3348504810, 3934230419, 4622412052, 5430971475, 6380965355, 7497133625, 8808543765],
  "province": "Cuba",
  "r0": [0.3333333333333333, 0.5, 1.0, 1.25, 1.25]
}