{
  "input": [3, 4, 4, 4, 4, 5, 7, 11, 16, 21, 35, 40, 48],
  "lastDate": "20_03_25",
  "lastDateRate": 0.7272727272727273,
  "lastDateRateList": [60, 75, 100, 129, 164, 208, 263, 336, 430, 549, 700, 891, 1135, 1448, 1847, 2356, 3004, 3829, 4882, 6225, 7938, 10123, 12908, 16459, 20986, 26759, 34121, 43509, 55479, 70742, 90203, 115018, 146661, 187009, 238458, 304060, 387709, 494372, 630379, 803803, 1024938, 1306908, 1666451, 2124908, 2709492, 3454901, 4405380, 5617344, 7162732, 9133272, 11645927, 14849840, 18935181, 24144441, 30786821, 39256586, 50056470, 63827511, 81387104, 103777519, 132327763, 168732468, 215152476, 274343097, 349817656, 446056029, 568770551, 725245079, 924767331, 1179180172, 1503584557, 1917235867, 2444686834, 3117244893, 3974830473, 5068346514, 6462699872, 8240653933],
  "maxRate": 2.8,
  "maxRateList": [93, 152, 250, 362, 496, 756, 1182, 1882, 2896, 4285, 6402, 9712, 14982, 23091, 35089, 53015, 80209, 122159, 186814, 285063, 433505, 658090, 1000135, 1523214, 2321390, 3535204, 5377856, 8178234, 12443233, 18943125, 28841696, 43899693, 66798748, 101639800, 154680550, 235437299, 358356439, 545392933, 829984373, 1263089913, 1922314350, 2925712379, 4452812591, 6776768835, 10313420591],
  "minRate": 0.3333333333333333,
  "minRateList": [53, 60, 72, 85, 101, 119, 139, 163, 191, 225, 265, 311, 365, 429, 504, 592, 696, 818, 961, 1129, 1326, 1558, 1831, 2151, 2527, 2969, 3488, 4098, 4815, 5657, 6647, 7810, 9176, 10781, 12667, 14883, 17486, 20545, 24139, 28361, 33322, 39151, 45999, 54045, 63499, 74606, 87656, 102989, 121004, 142170, 167039, 196258, 230588, 270923, 318313, 373993, 439412, 516275, 606583, 712687, 837351, 983822, 1155914, 1358108, 1595670, 1874787, 2202728, 2588033, 3040736, 3572626, 4197555, 4931798, 5794476, 6808055, 7998930, 9398115, 11042048, 12973540, 15242892, 17909202, 21041907, 24722590, 29047103, 34128067, 40097801, 47111770, 55352633, 65035001, 76411023, 89776957, 105480880, 123931758, 145610092, 171080433, 201006085, 236166378, 277476964, 326013661, 383040472, 450042500, 528764626, 621256947, 729928167, 857608324, 1007622491, 1183877366, 1390963015, 1634272404, 1920141845, 2256016009, 2650641798, 3114296136, 3659053604, 4299100886, 5051106222, 5934653488, 6972752200, 8192436735],
  "province": "Cuba",
  "r0": [0.3333333333333333, 0.5, 1.0, 1.25, 1.25, 2.8, 0.7142857142857143, 0.7272727272727273]
}