{
  "input": [1, 1, 5, 7, 7, 13, 19, 26, 32],
  "lastDate": "20_03_04",
  "lastDateRate": 0.8571428571428571,
  "lastDateRateList": [38, 49, 65, 87, 114, 147, 189, 245, 320, 418, 544, 706, 916, 1190, 1548, 2014, 2619, 3404, 4424, 5751, 7477, 9722, 12640, 16432, 21361, 27770, 36103, 46937, 61022, 79331, 103134, 134079, 174311, 226616, 294614, 383015, 497940, 647349, 841591, 1094117, 1422416, 1849222, 2404093, 3125457, 4063272, 5282486, 6867533, 8928184, 11607147, 15089952, 19617797, 25504254, 33156983, 43105966, 56040211, 72855466, 94716255, 123136526, 160084497, 208118964, 270566506, 351751867, 457297461, 594512744, 772900427, 1004814575, 1306316175, 1698285427, 2207867779, 2870353859, 3731623495, 4851323074, 6306996297, 8199454393],
  "maxRate": 6.0,
  "maxRateList": [74, 152, 266, 422, 614, 1058, 1970, 3566, 6098, 9782, 16130, 27950, 49346, 85934, 144626, 241406, 409106, 705182, 1220786, 2088542, 3536978, 5991614, 10222706, 17547422, 30078674, 51300542, 87250226, 148586462, 253870994, 434343038, 742146290, 1265647646, 2157166418, 3680392382, 6286450610, 10739328350],
  "minRate": 0.8571428571428571,
  "minRateList": [38, 49, 65, 87, 114, 147, 189, 245, 320, 418, 544, 706, 916, 1190, 1548, 2014, 2619, 3404, 4424, 5751, 7477, 9722, 12640, 16432, 21361, 27770, 36103, 46937, 61022, 79331, 103134, 134079, 174311, 226616, 294614, 383015, 497940, 647349, 841591, 1094117, 1422416, 1849222, 2404093, 3125457, 4063272, 5282486, 6867533, 8928184, 11607147, 15089952, 19617797, 25504254, 33156983, 43105966, 56040211, 72855466, 94716255, 123136526, 160084497, 208118964, 270566506, 351751867, 457297461, 594512744, 772900427, 1004814575, 1306316175, 1698285427, 2207867779, 2870353859, 3731623495, 4851323074, 6306996297, 8199454393],
  "province": "Iraq",
  "r0": [6.0, 6.0, 1.4, 0.8571428571428571]
}