{
  "input": [1, 1, 5, 7, 7, 13, 19, 26, 32, 35],
  "lastDate": "20_03_05",
  "lastDateRate": 0.42857142857142855,
  "lastDateRateList": [41, 49, 60, 74, 89, 107, 128, 154, 186, 224, 270, 325, 391, 471, 567, 683, 822, 990, 1192, 1435, 1728, 2080, 2504, 3015, 3630, 4371, 5262, 6335, 7627, 9183, 11056, 13311, 16026, 19295, 23231, 27969, 33674, 40542, 48811, 58767, 70754, 85186, 102561, 123480, 148666, 178989, 215497, 259452, 312372, 376086, 452796, 545152, 656346, 790220, 951400, 1145455, 1379092, 1660383, 1999049, 2406792, 2897701, 3488740, 4200333, 5057068, 6088550, 7330422, 8825596, 10625739, 12793054, 15402433, 18544042, 22326440, 26880328, 32363065, 38964108, 46911555, 56480029, 68000170, 81870055, 98568958, 118673910, 142879637, 172022567, 207109733, 249353572, 300213819, 361447949, 435171906, 523933220, 630799037, 759462102, 914368366, 1100870611, 1325413420, 1595755864, 1921239622, 2313111779, 2784913469, 3352947792, 4036843162, 4860231571, 5851565191, 7045099535, 8482077160],
  "maxRate": 6.0,
  "maxRateList": [113, 227, 383, 575, 785, 1463, 2825, 5123, 8573, 13283, 22061, 39011, 69749, 121187, 200885, 333251, 567317, 985811, 1712933, 2918243, 4917749, 8321651, 14236517, 24514115, 42023573, 71530067, 121459973, 206879075, 353963765, 606105203, 1035285605, 1764045443, 3005319893, 5129102483, 8765733701],
  "minRate": 0.42857142857142855,
  "minRateList": [41, 49, 60, 74, 89, 107, 128, 154, 186, 224, 270, 325, 391, 471, 567, 683, 822, 990, 1192, 1435, 1728, 2080, 2504, 3015, 3630, 4371, 5262, 6335, 7627, 9183, 11056, 13311, 16026, 19295, 23231, 27969, 33674, 40542, 48811, 58767, 70754, 85186, 102561, 123480, 148666, 178989, 215497, 259452, 312372, 376086, 452796, 545152, 656346, 790220, 951400, 1145455, 1379092, 1660383, 1999049, 2406792, 2897701, 3488740, 4200333, 5057068, 6088550, 7330422, 8825596, 10625739, 12793054, 15402433, 18544042, 22326440, 26880328, 32363065, 38964108, 46911555, 56480029, 68000170, 81870055, 98568958, 118673910, 142879637, 172022567, 207109733, 249353572, 300213819, 361447949, 435171906, 523933220, 630799037, 759462102, 914368366, 1100870611, 1325413420, 1595755864, 1921239622, 2313111779, 2784913469, 3352947792, 4036843162, 4860231571, 5851565191, 7045099535, 8482077160],
  "province": "Iraq",
  "r0": [6.0, 6.0, 1.4, 0.8571428571428571, 0.42857142857142855]
}