{
  "input": [2, 2, 3, 14, 14, 21, 27, 47],
  "lastDate": "20_03_25",
  "lastDateRate": 6.666666666666667,
  "lastDateRateList": [140, 233, 373, 553, 866, 1799, 3352, 5839, 9526, 15299, 27292, 49639, 88566, 152073, 254066, 436013, 766940, 1357380, 2371200, 4064973, 6971726, 12084659, 21133859, 36941859, 64041679, 110519852, 191084245, 331976638, 578255698, 1005200225, 1741999238, 3015894205, 5229071792, 9084109779],
  "maxRate": 6.666666666666667,
  "maxRateList": [140, 233, 373, 553, 866, 1799, 3352, 5839, 9526, 15299, 27292, 49639, 88566, 152073, 254066, 436013, 766940, 1357380, 2371200, 4064973, 6971726, 12084659, 21133859, 36941859, 64041679, 110519852, 191084245, 331976638, 578255698, 1005200225, 1741999238, 3015894205, 5229071792, 9084109779],
  "minRate": 3.0,
  "minRateList": [89, 131, 194, 275, 416, 683, 1076, 1658, 2483, 3731, 5780, 9008, 13982, 21431, 32624, 49964, 76988, 118934, 183227, 281099, 430991, 661955, 1018757, 1568438, 2411735, 3704708, 5690573, 8746844, 13452158, 20687363, 31801487, 48873206, 75113738, 115470212, 177532301, 272936762, 419556380, 644897594, 991308230, 1523905133, 2342715419, 3601384559, 5536077341, 8510002031],
  "province": "Montenegro",
  "r0": [3.5, 3.0, 6.666666666666667]
}