{
  "input": [1, 1, 3, 3, 3, 6, 12, 23],
  "lastDate": "20_03_16",
  "lastDateRate": 3.6666666666666665,
  "lastDateRateList": [34, 45, 67, 111, 195, 320, 485, 731, 1138, 1853, 3026, 4804, 7484, 11657, 18451, 29546, 47161, 74602, 117344, 184998, 293333, 466257, 739798, 1170059, 1848385, 2923939, 4633548, 7346141, 11636357, 18413769, 29134879, 46124555, 73060405, 115727047, 183244200, 290072090, 459195458, 727083610, 1151416116, 1823311516, 2886909179, 4570625858, 7236599095, 11458458187],
  "maxRate": 6.0,
  "maxRateList": [41, 59, 95, 167, 305, 551, 905, 1475, 2477, 4307, 7613, 13043, 21893, 36755, 62597, 108275, 186533, 317891, 538421, 914003, 1563653, 2682851, 4590197, 7820723, 13304741, 22686659, 38783765, 66324947, 113249285, 193077731, 329197685, 561900275, 959849957, 1639345667, 2797812053, 4772998163, 8144399813],
  "minRate": 3.0,
  "minRateList": [32, 41, 59, 95, 164, 260, 383, 560, 845, 1337, 2117, 3266, 4946, 7481, 11492, 17843, 27641, 42479, 64922, 99398, 152927, 235850, 363287, 558053, 856247, 1315028, 2022578, 3112439, 4786598, 7355339, 11300423, 17368157, 26705474, 41065268, 63131285, 97032554, 149137025, 229253447, 352449251, 541843106, 832940768, 1280351843, 1968112184, 3025459937, 4650989255, 7149811559, 10990867088],
  "province": "Moldova",
  "r0": [3.0, 6.0, 3.6666666666666665]
}