{
  "input": [1, 1, 2, 6, 6, 9, 12, 17, 19, 20],
  "lastDate": "20_03_24",
  "lastDateRate": 0.16666666666666666,
  "lastDateRateList": [22, 24, 27, 30, 33, 37, 41, 46, 51, 57, 63, 70, 78, 87, 97, 108, 120, 133, 148, 164, 182, 202, 224, 249, 276, 306, 340, 377, 419, 465, 516, 573, 636, 706, 784, 870, 966, 1072, 1190, 1321, 1466, 1627, 1806, 2004, 2224, 2468, 2739, 3040, 3374, 3745, 4156, 4613, 5120, 5682, 6306, 6999, 7768, 8621, 9568, 10619, 11786, 13081, 14518, 16113, 17883, 19847, 22027, 24447, 27133, 30114, 33422, 37093, 41168, 45690, 50709, 56279, 62461, 69322, 76937, 85389, 94769, 105179, 116733, 129556, 143788, 159583, 177113, 196569, 218162, 242127, 268724, 298243, 331005, 367365, 407720, 452507, 502214, 557382, 618610, 686563, 761981, 845683, 938580, 1041682, 1156109, 1283106, 1424053, 1580483, 1754097, 1946782, 2160633, 2397975, 2661389, 2953739, 3278203, 3638309, 4037972, 4481537, 4973827, 5520194, 6126579, 6799574, 7546497, 8375468, 9295500, 10316597, 11449859, 12707609, 14103520, 15652770, 17372203, 19280513, 21398448, 23749035, 26357830, 29253197, 32466616, 36033024, 39991197, 44384169, 49259702, 54670805, 60676309, 67341509, 74738871, 82948821, 92060622, 102173340, 113396925, 125853404, 139678208, 155021645, 172050535, 190950023, 211925590, 235205291, 261042232, 289717321, 321542325, 356863257, 396064139, 439571178, 487857398, 541447786, 600924996, 666935686, 740197549, 821507115, 911748413, 1011902579, 1123058527, 1246424785, 1383342638, 1535300707, 1703951137, 1891127558, 2098865022, 2329422128, 2585305579, 2869297435, 3184485361, 3534296198, 3922533219, 4353417482, 4831633721, 5362381281, 5951430647, 6605186184, 7330755764, 8136028051],
  "maxRate": 3.0,
  "maxRateList": [47, 83, 134, 191, 251, 392, 641, 1043, 1616, 2369, 3545, 5468, 8597, 13445, 20552, 31187, 47591, 73382, 113717, 175373, 268934, 411707, 631853, 973004, 1499123, 2305925, 3541046, 5436605, 8355617, 12852986, 19770761, 30393899, 46703714, 71770565, 110329523, 169641806, 260823503, 400934645, 616246340, 947234909, 1456160327, 2238630836, 3441434771, 5290173791, 8131878518],
  "minRate": 0.16666666666666666,
  "minRateList": [22, 24, 27, 30, 33, 37, 41, 46, 51, 57, 63, 70, 78, 87, 97, 108, 120, 133, 148, 164, 182, 202, 224, 249, 276, 306, 340, 377, 419, 465, 516, 573, 636, 706, 784, 870, 966, 1072, 1190, 1321, 1466, 1627, 1806, 2004, 2224, 2468, 2739, 3040, 3374, 3745, 4156, 4613, 5120, 5682, 6306, 6999, 7768, 8621, 9568, 10619, 11786, 13081, 14518, 16113, 17883, 19847, 22027, 24447, 27133, 30114, 33422, 37093, 41168, 45690, 50709, 56279, 62461, 69322, 76937, 85389, 94769, 105179, 116733, 129556, 143788, 159583, 177113, 196569, 218162, 242127, 268724, 298243, 331005, 367365, 407720, 452507, 502214, 557382, 618610, 686563, 761981, 845683, 938580, 1041682, 1156109, 1283106, 1424053, 1580483, 1754097, 1946782, 2160633, 2397975, 2661389, 2953739, 3278203, 3638309, 4037972, 4481537, 4973827, 5520194, 6126579, 6799574, 7546497, 8375468, 9295500, 10316597, 11449859, 12707609, 14103520, 15652770, 17372203, 19280513, 21398448, 23749035, 26357830, 29253197, 32466616, 36033024, 39991197, 44384169, 49259702, 54670805, 60676309, 67341509, 74738871, 82948821, 92060622, 102173340, 113396925, 125853404, 139678208, 155021645, 172050535, 190950023, 211925590, 235205291, 261042232, 289717321, 321542325, 356863257, 396064139, 439571178, 487857398, 541447786, 600924996, 666935686, 740197549, 821507115, 911748413, 1011902579, 1123058527, 1246424785, 1383342638, 1535300707, 1703951137, 1891127558, 2098865022, 2329422128, 2585305579, 2869297435, 3184485361, 3534296198, 3922533219, 4353417482, 4831633721, 5362381281, 5951430647, 6605186184, 7330755764, 8136028051],
  "province": "Guatemala",
  "r0": [3.0, 3.0, 2.5, 0.3333333333333333, 0.16666666666666666]
}