{
  "input": [1, 1, 2, 6, 6, 9, 12, 17, 19],
  "lastDate": "20_03_23",
  "lastDateRate": 0.3333333333333333,
  "lastDateRateList": [21, 24, 28, 34, 40, 47, 55, 64, 75, 88, 104, 122, 143, 168, 197, 232, 273, 321, 377, 443, 520, 611, 718, 844, 992, 1165, 1369, 1608, 1889, 2220, 2608, 3064, 3600, 4230, 4970, 5839, 6860, 8060, 9470, 11127, 13073, 15360, 18047, 21204, 24913, 29271, 34391, 40407, 47475, 55779, 65536, 77000, 90469, 106294, 124887, 146732, 172399, 202555, 237986, 279615, 328526, 385992, 453510, 532839, 626044, 735553, 864217, 1015387, 1193000, 1401681, 1646865, 1934937, 2273399, 2671066, 3138293, 3687248, 4332227, 5090027, 5980382, 7026480, 8255563, 9699639, 11396315, 13389776, 15731936, 18483790, 21717003, 25515775, 29979034, 35223013, 41384276, 48623277, 57128535, 67121546, 78862550, 92657309, 108865068, 127907913, 150281762, 176569279, 207455049, 243743405, 286379376, 336473297, 395329723, 464481406, 545729208, 641189000, 753346766, 885123340, 1039950475, 1221860211, 1435589878, 1686705467, 1981746580, 2328396738, 2735683475, 3214213434, 3776448590, 4437030783, 5213163029, 6125057521, 7196461999, 8455278196],
  "maxRate": 3.0,
  "maxRateList": [37, 64, 100, 151, 208, 319, 511, 811, 1264, 1888, 2845, 4378, 6811, 10603, 16267, 24802, 37936, 58369, 90178, 138979, 213385, 327193, 502300, 772834, 1189771, 1829926, 2811505, 4318405, 6636907, 10206220, 15695998, 24130513, 37085728, 56996449, 87615109, 134703103, 207094642, 318351826, 489341173, 752186500, 1156295809, 1777579735, 2732635213, 4200658732, 6457218232, 9926105659],
  "minRate": 0.3333333333333333,
  "minRateList": [21, 24, 28, 34, 40, 47, 55, 64, 75, 88, 104, 122, 143, 168, 197, 232, 273, 321, 377, 443, 520, 611, 718, 844, 992, 1165, 1369, 1608, 1889, 2220, 2608, 3064, 3600, 4230, 4970, 5839, 6860, 8060, 9470, 11127, 13073, 15360, 18047, 21204, 24913, 29271, 34391, 40407, 47475, 55779, 65536, 77000, 90469, 106294, 124887, 146732, 172399, 202555, 237986, 279615, 328526, 385992, 453510, 532839, 626044, 735553, 864217, 1015387, 1193000, 1401681, 1646865, 1934937, 2273399, 2671066, 3138293, 3687248, 4332227, 5090027, 5980382, 7026480, 8255563, 9699639, 11396315, 13389776, 15731936, 18483790, 21717003, 25515775, 29979034, 35223013, 41384276, 48623277, 57128535, 67121546, 78862550, 92657309, 108865068, 127907913, 150281762, 176569279, 207455049, 243743405, 286379376, 336473297, 395329723, 464481406, 545729208, 641189000, 753346766, 885123340, 1039950475, 1221860211, 1435589878, 1686705467, 1981746580, 2328396738, 2735683475, 3214213434, 3776448590, 4437030783, 5213163029, 6125057521, 7196461999, 8455278196],
  "province": "Guatemala",
  "r0": [3.0, 3.0, 2.5, 0.3333333333333333]
}