{
  "input": [1, 23, 33, 33, 36, 41, 47],
  "lastDate": "20_03_02",
  "lastDateRate": 0.2608695652173913,
  "lastDateRateList": [56, 65, 74, 85, 97, 112, 129, 148, 170, 195, 224, 258, 297, 341, 392, 450, 517, 594, 683, 785, 902, 1037, 1192, 1370, 1575, 1810, 2081, 2392, 2749, 3160, 3632, 4175, 4799, 5516, 6340, 7287, 8376, 9628, 11067, 12721, 14622, 16807, 19319, 22206, 25525, 29339, 33723, 38763, 44556, 51215, 58869, 67666, 77778, 89401, 102761, 118118, 135770, 156060, 179382, 206189, 237002, 272420, 313131, 359926, 413714, 475541, 546607, 628293, 722187, 830112, 954166, 1096759, 1260662, 1449059, 1665610, 1914523, 2200634, 2529502, 2907517, 3342024, 3841465, 4415543, 5075413, 5833896, 6705728, 7707849, 8859730, 10183751, 11705637, 13454957, 15465700, 17776934, 20433565, 23487209, 26997198, 31031728, 35669189, 40999684, 47126782, 54169529, 62264762, 71569768, 82265338, 94559281, 108690462, 124933443, 143603817, 165064340, 189731979, 218086013, 250677346, 288139211, 331199474, 380694773, 437586776, 502980866, 578147617, 664547480, 763859160, 878012232, 1009224632, 1160045749, 1333405961, 1532673568, 1761720237, 2024996228, 2327616858, 2675461891, 3075289778, 3534868970, 4063128856, 4670333254, 5368279834, 6170529341, 7092669072, 8152615730],
  "maxRate": 5.0,
  "maxRateList": [212, 377, 557, 762, 997, 2057, 3942, 6727, 10537, 15522, 25807, 45517, 79152, 131837, 209447, 338482, 566067, 961827, 1621012, 2668247, 4360657, 7190992, 12000127, 20105187, 33446422, 55249707, 91204667, 151205302, 251731237, 418963347, 695211882, 1151235217, 1907261727, 3165917912, 5260734647, 8736794057],
  "minRate": 0.2608695652173913,
  "minRateList": [56, 65, 74, 85, 97, 112, 129, 148, 170, 195, 224, 258, 297, 341, 392, 450, 517, 594, 683, 785, 902, 1037, 1192, 1370, 1575, 1810, 2081, 2392, 2749, 3160, 3632, 4175, 4799, 5516, 6340, 7287, 8376, 9628, 11067, 12721, 14622, 16807, 19319, 22206, 25525, 29339, 33723, 38763, 44556, 51215, 58869, 67666, 77778, 89401, 102761, 118118, 135770, 156060, 179382, 206189, 237002, 272420, 313131, 359926, 413714, 475541, 546607, 628293, 722187, 830112, 954166, 1096759, 1260662, 1449059, 1665610, 1914523, 2200634, 2529502, 2907517, 3342024, 3841465, 4415543, 5075413, 5833896, 6705728, 7707849, 8859730, 10183751, 11705637, 13454957, 15465700, 17776934, 20433565, 23487209, 26997198, 31031728, 35669189, 40999684, 47126782, 54169529, 62264762, 71569768, 82265338, 94559281, 108690462, 124933443, 143603817, 165064340, 189731979, 218086013, 250677346, 288139211, 331199474, 380694773, 437586776, 502980866, 578147617, 664547480, 763859160, 878012232, 1009224632, 1160045749, 1333405961, 1532673568, 1761720237, 2024996228, 2327616858, 2675461891, 3075289778, 3534868970, 4063128856, 4670333254, 5368279834, 6170529341, 7092669072, 8152615730],
  "province": "Bahrain",
  "r0": [5.0, 0.2608695652173913]
}