{
  "input": [2, 2, 3, 3, 9, 14, 18, 21, 29, 41, 55, 79, 104, 131, 182, 246, 302, 504, 655, 860, 1018],
  "lastDate": "20_03_17",
  "lastDateRate": 0.6422764227642277,
  "lastDateRateList": [1212, 1536, 1957, 2509, 3163, 3941, 4928, 6185, 7796, 9828, 12359, 15524, 19496, 24503, 30815, 38753, 48724, 61246, 76984, 96776, 121666, 152960, 192297, 241742, 303899, 382042, 480285, 603793, 759058, 954245, 1199622, 1508098, 1895900, 2383425, 2996314, 3766803, 4735419, 5953111, 7483929, 9408391, 11827720, 14869168, 18692711, 23499462, 29542250, 37138916, 46689032, 58694920, 73788070, 92762361, 116615811, 146603075, 184301438, 231693776, 291272853, 366172439, 460332138, 578704606, 727516056, 914593742, 1149777666, 1445438145, 1817126469, 2284392879, 2871814876, 3610289962, 4538660803, 5705758291, 7172969978, 9017468963],
  "maxRate": 2.6666666666666665,
  "maxRateList": [1823, 3167, 4914, 7207, 9922, 14783, 23228, 36332, 55551, 82010, 121431, 183372, 280257, 428393, 647086, 970902, 1459894, 2207246, 3349627, 5075190, 7664262, 11557313, 17443302, 26375641, 39909481, 60347513, 91167014, 137682486, 208017529, 314442812, 475369513, 718481550, 1085634846, 1640348257, 2478862422, 3746514457, 5662465257, 8557491513],
  "minRate": 0.6422764227642277,
  "minRateList": [1212, 1536, 1957, 2509, 3163, 3941, 4928, 6185, 7796, 9828, 12359, 15524, 19496, 24503, 30815, 38753, 48724, 61246, 76984, 96776, 121666, 152960, 192297, 241742, 303899, 382042, 480285, 603793, 759058, 954245, 1199622, 1508098, 1895900, 2383425, 2996314, 3766803, 4735419, 5953111, 7483929, 9408391, 11827720, 14869168, 18692711, 23499462, 29542250, 37138916, 46689032, 58694920, 73788070, 92762361, 116615811, 146603075, 184301438, 231693776, 291272853, 366172439, 460332138, 578704606, 727516056, 914593742, 1149777666, 1445438145, 1817126469, 2284392879, 2871814876, 3610289962, 4538660803, 5705758291, 7172969978, 9017468963],
  "province": "Austria",
  "r0": [2.5, 2.0, 1.0, 2.6666666666666665, 1.3333333333333333, 1.0, 1.3333333333333333, 1.1904761904761905, 0.9310344827586207, 1.2439024390243902, 1.1636363636363636, 0.7088607594936709, 1.9423076923076923, 1.1526717557251909, 1.1263736263736264, 0.6422764227642277]
}