{
  "input": [2, 2, 3, 3, 9, 14, 18, 21, 29, 41, 55, 79, 104, 131, 182, 246, 302, 504, 655, 860, 1018, 1332, 1646, 2013, 2388],
  "lastDate": "20_03_21",
  "lastDateRate": 0.436046511627907,
  "lastDateRateList": [2832, 3413, 4131, 5009, 6050, 7285, 8773, 10574, 12758, 15396, 18573, 22398, 27009, 32572, 39285, 47384, 57151, 68928, 83131, 100261, 120923, 145843, 175899, 212148, 255866, 308594, 372188, 448888, 541394, 652963, 787524, 949815, 1145551, 1381624, 1666346, 2009743, 2423907, 2923421, 3525873, 4252477, 5128818, 6185754, 7460502, 8997947, 10852225, 13088628, 15785904, 19039030, 22962553, 27694628, 33401879, 40285267, 48587170, 58599911, 70676057, 85240830, 102807080, 123993346, 149545633, 180363681, 217532648, 262361317, 316428183, 381637035, 460283989, 555138341, 669540078, 807517483, 973928981, 1174634209, 1416700346, 1708650961, 2060766143, 2485444478, 2997639627, 3615386871, 4360438162, 5259028050, 6342797444, 7649907746, 9226384579],
  "maxRate": 2.6666666666666665,
  "maxRateList": [5103, 8655, 13044, 18412, 24780, 38388, 61468, 96252, 145351, 211431, 313799, 477714, 734386, 1121989, 1685805, 2522602, 3796506, 5754869, 8746840, 13242320, 19969259, 30093275, 45439592, 68764499, 104077352, 157328709, 237577442, 358749687, 542121684, 819661289, 1239204513, 1872744358, 2829410190, 4275068014, 6460831451, 9765376819],
  "minRate": 0.436046511627907,
  "minRateList": [2832, 3413, 4131, 5009, 6050, 7285, 8773, 10574, 12758, 15396, 18573, 22398, 27009, 32572, 39285, 47384, 57151, 68928, 83131, 100261, 120923, 145843, 175899, 212148, 255866, 308594, 372188, 448888, 541394, 652963, 787524, 949815, 1145551, 1381624, 1666346, 2009743, 2423907, 2923421, 3525873, 4252477, 5128818, 6185754, 7460502, 8997947, 10852225, 13088628, 15785904, 19039030, 22962553, 27694628, 33401879, 40285267, 48587170, 58599911, 70676057, 85240830, 102807080, 123993346, 149545633, 180363681, 217532648, 262361317, 316428183, 381637035, 460283989, 555138341, 669540078, 807517483, 973928981, 1174634209, 1416700346, 1708650961, 2060766143, 2485444478, 2997639627, 3615386871, 4360438162, 5259028050, 6342797444, 7649907746, 9226384579],
  "province": "Austria",
  "r0": [2.5, 2.0, 1.0, 2.6666666666666665, 1.3333333333333333, 1.0, 1.3333333333333333, 1.1904761904761905, 0.9310344827586207, 1.2439024390243902, 1.1636363636363636, 0.7088607594936709, 1.9423076923076923, 1.1526717557251909, 1.1263736263736264, 0.6422764227642277, 1.0397350993377483, 0.623015873015873, 0.5603053435114503, 0.436046511627907]
}