{
  "input": [2, 2, 3, 3, 9, 14, 18, 21, 29, 41, 55, 79, 104, 131, 182, 246, 302, 504, 655, 860, 1018, 1332, 1646, 2013],
  "lastDate": "20_03_20",
  "lastDateRate": 0.5603053435114503,
  "lastDateRateList": [2495, 3065, 3811, 4733, 5861, 7259, 8976, 11111, 13763, 17047, 21114, 26143, 32369, 40080, 49632, 61462, 76110, 94247, 116704, 144513, 178950, 221595, 274402, 339792, 420763, 521030, 645191, 798940, 989327, 1225083, 1517019, 1878523, 2326173, 2880498, 3566919, 4416913, 5469459, 6772826, 8386784, 10385348, 12860168, 15924735, 19719586, 24418746, 30237712, 37443333, 46366047, 57415036, 71096990, 88039342, 109019042, 134998186, 167168137, 207004160, 256333074, 317417026, 393057231, 486722431, 602707968, 746332759, 924183215, 1144415282, 1417128461, 1754828956, 2173003189, 2690827983, 3332049981, 4126074630, 5109314671, 6326859969, 7834545266],
  "maxRate": 2.6666666666666665,
  "maxRateList": [4306, 7021, 10573, 14962, 20330, 31813, 50536, 78731, 118630, 172843, 257678, 392441, 602390, 918737, 1379652, 2066793, 3113302, 4719675, 7169640, 10848712, 16360160, 24662299, 37248099, 56367139, 85297038, 128924131, 194690262, 294018526, 444330897, 671789665, 1015587348, 1534761380, 2318810783, 3503693175, 5295132282, 8003365210],
  "minRate": 0.5603053435114503,
  "minRateList": [2495, 3065, 3811, 4733, 5861, 7259, 8976, 11111, 13763, 17047, 21114, 26143, 32369, 40080, 49632, 61462, 76110, 94247, 116704, 144513, 178950, 221595, 274402, 339792, 420763, 521030, 645191, 798940, 989327, 1225083, 1517019, 1878523, 2326173, 2880498, 3566919, 4416913, 5469459, 6772826, 8386784, 10385348, 12860168, 15924735, 19719586, 24418746, 30237712, 37443333, 46366047, 57415036, 71096990, 88039342, 109019042, 134998186, 167168137, 207004160, 256333074, 317417026, 393057231, 486722431, 602707968, 746332759, 924183215, 1144415282, 1417128461, 1754828956, 2173003189, 2690827983, 3332049981, 4126074630, 5109314671, 6326859969, 7834545266],
  "province": "Austria",
  "r0": [2.5, 2.0, 1.0, 2.6666666666666665, 1.3333333333333333, 1.0, 1.3333333333333333, 1.1904761904761905, 0.9310344827586207, 1.2439024390243902, 1.1636363636363636, 0.7088607594936709, 1.9423076923076923, 1.1526717557251909, 1.1263736263736264, 0.6422764227642277, 1.0397350993377483, 0.623015873015873, 0.5603053435114503]
}