{
  "input": [2, 2, 3, 3, 9, 14, 18, 21, 29, 41],
  "lastDate": "20_03_06",
  "lastDateRate": 1.3333333333333333,
  "lastDateRateList": [60, 84, 112, 151, 206, 286, 398, 547, 748, 1023, 1404, 1935, 2664, 3661, 5025, 6897, 9477, 13029, 17910, 24610, 33806, 46442, 63814, 87694, 120507, 165582, 227505, 312590, 429515, 590191, 810967, 1114307, 1531094, 2103781, 2890702, 3971991, 5457734, 7499193, 10304234, 14158503, 19454491, 26731470, 36730394, 50469373, 69347377, 95286698, 130928658, 179902517, 247195014, 339658183, 466707114, 641278658, 881148681, 1210742033, 1663619610, 2285895762, 3140933973, 4315798881, 5930121592, 8148281072],
  "maxRate": 2.6666666666666665,
  "maxRateList": [78, 126, 182, 259, 368, 576, 912, 1397, 2088, 3069, 4605, 7037, 10762, 16330, 24514, 36794, 55559, 84258, 127805, 193176, 291293, 439450, 664138, 1004951, 1520087, 2296868, 3468735, 5239770, 7919639, 11973204, 18098185, 27348145, 41320865, 62439902, 94368446, 142630273, 215558660, 325747633, 492254038, 743903227, 1124250622, 1699073715, 2567734070, 3880411505, 5864153444, 8862155103],
  "minRate": 1.0,
  "minRateList": [55, 73, 94, 123, 164, 219, 292, 386, 509, 673, 892, 1184, 1570, 2079, 2752, 3644, 4828, 6398, 8477, 11229, 14873, 19701, 26099, 34576, 45805, 60678, 80379, 106478, 141054, 186859, 247537, 327916, 434394, 575448, 762307, 1009844, 1337760, 1772154, 2347602, 3109909, 4119753, 5457513, 7229667, 9577269, 12687178, 16806931, 22264444, 29494111, 39071380, 51758558, 68565489, 90829933, 120324044, 159395424, 211153982, 279719471, 370549404, 490873448, 650268872, 861422854, 1141142325, 1511691729, 2002565177, 2652834049, 3514256903, 4655399228, 6167090957, 8169656134],
  "province": "Austria",
  "r0": [2.5, 2.0, 1.0, 2.6666666666666665, 1.3333333333333333]
}