{
  "input": [2, 2, 3, 3, 9, 14, 18, 21, 29, 41, 55, 79, 104, 131, 182, 246, 302, 504, 655, 860, 1018, 1332, 1646],
  "lastDate": "20_03_19",
  "lastDateRate": 0.623015873015873,
  "lastDateRateList": [2054, 2590, 3224, 4054, 5079, 6359, 7973, 9982, 12508, 15672, 19634, 24601, 30820, 38613, 48377, 60609, 75936, 95137, 119194, 149334, 187094, 234403, 293675, 367935, 460972, 577535, 723572, 906536, 1135765, 1422958, 1782771, 2233568, 2798354, 3505954, 4392479, 5503174, 6894722, 8638141, 10822406, 13558990, 16987555, 21283076, 26664775, 33407306, 41854772, 52438288, 65697982, 82310560, 103123842, 129200029, 161869915, 202800801, 254081586, 318329376, 398823045, 499670571, 626018689, 784315550, 982639804, 1231112892, 1542415589, 1932435169, 2421076206, 3033276401, 3800279274, 4761228669, 5965166453, 7473535359, 9363314704],
  "maxRate": 2.6666666666666665,
  "maxRateList": [3393, 5686, 8401, 11953, 16342, 25390, 40553, 62956, 94831, 138410, 206117, 314258, 482141, 735024, 1104117, 1653762, 2491783, 3777492, 5737556, 8681868, 13091900, 19736655, 29809967, 45110116, 68261764, 103173497, 155804577, 235297822, 355591465, 537622836, 812752161, 1228231033, 1855691892, 2803935799, 4237596695, 6404935791, 9680218546],
  "minRate": 0.623015873015873,
  "minRateList": [2054, 2590, 3224, 4054, 5079, 6359, 7973, 9982, 12508, 15672, 19634, 24601, 30820, 38613, 48377, 60609, 75936, 95137, 119194, 149334, 187094, 234403, 293675, 367935, 460972, 577535, 723572, 906536, 1135765, 1422958, 1782771, 2233568, 2798354, 3505954, 4392479, 5503174, 6894722, 8638141, 10822406, 13558990, 16987555, 21283076, 26664775, 33407306, 41854772, 52438288, 65697982, 82310560, 103123842, 129200029, 161869915, 202800801, 254081586, 318329376, 398823045, 499670571, 626018689, 784315550, 982639804, 1231112892, 1542415589, 1932435169, 2421076206, 3033276401, 3800279274, 4761228669, 5965166453, 7473535359, 9363314704],
  "province": "Austria",
  "r0": [2.5, 2.0, 1.0, 2.6666666666666665, 1.3333333333333333, 1.0, 1.3333333333333333, 1.1904761904761905, 0.9310344827586207, 1.2439024390243902, 1.1636363636363636, 0.7088607594936709, 1.9423076923076923, 1.1526717557251909, 1.1263736263736264, 0.6422764227642277, 1.0397350993377483, 0.623015873015873]
}