{
  "input": [2, 2, 3, 3, 9, 14, 18, 21, 29, 41, 55, 79, 104, 131, 182, 246, 302, 504, 655, 860, 1018, 1332, 1646, 2013, 2388, 2814, 3582, 4474, 5283],
  "lastDate": "20_03_25",
  "lastDateRate": 0.4018877297565822,
  "lastDateRateList": [6243, 7374, 8814, 10612, 12735, 15244, 18208, 21750, 26015, 31133, 37259, 44577, 53318, 63773, 76285, 91259, 109174, 130602, 156232, 186890, 223566, 267442, 319929, 382717, 457826, 547674, 655156, 783732, 937541, 1121536, 1341639, 1604938, 1919910, 2296696, 2747428, 3286616, 3931621, 4703209, 5626223, 6730381, 8051232, 9631302, 11521464, 13782574, 16487432, 19723123, 23593825, 28224160, 33763207, 40389304, 48315785, 57797854, 69140798, 82709817, 98941783, 118359304, 141587552, 169374390, 202614451, 242377940, 289945092, 346847392, 414916881, 496345143, 593753863, 710279238, 849672949, 1016422952, 1215897975, 1454520367, 1739972877, 2081446010, 2489933923, 2978588400, 3563142288, 4262416037, 5098923649, 6099597541, 7296655671, 8728638836],
  "maxRate": 2.6666666666666665,
  "maxRateList": [11651, 19155, 28707, 40638, 54726, 85795, 136875, 213427, 321795, 467731, 696518, 1061518, 1630657, 2488777, 3736060, 5593441, 8424156, 12772575, 19409314, 29372141, 44287984, 66752400, 100812600, 152570771, 230896480, 348997771, 527004171, 795837771, 1202693160, 1818417107, 2749077830, 4154422286, 6276656342, 9483838102],
  "minRate": 0.4018877297565822,
  "minRateList": [6243, 7374, 8814, 10612, 12735, 15244, 18208, 21750, 26015, 31133, 37259, 44577, 53318, 63773, 76285, 91259, 109174, 130602, 156232, 186890, 223566, 267442, 319929, 382717, 457826, 547674, 655156, 783732, 937541, 1121536, 1341639, 1604938, 1919910, 2296696, 2747428, 3286616, 3931621, 4703209, 5626223, 6730381, 8051232, 9631302, 11521464, 13782574, 16487432, 19723123, 23593825, 28224160, 33763207, 40389304, 48315785, 57797854, 69140798, 82709817, 98941783, 118359304, 141587552, 169374390, 202614451, 242377940, 289945092, 346847392, 414916881, 496345143, 593753863, 710279238, 849672949, 1016422952, 1215897975, 1454520367, 1739972877, 2081446010, 2489933923, 2978588400, 3563142288, 4262416037, 5098923649, 6099597541, 7296655671, 8728638836],
  "province": "Austria",
  "r0": [2.5, 2.0, 1.0, 2.6666666666666665, 1.3333333333333333, 1.0, 1.3333333333333333, 1.1904761904761905, 0.9310344827586207, 1.2439024390243902, 1.1636363636363636, 0.7088607594936709, 1.9423076923076923, 1.1526717557251909, 1.1263736263736264, 0.6422764227642277, 1.0397350993377483, 0.623015873015873, 0.5603053435114503, 0.436046511627907, 0.41846758349705304, 0.5765765765765766, 0.5419198055893074, 0.4018877297565822]
}