{
  "input": [2, 2, 3, 3, 9, 14, 18, 21, 29, 41, 55, 79, 104, 131, 182, 246, 302, 504],
  "lastDate": "20_03_14",
  "lastDateRate": 1.9423076923076923,
  "lastDateRateList": [758, 1112, 1590, 2177, 3156, 4628, 6788, 9876, 14104, 20234, 29223, 42407, 61589, 88983, 128284, 185044, 267411, 387036, 559868, 809035, 1168447, 1687841, 2439584, 3527020, 5098415, 7367899, 10646206, 15384629, 22235187, 32137878, 46448605, 67126813, 97008496, 140196071, 202617719, 292835202, 423216127, 611636475, 883940382, 1277486336, 1846262401, 2668278340, 3856264570, 5573148774, 8054420311],
  "maxRate": 2.6666666666666665,
  "maxRateList": [853, 1338, 1994, 2799, 4143, 6418, 9986, 15303, 22767, 33815, 50930, 77559, 118367, 179079, 269252, 405065, 611889, 927534, 1405078, 2123083, 3203256, 4834960, 7308384, 11055259, 16716814, 25258830, 38152057, 57641081, 87121772, 131699943, 199056823, 300795642, 454505191, 686829916, 1038029764, 1568847959, 2370969671, 3582983514, 5414529957, 8182609328],
  "minRate": 0.7088607594936709,
  "minRateList": [597, 726, 900, 1114, 1471, 1894, 2409, 3047, 3837, 4880, 6223, 7931, 10091, 12811, 16270, 20681, 26303, 33456, 42537, 54070, 68730, 87375, 111091, 141244, 179572, 228292, 290229, 368977, 469099, 596391, 758218, 963950, 1225503, 1558029, 1980787, 2518258, 3201564, 4070275, 5174701, 6578803, 8363897, 10633360, 13518618, 17186760, 21850215, 27779053, 35316625, 44899443, 57082463, 72571223, 92262704, 117297274, 149124727, 189588245, 241031137, 306432547, 389579982, 495288649, 629680316, 800537831, 1017755839, 1293913801, 1645004489, 2091360156, 2658830011, 3380277188, 4297481908, 5463561039, 6946044188, 8830784449],
  "province": "Austria",
  "r0": [2.5, 2.0, 1.0, 2.6666666666666665, 1.3333333333333333, 1.0, 1.3333333333333333, 1.1904761904761905, 0.9310344827586207, 1.2439024390243902, 1.1636363636363636, 0.7088607594936709, 1.9423076923076923]
}