{
  "input": [2, 2, 3, 3, 9, 14, 18, 21, 29, 41, 55, 79, 104, 131, 182, 246, 302, 504, 655],
  "lastDate": "20_03_15",
  "lastDateRate": 1.1526717557251909,
  "lastDateRateList": [865, 1149, 1497, 2078, 2833, 3830, 5154, 6880, 9275, 12541, 16956, 22897, 30827, 41518, 55974, 75519, 101912, 137445, 185302, 249822, 336871, 454342, 612771, 826363, 1114326, 1502628, 2026335, 2732659, 3685184, 4969636, 6701673, 9037372, 12187231, 16435039, 22163398, 29888227, 40305350, 54353227, 73297432, 98844555, 133295870, 179754709, 242406139, 326894019, 440829346, 594475731, 801673907, 1081088617, 1457890120, 1966021656, 2651257041, 3575323911, 4821464225, 6501932989, 8768110623],
  "maxRate": 2.6666666666666665,
  "maxRateList": [1140, 1796, 2601, 3945, 5692, 8732, 13521, 20457, 30977, 46156, 69441, 105497, 160049, 242654, 365737, 550913, 832238, 1259035, 1906112, 2881411, 4350512, 6569813, 9927240, 15010205, 22693968, 34295333, 51814834, 78287474, 118314687, 178831935, 270286156, 408459047, 617225644, 932731476, 1409616636, 2130379719, 3219603844, 4865538895, 7352822831, 11111800527],
  "minRate": 0.7088607594936709,
  "minRateList": [784, 958, 1172, 1529, 1993, 2549, 3228, 4059, 5143, 6556, 8363, 10651, 13528, 17174, 21821, 27749, 35299, 44888, 57062, 72530, 92200, 117222, 149041, 189490, 240904, 306261, 389355, 495004, 629326, 800093, 1017189, 1293187, 1644076, 2090181, 2657336, 3378381, 4295071, 5460492, 6942139, 8825820, 11220622, 14265229, 18135958, 23056968, 29313245, 37267104, 47379165, 60235034, 76579214, 97358223, 123775411, 157360642, 200058894, 254342894, 323356318, 411095850, 522642634, 664456534, 844750231, 1073964836, 1365374552, 1735855406, 2206862569, 2805672859, 3566964388, 4534824830, 5765304611, 7329662888, 9318494282],
  "province": "Austria",
  "r0": [2.5, 2.0, 1.0, 2.6666666666666665, 1.3333333333333333, 1.0, 1.3333333333333333, 1.1904761904761905, 0.9310344827586207, 1.2439024390243902, 1.1636363636363636, 0.7088607594936709, 1.9423076923076923, 1.1526717557251909]
}