{
  "input": [2, 2, 3, 3, 9, 14, 18, 21, 29, 41, 55],
  "lastDate": "20_03_07",
  "lastDateRate": 1.0,
  "lastDateRateList": [73, 94, 123, 164, 219, 292, 386, 509, 673, 892, 1184, 1570, 2079, 2752, 3644, 4828, 6398, 8477, 11229, 14873, 19701, 26099, 34576, 45805, 60678, 80379, 106478, 141054, 186859, 247537, 327916, 434394, 575448, 762307, 1009844, 1337760, 1772154, 2347602, 3109909, 4119753, 5457513, 7229667, 9577269, 12687178, 16806931, 22264444, 29494111, 39071380, 51758558, 68565489, 90829933, 120324044, 159395424, 211153982, 279719471, 370549404, 490873448, 650268872, 861422854, 1141142325, 1511691729, 2002565177, 2652834049, 3514256903, 4655399228, 6167090957, 8169656134],
  "maxRate": 2.6666666666666665,
  "maxRateList": [103, 159, 236, 345, 492, 767, 1191, 1820, 2740, 4052, 6097, 9273, 14126, 21433, 32238, 48497, 73225, 110894, 168049, 254017, 383342, 578609, 874326, 1322457, 1999836, 3022081, 4565038, 6896574, 10423126, 15756022, 23814905, 35988340, 54379204, 82174207, 124190266, 187696679, 283665586, 428676797, 647808016, 978982059, 1479506536, 2235948099, 3379086224, 5106574267, 7717193091, 11662543854],
  "minRate": 1.0,
  "minRateList": [73, 94, 123, 164, 219, 292, 386, 509, 673, 892, 1184, 1570, 2079, 2752, 3644, 4828, 6398, 8477, 11229, 14873, 19701, 26099, 34576, 45805, 60678, 80379, 106478, 141054, 186859, 247537, 327916, 434394, 575448, 762307, 1009844, 1337760, 1772154, 2347602, 3109909, 4119753, 5457513, 7229667, 9577269, 12687178, 16806931, 22264444, 29494111, 39071380, 51758558, 68565489, 90829933, 120324044, 159395424, 211153982, 279719471, 370549404, 490873448, 650268872, 861422854, 1141142325, 1511691729, 2002565177, 2652834049, 3514256903, 4655399228, 6167090957, 8169656134],
  "province": "Austria",
  "r0": [2.5, 2.0, 1.0, 2.6666666666666665, 1.3333333333333333, 1.0]
}