{
  "input": [2, 2, 3, 3, 9, 14, 18, 21, 29],
  "lastDate": "20_03_05",
  "lastDateRate": 2.6666666666666665,
  "lastDateRateList": [53, 90, 138, 194, 271, 412, 652, 1020, 1537, 2260, 3359, 5098, 7818, 11917, 17944, 26901, 40496, 61344, 93123, 140974, 212710, 320699, 484283, 732611, 1108542, 1675769, 2530966, 3822387, 5776016, 8732128, 13200845, 19950088, 30143120, 45545829, 68831504, 104033757, 157233992, 237615645, 359071189, 542621866, 820045218, 1239335863, 1872977583, 2830500754, 4277492397, 6464279645, 9769175280],
  "maxRate": 2.6666666666666665,
  "maxRateList": [53, 90, 138, 194, 271, 412, 652, 1020, 1537, 2260, 3359, 5098, 7818, 11917, 17944, 26901, 40496, 61344, 93123, 140974, 212710, 320699, 484283, 732611, 1108542, 1675769, 2530966, 3822387, 5776016, 8732128, 13200845, 19950088, 30143120, 45545829, 68831504, 104033757, 157233992, 237615645, 359071189, 542621866, 820045218, 1239335863, 1872977583, 2830500754, 4277492397, 6464279645, 9769175280],
  "minRate": 1.0,
  "minRateList": [38, 52, 70, 91, 120, 158, 210, 280, 371, 491, 649, 859, 1139, 1510, 2001, 2650, 3509, 4648, 6158, 8159, 10809, 14318, 18966, 25124, 33283, 44092, 58410, 77376, 102500, 135783, 179875, 238285, 315661, 418161, 553944, 733819, 972104, 1287765, 1705926, 2259870, 2993689, 3965793, 5253558, 6959484, 9219354, 12213043, 16178836, 21432394, 28391878, 37611232, 49824275, 66003111, 87435505, 115827383, 153438615, 203262890, 269266001, 356701506, 472528889, 625967504, 829230394, 1098496395, 1455197901, 1927726790, 2553694294, 3382924688, 4481421083, 5936618984, 7864345774],
  "province": "Austria",
  "r0": [2.5, 2.0, 1.0, 2.6666666666666665]
}