{
  "input": [2, 2, 3, 3, 9, 14, 18, 21, 29, 41, 55, 79],
  "lastDate": "20_03_08",
  "lastDateRate": 1.3333333333333333,
  "lastDateRateList": [107, 146, 201, 274, 379, 522, 717, 985, 1350, 1855, 2551, 3507, 4820, 6620, 9093, 12494, 17170, 23597, 32424, 44548, 61207, 84100, 115563, 158795, 218192, 299801, 411934, 566018, 777745, 1068668, 1468403, 2017648, 2772339, 3809332, 5234223, 7192094, 9882291, 13578743, 18657852, 25636816, 35226275, 48402663, 66507654, 91384790, 125567211, 172535578, 237072462, 325749334, 447595721, 615018669, 845066106, 1161162722, 1595495167, 2192289462, 3012314354, 4139069162, 5687286125, 7814613014],
  "maxRate": 2.6666666666666665,
  "maxRateList": [135, 212, 321, 468, 679, 1039, 1604, 2460, 3708, 5519, 8290, 12567, 19127, 29015, 43732, 65839, 99351, 150356, 227729, 344348, 519919, 784855, 1185804, 1793081, 2711342, 4097793, 6190740, 9352884, 14134433, 21364678, 32292126, 48800766, 73741790, 111433611, 168406086, 254518422, 384653798, 581298571, 878454867, 1327537763, 2006253555, 3031997016, 4582126539, 6924672851, 10464773552],
  "minRate": 1.0,
  "minRateList": [100, 129, 170, 225, 304, 404, 533, 703, 928, 1232, 1636, 2169, 2872, 3800, 5032, 6668, 8837, 11709, 15509, 20541, 27209, 36046, 47755, 63264, 83805, 111014, 147060, 194815, 258079, 341884, 452898, 599958, 794773, 1052852, 1394736, 1847634, 2447592, 3242365, 4295217, 5689953, 7537587, 9985179, 13227544, 17522761, 23212714, 30750301, 40735480, 53963024, 71485785, 94698499, 125448800, 166184280, 220147304, 291633089, 386331588, 511780388, 677964668, 898111972, 1189745061, 1576076649, 2087857037, 2765821705, 3663933677, 4853678738, 6429755387, 8517612424],
  "province": "Austria",
  "r0": [2.5, 2.0, 1.0, 2.6666666666666665, 1.3333333333333333, 1.0, 1.3333333333333333]
}