{
  "input": [2, 2, 3, 3, 9, 14, 18, 21, 29, 41, 55, 79, 104, 131, 182, 246, 302, 504, 655, 860, 1018, 1332, 1646, 2013, 2388, 2814],
  "lastDate": "20_03_22",
  "lastDateRate": 0.41846758349705304,
  "lastDateRateList": [3371, 4060, 4902, 5901, 7079, 8490, 10189, 12240, 14709, 17671, 21224, 25488, 30610, 36765, 44160, 53042, 63708, 76517, 91902, 110382, 132578, 159238, 191258, 229716, 275907, 331387, 398023, 478058, 574187, 689645, 828320, 994880, 1194932, 1435211, 1723805, 2070430, 2486755, 2986795, 3587384, 4308741, 5175149, 6215775, 7465652, 8966856, 10769924, 12935556, 15536656, 18660789, 22413128, 26919992, 32333103, 38834690, 46643625, 56022793, 67287937, 80818292, 97069351, 116588196, 140031919, 168189739, 202009574, 242629951, 291418332, 350017151, 420399105, 504933563, 606466332, 728415457, 874886288, 1050809686, 1262108014, 1515894514, 1820712770, 2186824321, 2626554111, 3154705402, 3789058116, 4550967389, 5466082478, 6565210230, 7885352176],
  "maxRate": 2.6666666666666665,
  "maxRateList": [6366, 10755, 16123, 22491, 29995, 46971, 75651, 118646, 178622, 258609, 383865, 585601, 901990, 1378315, 2067939, 3091579, 4653182, 7058489, 10733996, 16248500, 24492711, 36901196, 55723833, 84347822, 127677155, 192991051, 291394240, 439991128, 664918653, 1005391066, 1520033869, 2297085176, 3470394851, 5243511259, 7924554102],
  "minRate": 0.41846758349705304,
  "minRateList": [3371, 4060, 4902, 5901, 7079, 8490, 10189, 12240, 14709, 17671, 21224, 25488, 30610, 36765, 44160, 53042, 63708, 76517, 91902, 110382, 132578, 159238, 191258, 229716, 275907, 331387, 398023, 478058, 574187, 689645, 828320, 994880, 1194932, 1435211, 1723805, 2070430, 2486755, 2986795, 3587384, 4308741, 5175149, 6215775, 7465652, 8966856, 10769924, 12935556, 15536656, 18660789, 22413128, 26919992, 32333103, 38834690, 46643625, 56022793, 67287937, 80818292, 97069351, 116588196, 140031919, 168189739, 202009574, 242629951, 291418332, 350017151, 420399105, 504933563, 606466332, 728415457, 874886288, 1050809686, 1262108014, 1515894514, 1820712770, 2186824321, 2626554111, 3154705402, 3789058116, 4550967389, 5466082478, 6565210230, 7885352176],
  "province": "Austria",
  "r0": [2.5, 2.0, 1.0, 2.6666666666666665, 1.3333333333333333, 1.0, 1.3333333333333333, 1.1904761904761905, 0.9310344827586207, 1.2439024390243902, 1.1636363636363636, 0.7088607594936709, 1.9423076923076923, 1.1526717557251909, 1.1263736263736264, 0.6422764227642277, 1.0397350993377483, 0.623015873015873, 0.5603053435114503, 0.436046511627907, 0.41846758349705304]
}