{
  "input": [2, 2, 3, 3, 9, 14, 18, 21, 29, 41, 55, 79, 104],
  "lastDate": "20_03_09",
  "lastDateRate": 1.1904761904761905,
  "lastDateRateList": [139, 188, 253, 347, 471, 636, 860, 1161, 1574, 2135, 2892, 3916, 5298, 7172, 9714, 13157, 17819, 24126, 32664, 44228, 59891, 81104, 109825, 148711, 201363, 272662, 369214, 499958, 676995, 916713, 1241311, 1680851, 2276039, 3081985, 4173310, 5651061, 7652074, 10361644, 14030674, 18998900, 25726354, 34835966, 47171256, 63874439, 86492177, 117118789, 158590177, 214746434, 290787433, 393754310, 533181440, 721979270, 977629787, 1323805302, 1792560433, 2427300243, 3286799374, 4450644359, 6026603052, 8160603567],
  "maxRate": 2.6666666666666665,
  "maxRateList": [181, 290, 437, 648, 925, 1408, 2181, 3346, 5074, 7541, 11296, 17112, 26035, 39566, 59675, 89798, 135430, 204857, 310366, 469499, 708960, 1070107, 1616392, 2444035, 3696032, 5586592, 8440211, 12750590, 19268017, 29124102, 44021681, 66528910, 100530483, 151911862, 229576134, 346967283, 524377710, 792458998, 1197557297, 1809760321, 2735006409, 4133346969, 6246570964, 9440057089],
  "minRate": 1.0,
  "minRateList": [133, 174, 229, 308, 412, 545, 719, 948, 1256, 1668, 2213, 2932, 3880, 5136, 6804, 9017, 11949, 15829, 20965, 27769, 36786, 48735, 64564, 85529, 113298, 150084, 198819, 263383, 348912, 462210, 612294, 811113, 1074496, 1423408, 1885618, 2497912, 3309025, 4383521, 5806929, 7692547, 10190459, 13499484, 17883005, 23689934, 31382481, 41572940, 55072424, 72955429, 96645363, 128027844, 169600784, 224673208, 297628637, 394274000, 522301844, 691902628, 916575836, 1214204473, 1608478473, 2130780317, 2822682945, 3739258781, 4953463254, 6561941727, 8692722044],
  "province": "Austria",
  "r0": [2.5, 2.0, 1.0, 2.6666666666666665, 1.3333333333333333, 1.0, 1.3333333333333333, 1.1904761904761905]
}