{
  "input": [2, 2, 3, 3, 9, 14, 18, 21, 29, 41, 55, 79, 104, 131, 182, 246, 302, 504, 655, 860, 1018, 1332],
  "lastDate": "20_03_18",
  "lastDateRate": 1.0397350993377483,
  "lastDateRateList": [1856, 2537, 3431, 4489, 5874, 7804, 10442, 14009, 18676, 24783, 32897, 43754, 58320, 77738, 103506, 137710, 183203, 243840, 324667, 432286, 575468, 765951, 1019480, 1357048, 1806511, 2404845, 3201231, 4261220, 5672190, 7550483, 10050885, 13379317, 17809857, 23707432, 31557934, 42008192, 55919137, 74436670, 99086119, 131898011, 175575403, 233716492, 311110910, 414134226, 551273218, 733825127, 976828367, 1300301300, 1730891191, 2304069305, 3067053046, 4082695785, 5434664686, 7234333010, 9629954738],
  "maxRate": 2.6666666666666665,
  "maxRateList": [2676, 4423, 6716, 9431, 12983, 20119, 31914, 49823, 74972, 109593, 163244, 248348, 381209, 581134, 873382, 1308699, 1970960, 2987517, 4537208, 6866227, 10356091, 15611984, 23578696, 35677917, 53987856, 81604099, 123236056, 186112579, 281253691, 425221307, 642832238, 971461721, 1467761932, 2217771775, 3351695260, 5065914561, 7656479150, 11570510969],
  "minRate": 0.6422764227642277,
  "minRateList": [1656, 2077, 2629, 3283, 4139, 5203, 6537, 8226, 10335, 12993, 16335, 20534, 25817, 32455, 40800, 51292, 64481, 81063, 101908, 128113, 161057, 202472, 254537, 319990, 402274, 505717, 635760, 799243, 1004765, 1263136, 1587946, 1996280, 2509615, 3154952, 3966234, 4986134, 6268298, 7880165, 9906516, 12453935, 15656411, 19682391, 24743635, 31106357, 39105226, 49160970, 61802506, 77694759, 97673639, 122790004, 154364936, 194059228, 243960740, 306694215, 385559340, 484704299, 609343966, 766034197, 963016660, 1210652334, 1521966477, 1913333740, 2405339444, 3023862339, 3801435789, 4778958973, 6007848123, 7552740937, 9494896423],
  "province": "Austria",
  "r0": [2.5, 2.0, 1.0, 2.6666666666666665, 1.3333333333333333, 1.0, 1.3333333333333333, 1.1904761904761905, 0.9310344827586207, 1.2439024390243902, 1.1636363636363636, 0.7088607594936709, 1.9423076923076923, 1.1526717557251909, 1.1263736263736264, 0.6422764227642277, 1.0397350993377483]
}