{
  "input": [2, 2, 3, 3, 9, 14, 18, 21, 29, 41, 55, 79, 104, 131, 182, 246, 302],
  "lastDate": "20_03_13",
  "lastDateRate": 0.7088607594936709,
  "lastDateRateList": [376, 469, 598, 772, 986, 1253, 1585, 2009, 2556, 3255, 4143, 5267, 6691, 8503, 10810, 13747, 17481, 22224, 28251, 35914, 45659, 58051, 73805, 93831, 119289, 151655, 192805, 245122, 311635, 396194, 503696, 640368, 814125, 1035031, 1315877, 1672927, 2126859, 2703960, 3437653, 4370427, 5556299, 7063946, 8980677, 11417494, 14515518, 18454160, 23461514, 29827564, 37920977, 48210458, 61291888, 77922835, 99066425, 125947118, 160121620, 203569034, 258805474, 329029775, 418308745, 531812678, 676114778, 859571823, 1092808119, 1389330774, 1766311913, 2245583148, 2854899883, 3629548676, 4614390744, 5866459948, 7458265724, 9481992223],
  "maxRate": 2.6666666666666665,
  "maxRateList": [579, 928, 1413, 2069, 2874, 4418, 6893, 10661, 16178, 23842, 35623, 54004, 82433, 125574, 189153, 284148, 428159, 647980, 982844, 1487252, 2244980, 3386737, 5114684, 7735601, 11701606, 17688219, 26719518, 40358675, 60986944, 92191227, 139359811, 210611859, 318234992, 480866843, 726710115, 1098336278, 1659967902, 2508594547, 3790906128, 5728799768, 8657696509],
  "minRate": 0.7088607594936709,
  "minRateList": [376, 469, 598, 772, 986, 1253, 1585, 2009, 2556, 3255, 4143, 5267, 6691, 8503, 10810, 13747, 17481, 22224, 28251, 35914, 45659, 58051, 73805, 93831, 119289, 151655, 192805, 245122, 311635, 396194, 503696, 640368, 814125, 1035031, 1315877, 1672927, 2126859, 2703960, 3437653, 4370427, 5556299, 7063946, 8980677, 11417494, 14515518, 18454160, 23461514, 29827564, 37920977, 48210458, 61291888, 77922835, 99066425, 125947118, 160121620, 203569034, 258805474, 329029775, 418308745, 531812678, 676114778, 859571823, 1092808119, 1389330774, 1766311913, 2245583148, 2854899883, 3629548676, 4614390744, 5866459948, 7458265724, 9481992223],
  "province": "Austria",
  "r0": [2.5, 2.0, 1.0, 2.6666666666666665, 1.3333333333333333, 1.0, 1.3333333333333333, 1.1904761904761905, 0.9310344827586207, 1.2439024390243902, 1.1636363636363636, 0.7088607594936709]
}