{
  "input": [2, 2, 3, 3, 9, 14, 18, 21, 29, 41, 55, 79, 104, 131, 182, 246, 302, 504, 655, 860],
  "lastDate": "20_03_16",
  "lastDateRate": 1.1263736263736264,
  "lastDateRateList": [1137, 1477, 2045, 2783, 3752, 5033, 6697, 9000, 12135, 16361, 22030, 29573, 39710, 53379, 71808, 96622, 129932, 174660, 234785, 315668, 424500, 570852, 767584, 1032040, 1387600, 1865746, 2508739, 3373325, 4535788, 6098744, 8200271, 11026048, 14825672, 19934664, 26804128, 36040697, 48460147, 65159393, 87613273, 117804736, 158400027, 212984259, 286378081, 385063361, 517755509, 696173122, 936072974, 1258641692, 1692366906, 2275553056, 3059704100, 4114072010, 5531772817, 7438010266, 10001133214],
  "maxRate": 2.6666666666666665,
  "maxRateList": [1516, 2321, 3665, 5412, 7705, 11748, 17937, 27710, 42142, 62689, 94017, 141849, 215742, 328121, 495292, 746004, 1124268, 1699580, 2574569, 3895348, 5884692, 8882740, 13414953, 20280470, 30668065, 46360577, 70047884, 105821092, 159902345, 241683852, 365312057, 552106414, 834295993, 1260702246, 1905192518, 2879358003, 4351641774, 6576431089, 9938303745],
  "minRate": 0.7088607594936709,
  "minRateList": [1034, 1248, 1605, 2069, 2679, 3412, 4297, 5435, 6902, 8801, 11220, 14266, 18119, 23012, 29251, 37204, 47317, 60161, 76473, 97208, 123580, 157121, 199767, 253976, 322883, 410484, 521861, 663468, 843502, 1072381, 1363357, 1733284, 2203590, 2801515, 3561684, 4528114, 5756771, 7318809, 9304693, 11829431, 15039233, 19119982, 24307999, 30903731, 39289150, 49949872, 63503277, 80734264, 102640706, 130491243, 165898747, 210913728, 268143080, 340901049, 433401171, 551000283, 700508748, 890584855, 1132236232, 1439457315, 1830039794, 2326602957, 2957903614, 3760501449, 4780876255, 6078119653, 7727357192, 9824098994],
  "province": "Austria",
  "r0": [2.5, 2.0, 1.0, 2.6666666666666665, 1.3333333333333333, 1.0, 1.3333333333333333, 1.1904761904761905, 0.9310344827586207, 1.2439024390243902, 1.1636363636363636, 0.7088607594936709, 1.9423076923076923, 1.1526717557251909, 1.1263736263736264]
}