{
  "input": [2, 2, 3, 3, 9, 14, 18, 21, 29, 41, 55, 79, 104, 131],
  "lastDate": "20_03_10",
  "lastDateRate": 0.9310344827586207,
  "lastDateRateList": [169, 220, 294, 391, 513, 670, 875, 1149, 1513, 1991, 2615, 3430, 4500, 5909, 7763, 10198, 13391, 17581, 23082, 30310, 39805, 52272, 68641, 90131, 118351, 155411, 204078, 267985, 351900, 462089, 606782, 796786, 1046289, 1373920, 1804141, 2369076, 3110911, 4085042, 5364209, 7043926, 9249617, 12145982, 15949297, 20943561, 27501699, 36113411, 47421739, 62271084, 81770261, 107375291, 140998122, 185149396, 243125922, 319256855, 419226954, 550501068, 722881540, 949240157, 1246479298, 1636794048, 2149329525, 2822357166, 3706132485, 4866647693, 6390559393, 8391659296],
  "maxRate": 2.6666666666666665,
  "maxRateList": [240, 387, 598, 875, 1224, 1864, 2896, 4491, 6824, 10088, 15059, 22782, 34758, 52955, 79856, 120013, 180765, 273453, 414666, 627615, 947650, 1429690, 2158898, 3264674, 4938314, 7465381, 11277888, 17034949, 25740746, 38909583, 58817266, 88891634, 134318165, 202960154, 306719042, 463565085, 700609442, 1058791215, 1600018292, 2417935737, 3654109297, 5522401142, 8345844382],
  "minRate": 0.9310344827586207,
  "minRateList": [169, 220, 294, 391, 513, 670, 875, 1149, 1513, 1991, 2615, 3430, 4500, 5909, 7763, 10198, 13391, 17581, 23082, 30310, 39805, 52272, 68641, 90131, 118351, 155411, 204078, 267985, 351900, 462089, 606782, 796786, 1046289, 1373920, 1804141, 2369076, 3110911, 4085042, 5364209, 7043926, 9249617, 12145982, 15949297, 20943561, 27501699, 36113411, 47421739, 62271084, 81770261, 107375291, 140998122, 185149396, 243125922, 319256855, 419226954, 550501068, 722881540, 949240157, 1246479298, 1636794048, 2149329525, 2822357166, 3706132485, 4866647693, 6390559393, 8391659296],
  "province": "Austria",
  "r0": [2.5, 2.0, 1.0, 2.6666666666666665, 1.3333333333333333, 1.0, 1.3333333333333333, 1.1904761904761905, 0.9310344827586207]
}