{
  "input": [2, 2, 3, 3, 9, 14, 18, 21, 29, 41, 55, 79, 104, 131, 182, 246],
  "lastDate": "20_03_12",
  "lastDateRate": 1.1636363636363636,
  "lastDateRateList": [338, 459, 611, 823, 1109, 1502, 2036, 2747, 3705, 4995, 6743, 9112, 12309, 16620, 22432, 30278, 40881, 55204, 74544, 100647, 135880, 183451, 247688, 334430, 451547, 609662, 823132, 1111351, 1500506, 2025943, 2735368, 3693194, 4986402, 6732445, 9089906, 12272880, 16570415, 22372774, 30206892, 40784237, 55065406, 74347343, 100381116, 135530954, 182988975, 247065084, 333578356, 450385473, 608094219, 821026844, 1108520760, 1496684665, 2020769579, 2728370125, 3683746816, 4973661882, 6715258583, 9066699548],
  "maxRate": 2.6666666666666665,
  "maxRateList": [457, 734, 1083, 1568, 2224, 3443, 5400, 8288, 12469, 18400, 27581, 41981, 64082, 97333, 146400, 219949, 331898, 502783, 762338, 1152738, 1739269, 2624330, 3965085, 5997986, 9071954, 13710005, 20708218, 31281778, 47276407, 71468284, 108028297, 163250212, 246668287, 372738706, 563320797, 851396256, 1286730155, 1944512254, 2938482137, 4440670929, 6711060945, 10142341358],
  "minRate": 0.9310344827586207,
  "minRateList": [320, 417, 539, 708, 937, 1235, 1623, 2125, 2784, 3656, 4806, 6317, 8295, 10887, 14291, 18766, 24647, 32370, 42506, 55811, 73283, 96230, 126368, 165943, 217905, 286134, 375727, 493380, 647879, 850756, 1117157, 1466972, 1926326, 2529524, 3321607, 4361719, 5727521, 7520997, 9876071, 12968602, 17029513, 22362033, 29364341, 38559304, 50633520, 66488584, 87308408, 114647622, 150547664, 197689217, 259592381, 340879519, 447620408, 587785474, 771840952, 1013530410, 1330900997, 1747651032, 2294899577, 3013510119, 3957141880, 5196256601, 6823379976, 8960010617],
  "province": "Austria",
  "r0": [2.5, 2.0, 1.0, 2.6666666666666665, 1.3333333333333333, 1.0, 1.3333333333333333, 1.1904761904761905, 0.9310344827586207, 1.2439024390243902, 1.1636363636363636]
}