{
  "input": [2, 2, 3, 3, 9, 14, 18, 21, 29, 41, 55, 79, 104, 131, 182],
  "lastDate": "20_03_11",
  "lastDateRate": 1.2439024390243902,
  "lastDateRateList": [250, 348, 477, 640, 866, 1177, 1610, 2203, 2999, 4076, 5540, 7543, 10283, 14013, 19083, 25974, 35357, 48148, 65579, 89316, 121625, 165606, 225497, 307071, 418171, 569461, 775459, 1055955, 1437921, 1958085, 2666439, 3631034, 4944539, 6733172, 9168839, 12485629, 17002281, 23152805, 31528214, 42933355, 58464259, 79613438, 108413269, 147631291, 201036196, 273760030, 372791380, 507646910, 691285833, 941355248, 1281886017, 1745602124, 2377065354, 3236957488, 4407911577, 6002452720, 8173811460],
  "maxRate": 2.6666666666666665,
  "maxRateList": [329, 540, 817, 1166, 1651, 2528, 3968, 6147, 9256, 13659, 20400, 30981, 47373, 72056, 108480, 162880, 245496, 371824, 563973, 853253, 1287600, 1942256, 2933787, 4437715, 6713056, 10146656, 15326005, 23149437, 34983344, 52884827, 79942576, 120811923, 182543755, 275832672, 416858877, 630039080, 952204208, 1438987555, 2174541347, 3286165019, 4966269232, 7505480453, 11342780600],
  "minRate": 0.9310344827586207,
  "minRateList": [233, 307, 404, 526, 695, 912, 1198, 1574, 2064, 2711, 3560, 4675, 6140, 8062, 10586, 13900, 18253, 23970, 31476, 41332, 54273, 71267, 93584, 122889, 161371, 211901, 278253, 365383, 479797, 630039, 827326, 1086389, 1426573, 1873281, 2459869, 3230138, 4241604, 5569793, 7313882, 9604105, 12611475, 16560555, 21746224, 28555700, 37497453, 49239171, 64657619, 84904103, 111490444, 146401866, 192245232, 252443705, 331492353, 435293801, 571598987, 750585927, 985619721, 1294250532, 1699524071, 2231702438, 2930523818, 3848169765, 5053161640, 6635477154, 8713269079],
  "province": "Austria",
  "r0": [2.5, 2.0, 1.0, 2.6666666666666665, 1.3333333333333333, 1.0, 1.3333333333333333, 1.1904761904761905, 0.9310344827586207, 1.2439024390243902]
}