{
  "input": [2, 2, 3, 3, 9, 14, 18, 21, 29, 41, 55, 79, 104, 131, 182, 246, 302, 504, 655, 860, 1018, 1332, 1646, 2013, 2388, 2814, 3582],
  "lastDate": "20_03_23",
  "lastDateRate": 0.5765765765765766,
  "lastDateRateList": [4531, 5692, 7069, 8691, 10756, 13368, 16650, 20726, 25737, 31939, 39647, 49247, 61197, 76036, 94451, 117311, 145706, 180991, 224832, 279290, 346929, 430940, 535295, 664928, 825960, 1025991, 1274461, 1583100, 1966482, 2442711, 3034273, 3769097, 4681875, 5815702, 7224112, 8973603, 11146776, 13846235, 17199433, 21364687, 26538656, 32965626, 40949041, 50865831, 63184209, 78485776, 97492984, 121103242, 150431289, 186861824, 232114884, 288327055, 358152348, 444887506, 552627657, 686459662, 852702288, 1059204543, 1315716258, 1634348421, 2030144983, 2521793149, 3132505678, 3891116854, 4833443872, 6003977916, 7457984777, 9264114177],
  "maxRate": 2.6666666666666665,
  "maxRateList": [7971, 13339, 19707, 27211, 36763, 58019, 93590, 146142, 218705, 316740, 471457, 721030, 1110742, 1693955, 2538595, 3795814, 5718561, 8680540, 13197753, 19967340, 30089511, 45339007, 68487114, 103681122, 156927362, 237166058, 358070077, 540702381, 817185373, 1235658338, 1868101159, 2822954698, 4264827714, 6443988709, 9739077610],
  "minRate": 0.41846758349705304,
  "minRateList": [4271, 5113, 6112, 7290, 8789, 10576, 12716, 15274, 18325, 22003, 26429, 31750, 38142, 45810, 55018, 66078, 79364, 95325, 114495, 137518, 165170, 198381, 238271, 286183, 343730, 412848, 495864, 595573, 715331, 859171, 1031935, 1239438, 1488666, 1788009, 2147544, 2579375, 3098040, 3720998, 4469222, 5367900, 6447285, 7743714, 9300831, 11171056, 13417348, 16115328, 19355821, 23247917, 27922642, 33537367, 40281109, 48380893, 58109393, 69794114, 83828415, 100684753, 120930588, 145247485, 174454059, 209533533, 251666838, 302272369, 363053733, 436057102, 523740093, 629054507, 755545695, 907471913, 1089947675, 1309115926, 1572354845, 1888526226, 2268273805, 2724381575, 3272204153, 3930183685, 4720470691, 5669669749, 6809735123, 8179046488],
  "province": "Austria",
  "r0": [2.5, 2.0, 1.0, 2.6666666666666665, 1.3333333333333333, 1.0, 1.3333333333333333, 1.1904761904761905, 0.9310344827586207, 1.2439024390243902, 1.1636363636363636, 0.7088607594936709, 1.9423076923076923, 1.1526717557251909, 1.1263736263736264, 0.6422764227642277, 1.0397350993377483, 0.623015873015873, 0.5603053435114503, 0.436046511627907, 0.41846758349705304, 0.5765765765765766]
}