{
  "input": [2, 2, 3, 3, 9, 14, 18, 21, 29, 41, 55, 79, 104, 131, 182, 246, 302, 504, 655, 860, 1018, 1332, 1646, 2013, 2388, 2814, 3582, 4474],
  "lastDate": "20_03_24",
  "lastDateRate": 0.5419198055893074,
  "lastDateRateList": [5565, 6859, 8384, 10325, 12750, 15766, 19483, 24026, 29621, 36530, 45074, 55632, 68652, 84704, 104500, 128926, 159074, 196278, 242181, 298812, 368680, 454885, 561252, 692495, 854427, 1054222, 1300733, 1604887, 1980164, 2443195, 3014499, 3719392, 4589112, 5662202, 6986218, 8619835, 10635447, 13122378, 16190837, 19976807, 24648066, 30411625, 37522902, 46297037, 57122864, 70480139, 86960801, 107295205, 132384486, 163340497, 201535080, 248660860, 306806257, 378548032, 467065482, 576281333, 711035578, 877299965, 1082442641, 1335554676, 1647852944, 2033177206, 2508603432, 3095200538, 3818964068, 4711968215, 5813787211, 7173249095, 8850599569],
  "maxRate": 2.6666666666666665,
  "maxRateList": [9842, 16210, 23714, 33266, 45197, 71442, 114669, 177906, 266615, 387140, 577652, 883436, 1357852, 2068825, 3101198, 4641603, 6997432, 10618371, 16135238, 24405099, 36782707, 55442526, 83758182, 126785483, 191865747, 289952966, 437799702, 661154854, 999249475, 1510891467, 2284099376, 3451565248, 5214644859, 7879310126],
  "minRate": 0.41846758349705304,
  "minRateList": [5316, 6315, 7493, 8992, 10864, 13089, 15732, 18868, 22631, 27177, 32654, 39237, 47133, 56603, 67976, 81641, 98060, 117784, 141471, 169917, 204081, 245116, 294405, 353606, 424711, 510112, 612685, 735884, 883857, 1061585, 1275050, 1531439, 1839383, 2209249, 2653488, 3187055, 3827913, 4597635, 5522134, 6632533, 7966212, 9568070, 11492031, 13802865, 16578365, 19911966, 23915893, 28724935, 34500987, 41438495, 49771007, 59779033, 71799487, 86237032, 103577699, 124405252, 149420839, 179466597, 215553999, 258897908, 310957473, 373485250, 448586203, 538788564, 647128946, 777254568, 933546038, 1121264822, 1346730370, 1617532856, 1942788697, 2333447452, 2802660433, 3366223437, 4043108502, 4856102593, 5832574709, 7005397248, 8414052635],
  "province": "Austria",
  "r0": [2.5, 2.0, 1.0, 2.6666666666666665, 1.3333333333333333, 1.0, 1.3333333333333333, 1.1904761904761905, 0.9310344827586207, 1.2439024390243902, 1.1636363636363636, 0.7088607594936709, 1.9423076923076923, 1.1526717557251909, 1.1263736263736264, 0.6422764227642277, 1.0397350993377483, 0.623015873015873, 0.5603053435114503, 0.436046511627907, 0.41846758349705304, 0.5765765765765766, 0.5419198055893074]
}