{
  "input": [1, 1, 6, 10, 18, 24, 38, 82, 128, 188, 265, 321],
  "lastDate": "20_03_10",
  "lastDateRate": 1.4736842105263157,
  "lastDateRateList": [442, 631, 908, 1299, 1772, 2423, 3353, 4691, 6605, 9216, 12787, 17728, 24641, 34375, 47956, 66800, 92925, 129238, 179896, 250568, 349010, 485952, 676408, 941518, 1310776, 1825107, 2541247, 3538059, 4925559, 6857229, 9546860, 13291856, 18505838, 25764557, 35869947, 49939004, 69527002, 96798763, 134767584, 187628559, 261222881, 363683726, 506334535, 704939396, 981444641, 1366404676, 1902359641, 2648536850, 3687394907, 5133734378, 7147383374, 9950860740],
  "maxRate": 14.0,
  "maxRateList": [1469, 3261, 5893, 9603, 14097, 34663, 80317, 162819, 297261, 494619, 979901, 2104339, 4383805, 8545459, 15470125, 29188739, 58649485, 120022755, 239659181, 456240931, 864883277, 1685976067, 3366294637, 6721523171, 13108896205],
  "minRate": 1.4736842105263157,
  "minRateList": [442, 631, 908, 1299, 1772, 2423, 3353, 4691, 6605, 9216, 12787, 17728, 24641, 34375, 47956, 66800, 92925, 129238, 179896, 250568, 349010, 485952, 676408, 941518, 1310776, 1825107, 2541247, 3538059, 4925559, 6857229, 9546860, 13291856, 18505838, 25764557, 35869947, 49939004, 69527002, 96798763, 134767584, 187628559, 261222881, 363683726, 506334535, 704939396, 981444641, 1366404676, 1902359641, 2648536850, 3687394907, 5133734378, 7147383374, 9950860740],
  "province": "Netherlands",
  "r0": [6.0, 14.0, 7.333333333333333, 4.6, 3.3333333333333335, 3.2083333333333335, 1.4736842105263157]
}