{
  "input": [1, 1, 6, 10, 18, 24, 38, 82, 128, 188, 265, 321, 382],
  "lastDate": "20_03_11",
  "lastDateRate": 0.7439024390243902,
  "lastDateRateList": [477, 617, 814, 1053, 1337, 1692, 2151, 2757, 3540, 4535, 5794, 7394, 9445, 12078, 15452, 19762, 25262, 32288, 41273, 52768, 67469, 86261, 110280, 140983, 180237, 230427, 294597, 376635, 481513, 615592, 787007, 1006158, 1286338, 1644537, 2102477, 2687933, 3436416, 4393326, 5616701, 7180739, 9180299, 11736657, 15004863, 19183141, 24524910, 31354157, 40085085, 51247239, 65517624, 83761764, 107086198, 136905591, 175028537, 223767257, 286077838, 365739522, 467583925, 597788081, 764249089, 977063090, 1249137612, 1596974434, 2041670445, 2610197206, 3337036822, 4266273338, 5454266515, 6973070139, 8914802207],
  "maxRate": 14.0,
  "maxRateList": [2174, 4806, 8516, 13010, 18358, 48794, 116078, 235302, 417442, 674454, 1357570, 2982662, 6276890, 12121078, 21563434, 40569414, 82326682, 170203142, 339898234, 641786310, 1209758106, 2362331654, 4745175642, 9503750918],
  "minRate": 0.7439024390243902,
  "minRateList": [477, 617, 814, 1053, 1337, 1692, 2151, 2757, 3540, 4535, 5794, 7394, 9445, 12078, 15452, 19762, 25262, 32288, 41273, 52768, 67469, 86261, 110280, 140983, 180237, 230427, 294597, 376635, 481513, 615592, 787007, 1006158, 1286338, 1644537, 2102477, 2687933, 3436416, 4393326, 5616701, 7180739, 9180299, 11736657, 15004863, 19183141, 24524910, 31354157, 40085085, 51247239, 65517624, 83761764, 107086198, 136905591, 175028537, 223767257, 286077838, 365739522, 467583925, 597788081, 764249089, 977063090, 1249137612, 1596974434, 2041670445, 2610197206, 3337036822, 4266273338, 5454266515, 6973070139, 8914802207],
  "province": "Netherlands",
  "r0": [6.0, 14.0, 7.333333333333333, 4.6, 3.3333333333333335, 3.2083333333333335, 1.4736842105263157, 0.7439024390243902]
}