{
  "input": [1, 1, 6, 10, 18, 24, 38, 82, 128, 188, 265],
  "lastDate": "20_03_09",
  "lastDateRate": 3.2083333333333335,
  "lastDateRateList": [387, 650, 1061, 1664, 2514, 3756, 5841, 9245, 14584, 22650, 34701, 53441, 83102, 129892, 202561, 313893, 485350, 751969, 1168706, 1818589, 2825662, 4382827, 6795394, 10544992, 16379632, 25445298, 39506868, 61308757, 95140606, 147691925, 229328923, 356080125, 552779054, 858021832, 1331866758, 2067630386, 3210054120, 4983553585, 7736373629, 12009446144],
  "maxRate": 14.0,
  "maxRateList": [797, 1945, 3737, 6369, 10079, 21237, 48467, 100785, 189951, 331057, 628375, 1306913, 2717903, 5377217, 10012015, 18809265, 37106047, 75156689, 150437727, 290605937, 553935647, 1073420305, 2125613951, 4231742129, 8300225247],
  "minRate": 3.2083333333333335,
  "minRateList": [387, 650, 1061, 1664, 2514, 3756, 5841, 9245, 14584, 22650, 34701, 53441, 83102, 129892, 202561, 313893, 485350, 751969, 1168706, 1818589, 2825662, 4382827, 6795394, 10544992, 16379632, 25445298, 39506868, 61308757, 95140606, 147691925, 229328923, 356080125, 552779054, 858021832, 1331866758, 2067630386, 3210054120, 4983553585, 7736373629, 12009446144],
  "province": "Netherlands",
  "r0": [6.0, 14.0, 7.333333333333333, 4.6, 3.3333333333333335, 3.2083333333333335]
}