{
  "input": [1, 1, 6, 10, 18, 24, 38, 82, 128, 188, 265, 321, 382, 503],
  "lastDate": "20_03_12",
  "lastDateRate": 0.9453125,
  "lastDateRateList": [681, 932, 1235, 1596, 2071, 2715, 3596, 4763, 6272, 8230, 10797, 14196, 18699, 24628, 32408, 42615, 56035, 73711, 96992, 127628, 167912, 220883, 290563, 382251, 502899, 661628, 870431, 1145104, 1506451, 1981848, 2607293, 3430122, 4512603, 5936670, 7810136, 10274843, 13517380, 17783200, 23395208, 30778227, 40491165, 53269313, 70079994, 92195777, 121290820, 159567624, 209923771, 276171265, 363325085, 477982813, 628824083, 827267648, 1088335797, 1431791541, 1883634669, 2478069935, 3260096384, 4288913817, 5642404258, 7423027656, 9765578141],
  "maxRate": 14.0,
  "maxRateList": [3135, 6845, 11339, 16687, 23729, 67619, 163449, 322195, 555813, 888019, 1834685, 4122971, 8633701, 16415083, 28847349, 54532939, 112254533, 233126347, 462937509, 866800395, 1630261541, 3201825003, 6465593861, 12946718987],
  "minRate": 0.7439024390243902,
  "minRateList": [643, 840, 1079, 1363, 1737, 2215, 2840, 3643, 4657, 5949, 7597, 9710, 12420, 15884, 20309, 25960, 33183, 42422, 54238, 69346, 88658, 113343, 144901, 185249, 236836, 302789, 387105, 494897, 632704, 808887, 1034132, 1322100, 1690255, 2160925, 2762658, 3531951, 4515464, 5772849, 7380366, 9435514, 12062941, 15422006, 19716442, 25206714, 32225816, 41199467, 52671935, 67339044, 86090380, 110063243, 140711627, 179894408, 229988087, 294030931, 375907246, 480582969, 614406858, 785495557, 1004225884, 1283864201, 1641371044, 2098429804, 2682761865, 3429807949, 4384877660, 5605897583, 7166924632, 9162637727],
  "province": "Netherlands",
  "r0": [6.0, 14.0, 7.333333333333333, 4.6, 3.3333333333333335, 3.2083333333333335, 1.4736842105263157, 0.7439024390243902, 0.9453125]
}