{
  "input": [1, 1, 6, 10, 18, 24, 38, 82, 128, 188],
  "lastDate": "20_03_08",
  "lastDateRate": 3.3333333333333335,
  "lastDateRateList": [268, 395, 668, 1095, 1722, 2615, 3932, 6159, 9809, 15549, 24266, 37373, 57903, 90600, 142430, 223317, 347894, 540904, 842904, 1317671, 2062061, 3221708, 5024721, 7834401, 12226638, 19100175, 29839202, 46588272, 72702942, 113458402, 177125652, 276589659, 431883899, 674227039, 1052421712, 1642840552, 2564806082, 4004419079, 6251842542, 9759914915],
  "maxRate": 14.0,
  "maxRateList": [524, 1056, 2204, 3996, 6628, 13964, 28748, 59604, 115548, 208340, 403836, 806308, 1640764, 3258436, 6175196, 11828900, 23117212, 46087908, 91706012, 178158756, 343763356, 667404324, 1312635036, 2596519204, 5090741788, 9903428772],
  "minRate": 3.3333333333333335,
  "minRateList": [268, 395, 668, 1095, 1722, 2615, 3932, 6159, 9809, 15549, 24266, 37373, 57903, 90600, 142430, 223317, 347894, 540904, 842904, 1317671, 2062061, 3221708, 5024721, 7834401, 12226638, 19100175, 29839202, 46588272, 72702942, 113458402, 177125652, 276589659, 431883899, 674227039, 1052421712, 1642840552, 2564806082, 4004419079, 6251842542, 9759914915],
  "province": "Netherlands",
  "r0": [6.0, 14.0, 7.333333333333333, 4.6, 3.3333333333333335]
}