{
  "input": [1, 1, 6, 10, 18, 24, 38, 82],
  "lastDate": "20_03_06",
  "lastDateRate": 7.333333333333333,
  "lastDateRateList": [155, 287, 463, 742, 1343, 2480, 4585, 7980, 13421, 23270, 41457, 75080, 133600, 232021, 402668, 706686, 1257273, 2237006, 3938493, 6891392, 12073756, 21293758, 37698469, 66580751, 117117626, 205658503, 361812728, 638268167, 1126527008, 1985389599, 3493551954, 6146845293, 10827478518],
  "maxRate": 14.0,
  "maxRateList": [222, 474, 810, 1342, 2490, 5598, 12234, 23574, 42362, 77222, 155594, 326870, 656906, 1249974, 2331082, 4509398, 9085578, 18282262, 35781898, 68417046, 131548618, 258746710, 514698378, 1015644950, 1973483594, 3815164246, 7437618186, 14643395478],
  "minRate": 6.0,
  "minRateList": [142, 250, 394, 622, 1114, 1966, 3466, 5830, 9562, 16246, 28042, 48838, 83818, 141190, 238666, 406918, 699946, 1202854, 2049994, 3481990, 5923498, 10123174, 17340298, 29640262, 50532202, 86073190, 146812234, 250854022, 428695594, 731888806, 1248327946, 2129201350, 3634325482, 6206499046, 10597831882],
  "province": "Netherlands",
  "r0": [6.0, 14.0, 7.333333333333333]
}