{
  "input": [1, 1, 8, 8, 18, 27, 42, 56, 90, 114, 214, 268, 337, 374, 491, 652],
  "lastDate": "20_03_12",
  "lastDateRate": 0.7523364485981309,
  "lastDateRateList": [854, 1108, 1389, 1758, 2249, 2891, 3725, 4770, 6093, 7785, 9960, 12762, 16351, 20935, 26792, 34285, 43886, 56187, 71937, 92094, 117888, 150905, 193177, 247298, 316584, 405275, 518806, 664140, 850191, 1088369, 1393272, 1783589, 2283246, 2922876, 3741696, 4789905, 6131764, 7849533, 10048519, 12863533, 16467153, 21080303, 26985793, 34545660, 44223365, 56612204, 72471684, 92774080, 118764039, 152034888, 194626313, 249149402, 318946724, 408297239, 522678627, 669103096, 856547272, 1096502518, 1403679413, 1796909595, 2300300242, 2944711975, 3769650785, 4825689970, 6177570553, 7908170268],
  "maxRate": 15.0,
  "maxRateList": [4672, 9727, 15337, 22702, 32482, 102562, 248467, 478522, 819052, 1306282, 2844712, 6571717, 13749547, 26035327, 45629557, 88300237, 186875992, 393119197, 783649102, 1468092457, 2792596012, 5595735892, 11492523847],
  "minRate": 0.4111111111111111,
  "minRateList": [762, 901, 1055, 1257, 1525, 1838, 2208, 2642, 3159, 3786, 4542, 5450, 6536, 7835, 9391, 11258, 13499, 16186, 19407, 23268, 27896, 33446, 40100, 48078, 57644, 69112, 82862, 99348, 119113, 142811, 171224, 205289, 246132, 295101, 353812, 424204, 508601, 609789, 731108, 876564, 1050959, 1260051, 1510742, 1811309, 2171674, 2603735, 3121756, 3742839, 4487488, 5380287, 6450711, 7734100, 9272823, 11117679, 13329575, 15981534, 19161108, 22973269, 27543870, 33023806, 39593992, 47471336, 56915902, 68239493, 81815947, 98093477, 117609471, 141008231, 169062245, 202697690, 243025008, 291375568, 349345619, 418848986, 502180259, 602090540, 721878274, 865498140, 1037691612, 1244143496, 1491669607, 1788441786, 2144257688, 2570864240, 3082345455, 3695587405, 4430835695, 5312363856, 6369274710, 7636461175, 9155758219],
  "province": "Switzerland",
  "r0": [9.0, 15.0, 1.75, 4.25, 1.3333333333333333, 3.7037037037037037, 1.2857142857142858, 1.2321428571428572, 0.4111111111111111, 1.0263157894736843, 0.7523364485981309]
}