{
  "input": [1, 1, 8, 8, 18, 27, 42, 56, 90, 114, 214, 268, 337, 374],
  "lastDate": "20_03_10",
  "lastDateRate": 0.4111111111111111,
  "lastDateRateList": [421, 509, 619, 758, 912, 1085, 1294, 1548, 1860, 2235, 2681, 3213, 3849, 4614, 5533, 6635, 7956, 9538, 11435, 13710, 16438, 19709, 23630, 28331, 33967, 40725, 48828, 58543, 70190, 84154, 100897, 120971, 145039, 173895, 208492, 249972, 299705, 359332, 430822, 516535, 619301, 742513, 890238, 1067354, 1279707, 1534309, 1839564, 2205551, 2644352, 3170454, 3801225, 4557490, 5464217, 6551339, 7854748, 9417474, 11291109, 13537509, 16230837, 19460011, 23331639, 27973539, 33538959, 40211636, 48211863, 57803759, 69303992, 83092231, 99623681, 119444114, 143207882, 171699523, 205859662, 246816064, 295920866, 354795217, 425382799, 510013993, 611482819, 733139175, 878999431, 1053879026, 1263551445, 1514938826, 1816340487, 2177706920, 2610968297, 3130428336, 3753236520, 4499954276, 5395233788, 6468631866, 7755585737, 9298582973],
  "maxRate": 15.0,
  "maxRateList": [2084, 5294, 9314, 14369, 19979, 51239, 130649, 270359, 485894, 785579, 1554164, 3513899, 7569284, 14857694, 26641379, 49953839, 102662324, 216201584, 439066994, 838687679, 1587995264, 3127930124, 6370953884, 12956958794],
  "minRate": 0.4111111111111111,
  "minRateList": [421, 509, 619, 758, 912, 1085, 1294, 1548, 1860, 2235, 2681, 3213, 3849, 4614, 5533, 6635, 7956, 9538, 11435, 13710, 16438, 19709, 23630, 28331, 33967, 40725, 48828, 58543, 70190, 84154, 100897, 120971, 145039, 173895, 208492, 249972, 299705, 359332, 430822, 516535, 619301, 742513, 890238, 1067354, 1279707, 1534309, 1839564, 2205551, 2644352, 3170454, 3801225, 4557490, 5464217, 6551339, 7854748, 9417474, 11291109, 13537509, 16230837, 19460011, 23331639, 27973539, 33538959, 40211636, 48211863, 57803759, 69303992, 83092231, 99623681, 119444114, 143207882, 171699523, 205859662, 246816064, 295920866, 354795217, 425382799, 510013993, 611482819, 733139175, 878999431, 1053879026, 1263551445, 1514938826, 1816340487, 2177706920, 2610968297, 3130428336, 3753236520, 4499954276, 5395233788, 6468631866, 7755585737, 9298582973],
  "province": "Switzerland",
  "r0": [9.0, 15.0, 1.75, 4.25, 1.3333333333333333, 3.7037037037037037, 1.2857142857142858, 1.2321428571428572, 0.4111111111111111]
}