{
  "input": [1, 1, 8, 8, 18, 27, 42, 56, 90, 114],
  "lastDate": "20_03_06",
  "lastDateRate": 1.3333333333333333,
  "lastDateRateList": [150, 206, 281, 401, 553, 753, 1028, 1403, 1938, 2675, 3679, 5050, 6921, 9505, 13072, 17977, 24710, 33938, 46611, 64040, 88009, 120956, 166207, 228355, 313742, 431087, 592362, 813971, 1118444, 1536767, 2111550, 2901366, 3986661, 5477920, 7526943, 10342343, 14210831, 19526379, 26830272, 36866196, 50655987, 69603762, 95638934, 131412630, 180567558, 248108874, 340913890, 468432469, 643649309, 884406053, 1215217885, 1669769738, 2294346363, 3152545442, 4331753513, 5952044026, 8178403677],
  "maxRate": 15.0,
  "maxRateList": [519, 1149, 1989, 3339, 5049, 12834, 30069, 59904, 109989, 185724, 378234, 829269, 1727829, 3377664, 6163524, 11837034, 24276069, 50193504, 100858464, 193311324, 370866834, 735007869, 1487910429, 3000787389, 5900457249, 11463459759],
  "minRate": 1.3333333333333333,
  "minRateList": [150, 206, 281, 401, 553, 753, 1028, 1403, 1938, 2675, 3679, 5050, 6921, 9505, 13072, 17977, 24710, 33938, 46611, 64040, 88009, 120956, 166207, 228355, 313742, 431087, 592362, 813971, 1118444, 1536767, 2111550, 2901366, 3986661, 5477920, 7526943, 10342343, 14210831, 19526379, 26830272, 36866196, 50655987, 69603762, 95638934, 131412630, 180567558, 248108874, 340913890, 468432469, 643649309, 884406053, 1215217885, 1669769738, 2294346363, 3152545442, 4331753513, 5952044026, 8178403677],
  "province": "Switzerland",
  "r0": [9.0, 15.0, 1.75, 4.25, 1.3333333333333333]
}