{
  "input": [1, 1, 8, 8, 18, 27, 42, 56, 90, 114, 214, 268, 337, 374, 491],
  "lastDate": "20_03_11",
  "lastDateRate": 1.0263157894736843,
  "lastDateRateList": [711, 986, 1332, 1716, 2220, 2950, 3962, 5329, 7090, 9368, 12396, 16462, 21931, 29208, 38823, 51545, 68440, 90948, 120925, 160770, 213671, 283912, 377253, 501360, 666361, 885655, 1177038, 1564219, 2078773, 2762670, 3671632, 4879645, 6485028, 8618506, 11453878, 15222132, 20230189, 26885876, 35731185, 47486481, 63109195, 83871757, 111465156, 148136635, 196872760, 261642723, 347721632, 462120082, 614155050, 816208672, 1084736730, 1441608931, 1915890068, 2546207093, 3383894941, 4497177374, 5976723382, 7943031610],
  "maxRate": 15.0,
  "maxRateList": [3701, 7721, 12776, 18386, 25751, 81266, 197081, 388721, 664511, 1050776, 2269766, 5225981, 11056796, 21024461, 36786101, 70832591, 149222306, 315074246, 630441161, 1182232676, 2244721541, 4483056131, 9209169821],
  "minRate": 0.4111111111111111,
  "minRateList": [579, 689, 828, 982, 1184, 1422, 1705, 2045, 2449, 2936, 3521, 4222, 5063, 6070, 7277, 8725, 10461, 12542, 15037, 18029, 21616, 25917, 31073, 37255, 44667, 53554, 64209, 76983, 92299, 110662, 132679, 159076, 190725, 228670, 274164, 328710, 394108, 472517, 566526, 679238, 814374, 976396, 1170653, 1403558, 1682800, 2017598, 2419005, 2900273, 3477291, 4169109, 4998566, 5993046, 7185380, 8614933, 10328900, 12383866, 14847674, 17801664, 21343359, 25589685, 30680830, 36784874, 44103336, 52877828, 63398032, 76011262, 91133932, 109265303, 131003966, 157067601, 188316675, 225782847, 270703027, 324560213, 389132449, 466551527, 559373364, 670662386, 804092696, 964069369, 1155873886, 1385838491, 1661555250, 1992126692, 2388466321, 2863658919, 3433392521, 4116476346, 4935461764, 5917386807, 7094668807, 8506174621],
  "province": "Switzerland",
  "r0": [9.0, 15.0, 1.75, 4.25, 1.3333333333333333, 3.7037037037037037, 1.2857142857142858, 1.2321428571428572, 0.4111111111111111, 1.0263157894736843]
}