{
  "input": [1, 1, 8, 8, 18, 27, 42, 56, 90, 114, 214, 268],
  "lastDate": "20_03_08",
  "lastDateRate": 1.2857142857142858,
  "lastDateRateList": [340, 456, 603, 878, 1223, 1660, 2246, 3021, 4150, 5722, 7856, 10744, 14628, 19964, 27321, 37422, 51236, 70043, 95711, 130838, 178952, 244827, 334882, 457939, 626159, 856240, 1171018, 1601581, 2190360, 2995422, 4096302, 5601897, 7661073, 10477250, 14328507, 19595181, 26797620, 36647571, 50118321, 68540687, 93734491, 128188574, 175306880, 239744721, 327868461, 448384235, 613198116, 838592676, 1146835889, 1568381053, 2144875069, 2933272647, 4011463230, 5485966516, 7502456441, 10260152958],
  "maxRate": 15.0,
  "maxRateList": [1108, 2458, 4168, 7378, 11398, 28018, 64888, 127408, 238078, 409048, 829318, 1802638, 3713758, 7284928, 13420648, 25860418, 52899988, 108606358, 217880278, 419189998, 807096268, 1600596088, 3229691458, 6497895628, 12785745598],
  "minRate": 1.2857142857142858,
  "minRateList": [340, 456, 603, 878, 1223, 1660, 2246, 3021, 4150, 5722, 7856, 10744, 14628, 19964, 27321, 37422, 51236, 70043, 95711, 130838, 178952, 244827, 334882, 457939, 626159, 856240, 1171018, 1601581, 2190360, 2995422, 4096302, 5601897, 7661073, 10477250, 14328507, 19595181, 26797620, 36647571, 50118321, 68540687, 93734491, 128188574, 175306880, 239744721, 327868461, 448384235, 613198116, 838592676, 1146835889, 1568381053, 2144875069, 2933272647, 4011463230, 5485966516, 7502456441, 10260152958],
  "province": "Switzerland",
  "r0": [9.0, 15.0, 1.75, 4.25, 1.3333333333333333, 3.7037037037037037, 1.2857142857142858]
}