{
  "input": [1, 1, 8, 8, 18, 27, 42, 56, 90, 114, 214],
  "lastDate": "20_03_07",
  "lastDateRate": 3.7037037037037037,
  "lastDateRateList": [370, 577, 910, 1332, 2125, 3495, 5632, 9002, 13935, 21805, 34749, 55608, 88949, 140560, 221319, 350019, 555975, 885416, 1406009, 2225709, 3522076, 5581243, 8860562, 14068003, 22311370, 35356096, 56027366, 88844262, 140947977, 223582681, 354531185, 562039948, 891092770, 1413122314, 2241206318, 3554284781, 5635914218, 8936257811],
  "maxRate": 15.0,
  "maxRateList": [844, 1684, 3034, 4744, 7954, 20614, 45874, 91384, 162544, 281854, 591064, 1279174, 2649934, 5088094, 9315904, 18181864, 37369474, 77118484, 153439894, 293178454, 565906414, 1126448524, 2283225784, 4584824194, 8982501004],
  "minRate": 1.3333333333333333,
  "minRateList": [270, 345, 465, 617, 902, 1262, 1722, 2342, 3165, 4368, 6051, 8347, 11470, 15690, 21514, 29582, 40711, 56004, 76924, 105609, 145052, 199333, 274005, 376570, 517382, 710785, 976562, 1341902, 1843995, 2533838, 3481551, 4783634, 6572837, 9031497, 12409948, 17052016, 23430195, 32193978, 44235974, 60782571, 83518592, 114758852, 157684156, 216665455, 297708883, 409067006, 562078809, 772324350, 1061211623, 1458156800, 2003579475, 2753017887, 3782783687, 5197732518, 7141941585, 9813380885],
  "province": "Switzerland",
  "r0": [9.0, 15.0, 1.75, 4.25, 1.3333333333333333, 3.7037037037037037]
}