{
  "input": [1, 1, 8, 8, 18, 27, 42, 56, 90, 114, 214, 268, 337],
  "lastDate": "20_03_09",
  "lastDateRate": 1.2321428571428572,
  "lastDateRateList": [448, 588, 852, 1182, 1597, 2149, 2874, 3924, 5380, 7348, 9996, 13537, 18372, 25001, 34055, 46372, 63052, 85689, 116494, 158455, 215592, 293281, 398862, 542399, 737638, 1003278, 1364642, 1856097, 2524410, 3433285, 4669467, 6350901, 8637878, 11748312, 15978610, 21732060, 29557277, 40200377, 54675976, 74363906, 101140909, 137559697, 187092304, 254460917, 346087873, 470707922, 640201120, 870725566, 1184257767, 1610687468, 2190666872, 2979486109, 4052344396, 5511519145, 7496116204, 10195330743],
  "maxRate": 15.0,
  "maxRateList": [1687, 3397, 6607, 10627, 15682, 40987, 91942, 191047, 350452, 585682, 1200487, 2579617, 5445322, 10702102, 19487332, 37494637, 76188892, 157868722, 318400252, 610710232, 1173129787, 2315963167, 4683993997, 9459997777],
  "minRate": 1.2321428571428572,
  "minRateList": [448, 588, 852, 1182, 1597, 2149, 2874, 3924, 5380, 7348, 9996, 13537, 18372, 25001, 34055, 46372, 63052, 85689, 116494, 158455, 215592, 293281, 398862, 542399, 737638, 1003278, 1364642, 1856097, 2524410, 3433285, 4669467, 6350901, 8637878, 11748312, 15978610, 21732060, 29557277, 40200377, 54675976, 74363906, 101140909, 137559697, 187092304, 254460917, 346087873, 470707922, 640201120, 870725566, 1184257767, 1610687468, 2190666872, 2979486109, 4052344396, 5511519145, 7496116204, 10195330743],
  "province": "Switzerland",
  "r0": [9.0, 15.0, 1.75, 4.25, 1.3333333333333333, 3.7037037037037037, 1.2857142857142858, 1.2321428571428572]
}