{
  "input": [1, 1, 5, 5, 11, 16, 22, 31, 49, 68, 103, 119, 177],
  "lastDate": "20_03_17",
  "lastDateRate": 1.8709677419354838,
  "lastDateRateList": [269, 396, 589, 812, 1143, 1646, 2387, 3489, 5008, 7147, 10227, 14693, 21221, 30591, 43963, 63097, 90587, 130291, 187526, 269779, 387831, 557316, 801086, 1151941, 1656689, 2382308, 3425028, 4923834, 7079078, 10178690, 14635911, 21044028, 30256363, 43501090, 62545091, 89928408, 129301106, 185909785, 267298921, 384318769, 552571919, 794490117, 1142321328, 1642428987, 2361477006, 3395321242, 4881786622, 7019032978, 10091964631],
  "maxRate": 6.0,
  "maxRateList": [471, 879, 1497, 2211, 3273, 6099, 11373, 20355, 33621, 53259, 89853, 158091, 280221, 481947, 801501, 1340619, 2289165, 3970491, 6862173, 11671179, 19714893, 33449883, 57272829, 98445867, 168472941, 286762299, 487461597, 831098571, 1421773773, 2432611419, 4153185213, 7077954795, 12064546221],
  "minRate": 0.7272727272727273,
  "minRateList": [213, 262, 337, 424, 553, 708, 899, 1144, 1452, 1854, 2369, 3023, 3855, 4911, 6259, 7982, 10181, 12985, 16557, 21109, 26914, 34318, 43762, 55803, 71155, 90729, 115688, 147515, 188099, 239848, 305833, 389970, 497254, 634053, 808488, 1030912, 1314527, 1676166, 2137295, 2725286, 3475040, 4431060, 5650090, 7204486, 9186512, 11713814, 14936403, 19045559, 24285185, 30966285, 39485422, 50348261, 64199577, 81861530, 104382465, 133099136, 169716053, 216406654, 275942312, 351856832, 448656204, 572086061, 729472718, 930158036, 1186053914, 1512349335, 1928411925, 2458937538, 3135416110, 3998000775, 5097891200, 6500372600, 8288690809],
  "province": "Poland",
  "r0": [5.0, 6.0, 1.8, 3.6, 1.7272727272727273, 2.1875, 0.7272727272727273, 1.8709677419354838]
}