{
  "input": [1, 1, 5, 5, 11, 16, 22, 31, 49, 68],
  "lastDate": "20_03_14",
  "lastDateRate": 1.7272727272727273,
  "lastDateRateList": [96, 134, 188, 273, 390, 556, 787, 1112, 1584, 2258, 3218, 4577, 6498, 9234, 13134, 18692, 26598, 37822, 53772, 76458, 108744, 154686, 220015, 312894, 444958, 632789, 899974, 1280000, 1820453, 2589017, 3682016, 5236517, 7447426, 10591845, 15063783, 21423629, 30468522, 43332258, 61627263, 87646525, 124650975, 177278422, 252125049, 358572140, 509961592, 725267822, 1031476005, 1466964726, 2086316604, 2967159354, 4219894683, 6001535055, 8535383218],
  "maxRate": 6.0,
  "maxRateList": [164, 296, 482, 776, 1184, 2168, 3944, 6836, 11492, 18596, 31604, 55268, 96284, 165236, 276812, 466436, 798044, 1375748, 2367164, 4028036, 6826652, 11614916, 19869404, 34072388, 58240604, 99200516, 168890012, 288106436, 492540764, 841984388, 1437187484, 2450527556, 4179166172, 7134410756, 12186317084],
  "minRate": 1.7272727272727273,
  "minRateList": [96, 134, 188, 273, 390, 556, 787, 1112, 1584, 2258, 3218, 4577, 6498, 9234, 13134, 18692, 26598, 37822, 53772, 76458, 108744, 154686, 220015, 312894, 444958, 632789, 899974, 1280000, 1820453, 2589017, 3682016, 5236517, 7447426, 10591845, 15063783, 21423629, 30468522, 43332258, 61627263, 87646525, 124650975, 177278422, 252125049, 358572140, 509961592, 725267822, 1031476005, 1466964726, 2086316604, 2967159354, 4219894683, 6001535055, 8535383218],
  "province": "Poland",
  "r0": [5.0, 6.0, 1.8, 3.6, 1.7272727272727273]
}