{
  "input": [1, 1, 5, 5, 11, 16, 22, 31, 49, 68, 103, 119, 177, 238, 251, 355, 425, 536, 634, 749, 901],
  "lastDate": "20_03_25",
  "lastDateRate": 0.428169014084507,
  "lastDateRateList": [1083, 1312, 1583, 1904, 2290, 2754, 3316, 3994, 4809, 5790, 6969, 8389, 10099, 12158, 14637, 17621, 21213, 25537, 30743, 37010, 44555, 53638, 64572, 77735, 93582, 112659, 135625, 163273, 196557, 236626, 284863, 342933, 412841, 497001, 598317, 720287, 867120, 1043886, 1256686, 1512867, 1821272, 2192546, 2639506, 3177580, 3825343, 4605155, 5543935, 6674090, 8034631, 9672524, 11644309, 14018050, 16875689, 20315869, 24457344, 29443076, 35445171, 42670818, 51369444, 61841321, 74447934, 89624458, 107894780, 129889584, 156368121, 188244420, 226618836, 272816038, 328430733, 395382717, 475983145, 573014309, 689825683, 830449546, 999740174, 1203541408, 1448888380, 1744250363, 2099823126, 2527880891, 3043200029, 3663569138, 4410403096, 5309482294, 6391842563, 7694846519, 9263473305],
  "maxRate": 6.0,
  "maxRateList": [3451, 6667, 10471, 14965, 20371, 41077, 81079, 143905, 233695, 355921, 602383, 1088857, 1952287, 3354457, 5489983, 9104281, 15637423, 27351145, 47477887, 80417785, 135043471, 228868009, 392974879, 677842201, 1160348911, 1970609737, 3343817791, 5701667065, 9768720271],
  "minRate": 0.19117647058823528,
  "minRateList": [982, 1084, 1205, 1348, 1520, 1708, 1915, 2145, 2403, 2694, 3021, 3387, 3797, 4256, 4771, 5349, 5997, 6723, 7537, 8449, 9472, 10618, 11903, 13344, 14959, 16770, 18800, 21076, 23627, 26487, 29693, 33287, 37316, 41833, 46897, 52574, 58938, 66072, 74069, 83035, 93086, 104354, 116985, 131145, 147019, 164815, 184765, 207130, 232202, 260309, 291818, 327141, 366739, 411131, 460896, 516685, 579227, 649339, 727938, 816050, 914828, 1025563, 1149701, 1288866, 1444876, 1619770, 1815834, 2035630, 2282031, 2558257, 2867919, 3215064, 3604229, 4040500, 4529579, 5077858, 5692503, 6381547, 7153996, 8019945, 8990712, 10078985, 11298987, 12666663, 14199888, 15918701, 17845566, 20005666, 22427234, 25141918, 28185199, 31596851, 35421464, 39709023, 44515566, 49903913, 55944487, 62716237, 70307668, 78817997, 88358451, 99053721, 111043590, 124484762, 139552908, 156444965, 175381706, 196610628, 220409185, 247088417, 276997013, 310525869, 348113195, 390250245, 437487736, 490443047, 549808287, 616359339, 690966003, 774603364, 868364535, 973474943, 1091308346, 1223404788, 1371490725, 1537501592, 1723607096, 1932239574, 2166125783, 2428322539, 2722256667, 3051769788, 3421168530, 3835280812, 4299518944, 4819950366, 5403376943, 6057423868, 6790639317, 7612606174, 8534067273],
  "province": "Poland",
  "r0": [5.0, 6.0, 1.8, 3.6, 1.7272727272727273, 2.1875, 0.7272727272727273, 1.8709677419354838, 1.2448979591836735, 0.19117647058823528, 1.0097087378640777, 0.5882352941176471, 0.6271186440677966, 0.4117647058823529, 0.4581673306772908, 0.428169014084507]
}