{
  "input": [1, 1, 5, 5, 11, 16, 22, 31, 49, 68, 103, 119, 177, 238, 251, 355, 425, 536, 634, 749],
  "lastDate": "20_03_24",
  "lastDateRate": 0.4581673306772908,
  "lastDateRateList": [912, 1107, 1353, 1643, 1986, 2404, 2911, 3531, 4284, 5194, 6295, 7629, 9247, 11210, 13590, 16474, 19969, 24206, 29342, 35568, 43116, 52265, 63355, 76799, 93095, 112849, 136795, 165822, 201009, 243662, 295366, 358041, 434015, 526111, 637749, 773076, 937119, 1135970, 1377017, 1669213, 2023411, 2452768, 2973232, 3604136, 4368915, 5295976, 6419754, 7781992, 9433289, 11434983, 13861426, 16802748, 20368203, 24690228, 29929364, 36280217, 43978687, 53310732, 64622988, 78335645, 94958055, 115107653, 139532889, 169141031, 205031864, 248538543, 301277109, 365206520, 442701415, 536640317, 650512558, 788547887, 955873583, 1158704909, 1404575971, 1702619573, 2063906453, 2501856501, 3032737236, 3676268059, 4456352724, 5401967234, 6548236149, 7937737273],
  "maxRate": 6.0,
  "maxRateList": [2879, 5429, 8645, 12449, 16943, 34217, 66791, 118661, 193355, 295013, 500315, 901061, 1613027, 2773157, 4543235, 7545125, 12951491, 22629653, 39268595, 66528005, 111798755, 189507701, 325285619, 560897189, 960065219, 1630857749, 2767903955, 4719617669, 8085000803],
  "minRate": 0.19117647058823528,
  "minRateList": [817, 898, 1000, 1121, 1264, 1420, 1592, 1783, 1997, 2239, 2510, 2814, 3155, 3537, 3965, 4445, 4983, 5586, 6262, 7020, 7870, 8823, 9891, 11088, 12430, 13935, 15622, 17513, 19633, 22009, 24673, 27660, 31008, 34761, 38969, 43686, 48974, 54902, 61547, 68997, 77349, 86712, 97208, 108974, 122165, 136952, 153529, 172113, 192946, 216301, 242483, 271834, 304738, 341625, 382977, 429334, 481302, 539561, 604872, 678088, 760167, 852181, 955332, 1070969, 1200603, 1345929, 1508846, 1691483, 1896227, 2125754, 2383064, 2671520, 2994892, 3357406, 3763800, 4219386, 4730118, 5302671, 5944528, 6664078, 7470725, 8375012, 9388758, 10525212, 11799227, 13227454, 14828559, 16623469, 18635642, 20891377, 23420155, 26255027, 29433043, 32995739, 36989679, 41467062, 46486405, 52113310, 58421319, 65492875, 73420402, 82307509, 92270348, 103439130, 115959827, 129996080, 145731339, 163371258, 183146386, 205315176, 230167368, 258027771, 289260511, 324273791, 363525222, 407527807, 456856646, 512156450, 574149969, 643647438, 721557166, 808897407, 906809670, 1016573635, 1139623880, 1277568632, 1432210783, 1605571455, 1799916415, 2017785686, 2262026748, 2535831751, 2842779235, 3186880903, 3572634049, 4005080339, 4489871703, 5033344204, 5642600847, 6325604415, 7091281539, 7949639365],
  "province": "Poland",
  "r0": [5.0, 6.0, 1.8, 3.6, 1.7272727272727273, 2.1875, 0.7272727272727273, 1.8709677419354838, 1.2448979591836735, 0.19117647058823528, 1.0097087378640777, 0.5882352941176471, 0.6271186440677966, 0.4117647058823529, 0.4581673306772908]
}