{
  "input": [1, 1, 5, 5, 11, 16, 22, 31, 49, 68, 103, 119, 177, 238, 251, 355, 425],
  "lastDate": "20_03_21",
  "lastDateRate": 0.5882352941176471,
  "lastDateRateList": [529, 669, 817, 1026, 1276, 1587, 1981, 2462, 3066, 3817, 4751, 5916, 7364, 9168, 11413, 14208, 17688, 22020, 27413, 34127, 42485, 52890, 65843, 81968, 102043, 127034, 158146, 196877, 245093, 305118, 379844, 472871, 588681, 732853, 912334, 1135772, 1413931, 1760214, 2191304, 2727971, 3396072, 4227796, 5263216, 6552218, 8156907, 10154596, 12641535, 15737544, 19591790, 24389971, 30363263, 37799460, 47056839, 58581421, 72928463, 90789206, 113024182, 140704676, 175164335, 218063431, 271468846, 337953659, 420721115, 523758959, 652031565, 811719121, 1010515391, 1257998400, 1566091905, 1949639884, 2427121720, 3021542538, 3761541597, 4682772129, 5829619120, 7257337779, 9034715743],
  "maxRate": 6.0,
  "maxRateList": [1487, 2915, 4421, 6551, 9101, 18023, 35513, 62039, 101345, 155951, 264089, 477167, 849401, 1457471, 2393177, 3977711, 6840713, 11937119, 20681945, 35041007, 58907273, 99951551, 171574265, 295665935, 505911977, 859355615, 1459064921, 2488510511, 4262506121, 7297977983, 12454111673],
  "minRate": 0.19117647058823528,
  "minRateList": [459, 505, 553, 621, 702, 790, 887, 993, 1112, 1246, 1397, 1567, 1757, 1970, 2208, 2475, 2775, 3111, 3488, 3910, 4383, 4914, 5509, 6176, 6924, 7762, 8701, 9754, 10935, 12259, 13743, 15406, 17271, 19362, 21706, 24333, 27278, 30580, 34282, 38432, 43084, 48299, 54145, 60699, 68046, 76283, 85517, 95868, 107472, 120481, 135065, 151414, 169742, 190288, 213321, 239142, 268089, 300540, 336919, 377701, 423419, 474671, 532127, 596538, 668746, 749694, 840440, 942170, 1056214, 1184062, 1327386, 1488058, 1668179, 1870102, 2096467, 2350232, 2634714, 2953631, 3311151, 3711946, 4161255, 4664950, 5229615, 5862629, 6572266, 7367800, 8259629, 9259408, 10380205, 11636668, 13045218, 14624265, 16394446, 18378897, 20603554, 23097493, 25893308, 29027540, 32541153, 36480068, 40895765, 45845956, 51395339, 57616442, 64590573, 72408881, 81173549, 90999129, 102014037, 114362235, 128205109, 143723582, 161120474, 180623158, 202486526, 226996326, 254472893, 285275337, 319806235, 358516894, 401913250, 450562480, 505100412, 566239839, 634779833, 711616190, 797753135, 894316449, 1002568183, 1123923151, 1259967423, 1412479052, 1583451314, 1775118761, 1989986422, 2230862547, 2500895307, 2803613941, 3142974881, 3523413462, 3949901890, 4428014228, 4963999246, 5564862091, 6238455841, 6993584144, 7840116276],
  "province": "Poland",
  "r0": [5.0, 6.0, 1.8, 3.6, 1.7272727272727273, 2.1875, 0.7272727272727273, 1.8709677419354838, 1.2448979591836735, 0.19117647058823528, 1.0097087378640777, 0.5882352941176471]
}