{
  "input": [1, 1, 5, 5, 11, 16, 22, 31, 49, 68, 103, 119, 177, 238, 251, 355],
  "lastDate": "20_03_20",
  "lastDateRate": 1.0097087378640777,
  "lastDateRateList": [475, 654, 894, 1147, 1505, 1985, 2645, 3548, 4706, 6226, 8230, 10901, 14483, 19235, 25521, 33831, 44838, 59462, 78884, 104653, 138812, 184085, 244124, 323774, 429443, 569603, 755475, 1001969, 1328886, 1762498, 2337631, 3100441, 4112138, 5453926, 7233536, 9593862, 12724404, 16876466, 22383343, 29687108, 39374114, 52222056, 69262371, 91863028, 121838360, 161594747, 214323813, 284258634, 377013536, 500034793, 663198421, 879603048, 1166621475, 1547295337, 2052184837, 2721822078, 3609964961, 4787912858, 6350230480, 8422339442],
  "maxRate": 6.0,
  "maxRateList": [1069, 2131, 3559, 5065, 7195, 13609, 26395, 47749, 78139, 121309, 202963, 361333, 647827, 1116661, 1844515, 3062293, 5230291, 9117253, 15817219, 26884309, 45258067, 76639813, 131343331, 226246645, 387552499, 659100901, 1118939779, 1906999765, 3264479635, 5589794629, 9544400035],
  "minRate": 0.19117647058823528,
  "minRateList": [378, 412, 458, 506, 574, 646, 725, 813, 910, 1020, 1143, 1282, 1437, 1611, 1806, 2025, 2270, 2545, 2853, 3198, 3585, 4019, 4506, 5051, 5662, 6347, 7115, 7976, 8942, 10024, 11237, 12597, 14122, 15831, 17747, 19895, 22303, 25003, 28030, 31423, 35226, 39490, 44270, 49629, 55636, 62370, 69920, 78383, 87871, 98507, 110431, 123798, 138783, 155582, 174414, 195526, 219193, 245725, 275469, 308813, 346193, 388098, 435075, 487738, 546776, 612960, 687155, 770331, 863575, 968106, 1085290, 1216658, 1363927, 1529022, 1714101, 1921583, 2154179, 2414930, 2707243, 3034939, 3402300, 3814128, 4275806, 4793367, 5373576, 6024016, 6753188, 7570622, 8487001, 9514302, 10665952, 11957003, 13404328, 15026843, 16845754, 18884833, 21170731, 23733323, 26606102, 29826614, 33436950, 37484296, 42021549, 47108010, 52810157, 59202515, 66368630, 74402161, 83408104, 93504163, 104822291, 117510411, 131734354, 147680021, 165555817, 185595373, 208060599, 233245108, 261478053, 293128430, 328609898, 368386189, 412977166, 462965617, 519004876, 581827356, 652254127, 731205644, 819713777, 918935297, 1030166997, 1154862639, 1294651953, 1451361940, 1627040747, 1823984438, 2044767001, 2292273992, 2569740245, 2880792153, 3229495060, 3620406398, 4058635249, 4549909119, 5100648795, 5718052262, 6410188779, 7186104341, 8055939908],
  "province": "Poland",
  "r0": [5.0, 6.0, 1.8, 3.6, 1.7272727272727273, 2.1875, 0.7272727272727273, 1.8709677419354838, 1.2448979591836735, 0.19117647058823528, 1.0097087378640777]
}