{
  "input": [1, 1, 5, 5, 11, 16, 22, 31, 49, 68, 103, 119],
  "lastDate": "20_03_16",
  "lastDateRate": 0.7272727272727273,
  "lastDateRateList": [142, 178, 227, 302, 389, 492, 621, 786, 1006, 1289, 1647, 2099, 2671, 3403, 4340, 5538, 7065, 9008, 11483, 14639, 18667, 23805, 30356, 38707, 49354, 62930, 80243, 102320, 130471, 166365, 212132, 270491, 344906, 439794, 560787, 715065, 911786, 1162627, 1482477, 1890322, 2410369, 3073486, 3919033, 4997198, 6371978, 8124974, 10360237, 13210443, 16844769, 21478935, 27388007, 34922725, 44530320, 56781061, 72402105, 92320656, 117719001, 150104688, 191400005, 244056081, 311198376, 396812195, 505979241, 645179245, 822674577, 1049000669, 1337591356, 1705576259, 2174797528, 2773106311, 3536015888, 4508809601, 5749228698, 7330899627, 9347704217],
  "maxRate": 6.0,
  "maxRateList": [305, 599, 1007, 1625, 2339, 4169, 7763, 13805, 23555, 37589, 62603, 109181, 192011, 333341, 558875, 934493, 1589579, 2741645, 4741691, 8094941, 13701899, 23239373, 39689243, 68139389, 116709035, 198920429, 338356667, 576492125, 985328459, 1685582669, 2879105243, 4909245245, 8368197995],
  "minRate": 0.7272727272727273,
  "minRateList": [142, 178, 227, 302, 389, 492, 621, 786, 1006, 1289, 1647, 2099, 2671, 3403, 4340, 5538, 7065, 9008, 11483, 14639, 18667, 23805, 30356, 38707, 49354, 62930, 80243, 102320, 130471, 166365, 212132, 270491, 344906, 439794, 560787, 715065, 911786, 1162627, 1482477, 1890322, 2410369, 3073486, 3919033, 4997198, 6371978, 8124974, 10360237, 13210443, 16844769, 21478935, 27388007, 34922725, 44530320, 56781061, 72402105, 92320656, 117719001, 150104688, 191400005, 244056081, 311198376, 396812195, 505979241, 645179245, 822674577, 1049000669, 1337591356, 1705576259, 2174797528, 2773106311, 3536015888, 4508809601, 5749228698, 7330899627, 9347704217],
  "province": "Poland",
  "r0": [5.0, 6.0, 1.8, 3.6, 1.7272727272727273, 2.1875, 0.7272727272727273]
}