{
  "input": [1, 1, 5, 5, 11, 16, 22, 31, 49, 68, 103, 119, 177, 238, 251, 355, 425, 536],
  "lastDate": "20_03_22",
  "lastDateRate": 0.6271186440677966,
  "lastDateRateList": [685, 842, 1065, 1332, 1668, 2098, 2626, 3294, 4129, 5175, 6491, 8138, 10204, 12793, 16038, 20109, 25212, 31611, 39634, 49692, 62303, 78114, 97938, 122793, 153956, 193027, 242014, 303433, 380439, 476988, 598039, 749810, 940098, 1178678, 1477806, 1852847, 2323067, 2912620, 3651791, 4578551, 5740506, 7197345, 9023903, 11314009, 14185304, 17785282, 22298871, 27957929, 35053155, 43949024, 55102506, 69086544, 86619483, 108601970, 136163222, 170719031, 214044491, 268365184, 336471504, 421861999, 528923086, 663154377, 831451187, 1042458740, 1307016265, 1638713794, 2054590268, 2576008809, 3229754121, 4049408389, 5077076362, 6365548225, 7981011376],
  "maxRate": 6.0,
  "maxRateList": [1964, 3470, 5600, 8150, 11366, 23150, 43970, 77570, 126470, 194666, 333566, 597386, 1062806, 1821626, 2989622, 4991018, 8575334, 14952170, 25881926, 43819658, 73765766, 125217770, 214930790, 370222346, 633140294, 1075734890, 1827041510, 3116626250, 5337960326, 9136802090],
  "minRate": 0.19117647058823528,
  "minRateList": [582, 630, 698, 779, 881, 992, 1112, 1245, 1394, 1562, 1752, 1965, 2203, 2470, 2769, 3104, 3480, 3901, 4373, 4902, 5495, 6160, 6906, 7742, 8679, 9730, 10908, 12228, 13708, 15367, 17227, 19312, 21650, 24271, 27209, 30502, 34194, 38333, 42973, 48175, 54006, 60543, 67871, 76086, 85296, 95621, 107195, 120170, 134716, 151023, 169303, 189796, 212770, 238525, 267397, 299764, 336049, 376726, 422326, 473446, 530754, 594999, 667020, 747759, 838271, 939739, 1053489, 1181008, 1323962, 1484220, 1663876, 1865278, 2091059, 2344169, 2627917, 2946011, 3302608, 3702369, 4150519, 4652915, 5216123, 5847504, 6555310, 7348792, 8238320, 9235520, 10353425, 11606646, 13011562, 14586535, 16352149, 18331480, 20550398, 23037903, 25826505, 28952651, 32457199, 36385952, 40790257, 45727677, 51262743, 57467796, 64423934, 72222071, 80964127, 90764357, 101750847, 114067187, 127874348, 143352784, 160704793, 180157161, 201964123, 226410690, 253816369, 284539344, 318981154, 357591942, 400876339, 449400057, 503797285, 564778976, 633142141, 709780265, 795694982, 892009169, 999981620, 1121023500, 1256716786, 1408834944, 1579366109, 1770539066, 1984852382, 2225107062, 2494443154, 2796380792, 3134866202, 3514323275, 3939711390, 4416590228, 4951192438, 5550505094, 6222361014, 6975541133, 7819889265],
  "province": "Poland",
  "r0": [5.0, 6.0, 1.8, 3.6, 1.7272727272727273, 2.1875, 0.7272727272727273, 1.8709677419354838, 1.2448979591836735, 0.19117647058823528, 1.0097087378640777, 0.5882352941176471, 0.6271186440677966]
}