{
  "input": [1, 1, 5, 5, 11, 16, 22, 31, 49, 68, 103, 119, 177, 238, 251, 355, 425, 536, 634],
  "lastDate": "20_03_23",
  "lastDateRate": 0.4117647058823529,
  "lastDateRateList": [737, 883, 1058, 1279, 1540, 1843, 2207, 2643, 3170, 3804, 4563, 5472, 6560, 7865, 9431, 11310, 13563, 16264, 19503, 23386, 28043, 33628, 40325, 48356, 57986, 69533, 83380, 99984, 119895, 143772, 172403, 206736, 247906, 297275, 356475, 427464, 512591, 614670, 737077, 883861, 1059876, 1270943, 1524042, 1827544, 2191487, 2627907, 3151236, 3778783, 4531301, 5433678, 6515757, 7813325, 9369294, 11235124, 13472521, 16155480, 19372731, 23230676, 27856904, 33404413, 40056669, 48033676, 57599248, 69069738, 82824496, 99318419, 119096991, 142814328, 171254808, 205359012, 246254832, 295294769, 354100669, 424617355, 509176948, 610575996, 732167960, 877974118, 1052816558, 1262477654, 1513891299, 1815372224, 2176890978, 2610403678, 3130247418, 3753614423, 4501120633, 5397487506, 6472359609, 7761285016, 9306890955],
  "maxRate": 6.0,
  "maxRateList": [2140, 4270, 6820, 10036, 13840, 26680, 52300, 93220, 153436, 236476, 396556, 710356, 1269676, 2190292, 3609148, 5988484, 10250620, 17868676, 31010428, 52665316, 88596220, 150099940, 257311996, 443374564, 759366460, 1290943780, 2191543420, 3735415396, 6395662780, 10951861540],
  "minRate": 0.19117647058823528,
  "minRateList": [682, 750, 831, 933, 1054, 1184, 1327, 1486, 1664, 1866, 2092, 2346, 2630, 2948, 3305, 3705, 4153, 4656, 5220, 5852, 6560, 7354, 8244, 9242, 10361, 11615, 13021, 14597, 16364, 18345, 20566, 23055, 25846, 28974, 32481, 36413, 40821, 45762, 51301, 57511, 64472, 72276, 81025, 90833, 101828, 114154, 127971, 143461, 160826, 180293, 202117, 226582, 254008, 284754, 319222, 357862, 401179, 449739, 504177, 565205, 633620, 710316, 796296, 892683, 1000737, 1121870, 1257666, 1409899, 1580559, 1771876, 1986351, 2226787, 2496327, 2798493, 3137234, 3516978, 3942687, 4419926, 4954932, 5554697, 6227060, 6980809, 7825795, 8773061, 9834988, 11025455, 12360021, 13856129, 15533332, 17413550, 19521358, 21884303, 24533269, 27502877, 30831938, 34563962, 38747726, 43437910, 48695813, 54590154, 61197970, 68605623, 76909929, 86219423, 96655776, 108355388, 121471169, 136174538, 152657663, 171135973, 191850974, 215073403, 241106771, 270291324, 303008495, 339685887, 380802861, 426896803, 478570144, 536498239, 601438188, 674238735, 755851359, 847342710, 949908550, 1064889380, 1193787962, 1338288957, 1500280946, 1681881110, 1885462903, 2113687072, 2369536431, 2656354847, 2977890942, 3338347085, 3742434319, 4195433931, 4703266475, 5272569155, 5910782568, 6626247953, 7428316205, 8327470090],
  "province": "Poland",
  "r0": [5.0, 6.0, 1.8, 3.6, 1.7272727272727273, 2.1875, 0.7272727272727273, 1.8709677419354838, 1.2448979591836735, 0.19117647058823528, 1.0097087378640777, 0.5882352941176471, 0.6271186440677966, 0.4117647058823529]
}