{
  "input": [1, 1, 5, 5, 11, 16, 22, 31, 49, 68, 103],
  "lastDate": "20_03_15",
  "lastDateRate": 2.1875,
  "lastDateRateList": [151, 219, 326, 475, 700, 1030, 1509, 2222, 3261, 4792, 7045, 10346, 15207, 22340, 32823, 48234, 70866, 104131, 153000, 224800, 330312, 485331, 713118, 1047806, 1539556, 2262114, 3323776, 4883722, 7175798, 10543577, 15491951, 22762711, 33445853, 49142911, 72206986, 106095629, 155889059, 229051862, 336551980, 494504762, 726588950, 1067596267, 1568647215, 2304854671, 3386583838, 4975997166, 7311364000, 10742779783],
  "maxRate": 6.0,
  "maxRateList": [235, 421, 715, 1123, 1741, 3151, 5677, 9967, 16705, 27151, 46057, 80119, 139921, 240151, 403057, 679399, 1160113, 1999639, 3440545, 5858887, 9935281, 16895959, 28893793, 49537063, 84690385, 144302071, 245677825, 419040583, 716262961, 1224405271, 2090217697, 3564284647, 6078528145, 10376105911],
  "minRate": 1.7272727272727273,
  "minRateList": [141, 195, 280, 397, 575, 819, 1156, 1640, 2326, 3319, 4734, 6731, 9564, 13582, 19315, 27492, 39118, 55638, 79098, 112460, 159946, 227513, 323615, 460239, 654488, 930758, 1323735, 1882706, 2677664, 3808143, 5415816, 7702267, 10954214, 15579270, 22156972, 31511563, 44815479, 63736394, 90646042, 128917175, 183346238, 260754793, 370844928, 527415364, 750090484, 1066779441, 1517174083, 2157724413, 3068714587, 4364325423, 6206944457, 8827517873],
  "province": "Poland",
  "r0": [5.0, 6.0, 1.8, 3.6, 1.7272727272727273, 2.1875]
}