{
  "input": [1, 1, 5, 5, 11, 16, 22, 31, 49, 68, 103, 119, 177, 238],
  "lastDate": "20_03_18",
  "lastDateRate": 1.2448979591836735,
  "lastDateRateList": [323, 451, 599, 819, 1115, 1517, 2078, 2824, 3844, 5232, 7121, 9708, 13224, 18009, 24522, 33387, 45472, 61935, 84354, 114881, 156444, 213052, 290155, 395167, 538182, 732939, 998167, 1359380, 1851323, 2521305, 3433739, 4676355, 6368644, 8673352, 11812119, 16086774, 21908359, 29836671, 40634109, 55338992, 75365384, 102639055, 139782666, 190367985, 259259383, 353081596, 480856746, 654871902, 891860618, 1214612095, 1654162653, 2252780235, 3068028929, 4178304392, 5690372510, 7749636221, 10554117738],
  "maxRate": 6.0,
  "maxRateList": [646, 1264, 1978, 3040, 4468, 8344, 15928, 27796, 46036, 72844, 122908, 218476, 385252, 661468, 1098532, 1835980, 3146836, 5458348, 9427156, 16018348, 27034228, 45915244, 78665332, 135228268, 231338356, 393543724, 669035188, 1141027180, 1952396788, 3340426924, 5701689268, 9715900396],
  "minRate": 0.7272727272727273,
  "minRateList": [287, 362, 449, 578, 751, 960, 1223, 1550, 1970, 2516, 3214, 4103, 5230, 6663, 8493, 10830, 13814, 17618, 22464, 28641, 36517, 46564, 59377, 75714, 96544, 123102, 156967, 200150, 255215, 325429, 414958, 529116, 674680, 860291, 1096967, 1398755, 1783567, 2274243, 2899909, 3697703, 4714979, 6012119, 7666114, 9775139, 12464378, 15893454, 20265904, 25841260, 32950452, 42015454, 53574330, 68313169, 87106813, 111070778, 141627472, 180590621, 230272926, 293623335, 374402083, 477403881, 608742514, 776213733, 989757977, 1262050401, 1609253224, 2051975052, 2616494131, 3336318114, 4254172951, 5424538932, 6916884424, 8819789247],
  "province": "Poland",
  "r0": [5.0, 6.0, 1.8, 3.6, 1.7272727272727273, 2.1875, 0.7272727272727273, 1.8709677419354838, 1.2448979591836735]
}