{
  "input": [1, 1, 5, 5, 11, 16, 22, 31, 49, 68, 103, 119, 177, 238, 251],
  "lastDate": "20_03_19",
  "lastDateRate": 0.19117647058823528,
  "lastDateRateList": [271, 294, 328, 374, 422, 474, 530, 593, 665, 746, 837, 938, 1051, 1178, 1321, 1481, 1660, 1861, 2086, 2339, 2622, 2939, 3295, 3694, 4141, 4642, 5204, 5834, 6540, 7332, 8219, 9214, 10329, 11579, 12981, 14552, 16313, 18288, 20502, 22984, 25766, 28885, 32381, 36300, 40694, 45620, 51142, 57332, 64272, 72052, 80773, 90550, 101511, 113798, 127573, 143015, 160326, 179733, 201489, 225878, 253219, 283870, 318231, 356751, 399934, 448344, 502613, 563451, 631653, 708111, 793824, 889912, 997631, 1118388, 1253762, 1405522, 1575652, 1766376, 1980185, 2219875, 2488578, 2789806, 3127496, 3506061, 3930449, 4406207, 4939552, 5537456, 6207732, 6959141, 7801504, 8745830, 9804461, 10991233, 12321657, 13813121, 15485118, 17359500, 19460765, 21816376, 24457120, 27417510, 30736238, 34456678, 38627456, 43303082, 48544665, 54420711, 61008017, 68392678, 76671208, 85951806, 96355765, 108019062, 121094133, 135751864, 152183827, 170604782, 191255485, 214405834, 240358396, 269452363, 302067983, 338631532, 379620883, 425571753, 477084705, 534832996, 599571377, 672145958, 753505264, 844712634, 946960119, 1061584059, 1190082551, 1334135028, 1495624208, 1676660701, 1879610595, 2107126377, 2362181603, 2648109760, 2968647835, 3327985155, 3730818139, 4182411681, 4688667959, 5256203575, 5892436031, 6605680675, 7405259379, 8301622371],
  "maxRate": 6.0,
  "maxRateList": [869, 1583, 2645, 4073, 5579, 10793, 20291, 36161, 60599, 94073, 158831, 280577, 497543, 861137, 1425575, 2378561, 4062023, 7047281, 12214103, 20767553, 35038919, 59411057, 101694743, 174979361, 299584679, 509818193, 866284535, 1476452993, 2526329159, 4323837233, 7382746391, 12580453601],
  "minRate": 0.19117647058823528,
  "minRateList": [271, 294, 328, 374, 422, 474, 530, 593, 665, 746, 837, 938, 1051, 1178, 1321, 1481, 1660, 1861, 2086, 2339, 2622, 2939, 3295, 3694, 4141, 4642, 5204, 5834, 6540, 7332, 8219, 9214, 10329, 11579, 12981, 14552, 16313, 18288, 20502, 22984, 25766, 28885, 32381, 36300, 40694, 45620, 51142, 57332, 64272, 72052, 80773, 90550, 101511, 113798, 127573, 143015, 160326, 179733, 201489, 225878, 253219, 283870, 318231, 356751, 399934, 448344, 502613, 563451, 631653, 708111, 793824, 889912, 997631, 1118388, 1253762, 1405522, 1575652, 1766376, 1980185, 2219875, 2488578, 2789806, 3127496, 3506061, 3930449, 4406207, 4939552, 5537456, 6207732, 6959141, 7801504, 8745830, 9804461, 10991233, 12321657, 13813121, 15485118, 17359500, 19460765, 21816376, 24457120, 27417510, 30736238, 34456678, 38627456, 43303082, 48544665, 54420711, 61008017, 68392678, 76671208, 85951806, 96355765, 108019062, 121094133, 135751864, 152183827, 170604782, 191255485, 214405834, 240358396, 269452363, 302067983, 338631532, 379620883, 425571753, 477084705, 534832996, 599571377, 672145958, 753505264, 844712634, 946960119, 1061584059, 1190082551, 1334135028, 1495624208, 1676660701, 1879610595, 2107126377, 2362181603, 2648109760, 2968647835, 3327985155, 3730818139, 4182411681, 4688667959, 5256203575, 5892436031, 6605680675, 7405259379, 8301622371],
  "province": "Poland",
  "r0": [5.0, 6.0, 1.8, 3.6, 1.7272727272727273, 2.1875, 0.7272727272727273, 1.8709677419354838, 1.2448979591836735, 0.19117647058823528]
}