{
  "input": [548, 643, 920, 1406, 2075, 2877, 5509, 6087, 8141, 9802, 11891],
  "lastDate": "20_02_02",
  "lastDateRate": 0.7261035801181787,
  "lastDateRateList": [15891, 20311, 26222, 33339, 41973, 53512, 68260, 87300, 111508, 141985, 180840, 230404, 293793, 374759, 477855, 609164, 776461, 989785, 1261899, 1608871, 2051187, 2614978, 3333664, 4249933, 5418140, 6907514, 8806259, 11226844, 14312736, 18246867, 23262438, 29656694, 37808546, 48201075, 61450190, 78341130, 99874962, 127327883, 162326856, 206946059, 263829834, 336349401, 428802633, 546668744, 696933018, 888500805, 1132725309, 1444080436, 1841018568, 2347064127, 2992207742, 3814683644, 4863235619, 6200005792, 7904217457],
  "maxRate": 4.093312597200622,
  "maxRateList": [34441, 59357, 92681, 132804, 181478, 322456, 565423, 944795, 1488403, 2231249, 3551162, 5865615, 9732956, 15825455, 24958655, 39494671, 63504467, 103344498, 168123032, 270286609, 431950643, 691894278, 1114915614, 1803095739, 2909463320, 4677572328, 7509711892, 12073410020],
  "minRate": 0.6282608695652174,
  "minRateList": [15352, 19176, 24291, 30449, 37920, 47565, 59613, 74874, 94004, 117828, 147711, 185164, 232204, 291263, 365290, 458091, 574422, 720307, 903296, 1132793, 1420594, 1781481, 2234022, 2801528, 3513218, 4405722, 5524957, 6928506, 8688596, 10895813, 13663756, 17134870, 21487779, 26946484, 33791897, 42376300, 53141468, 66641399, 83570820, 104800947, 131424318, 164811023, 206679206, 259183482, 325025816, 407594572, 511138889, 640987347, 803822187, 1008023189, 1264098909, 1585227472, 1987934740, 2492944766, 3126246291, 3920430171, 4916366561, 6165308169, 7731527815, 9695626028],
  "province": "China",
  "r0": [1.4635036496350364, 4.093312597200622, 0.6282608695652174, 1.460881934566145, 0.8004819277108434, 0.7261035801181787]
}