{
  "input": [548, 643, 920, 1406, 2075, 2877, 5509, 6087, 8141, 9802, 11891, 16630, 19716, 23707, 27440, 30587, 34110, 36814, 39829],
  "lastDate": "20_02_10",
  "lastDateRate": 0.1271776268612646,
  "lastDateRateList": [43319, 47209, 51547, 56229, 61294, 66803, 72807, 79363, 86514, 94309, 102805, 112064, 122157, 133160, 145154, 158228, 172480, 188016, 204951, 223411, 243534, 265470, 289381, 315446, 343859, 374831, 408593, 445396, 485514, 529245, 576915, 628879, 685523, 747270, 814578, 887949, 967928, 1055111, 1150147, 1253743, 1366670, 1489769, 1623956, 1770229, 1929677, 2103487, 2292952, 2499483, 2724617, 2970029, 3237545, 3529157, 3847035, 4193545, 4571266, 4983009, 5431839, 5921096, 6454421, 7035784, 7669511, 8360319, 9113350, 9934208, 10829002, 11804392, 12867638, 14026652, 15290061, 16667268, 18168523, 19804999, 21588875, 23533429, 25653133, 27963763, 30482516, 33228138, 36221064, 39483569, 43039934, 46916628, 51142504, 55749013, 60770440, 66244157, 72210902, 78715084, 85805111, 93533751, 101958526, 111142137, 121152935, 132065425, 143960825, 156927668, 171062461, 186470404, 203266171, 221574767, 241532455, 263287773, 287002636, 312853545, 341032898, 371750422, 405234736, 441735050, 481523021, 524894776, 572173112, 623709904, 679888719, 741127674, 807882546, 880650165, 959972110, 1046438744, 1140693603, 1243438188, 1355437186, 1477524161, 1610607757, 1755678462, 1913815980, 2086197265, 2274105281, 2478938553, 2702221573, 2945616148, 3210933765, 3500149078, 3815414600, 4159076727, 4533693198, 4942052134, 5387192787, 5872428161, 6401369669, 6977954011, 7606472473, 8291602867],
  "maxRate": 4.093312597200622,
  "maxRateList": [152149, 277351, 416974, 567665, 730698, 1353491, 2488775, 4195580, 6519210, 9510185, 15050447, 25237781, 42411601, 69096765, 108024925, 169631109, 272937236, 446541177, 729375836, 1171555622, 1865908777, 2983126203, 4810958828, 7796522126, 12592065512],
  "minRate": 0.1271776268612646,
  "minRateList": [43319, 47209, 51547, 56229, 61294, 66803, 72807, 79363, 86514, 94309, 102805, 112064, 122157, 133160, 145154, 158228, 172480, 188016, 204951, 223411, 243534, 265470, 289381, 315446, 343859, 374831, 408593, 445396, 485514, 529245, 576915, 628879, 685523, 747270, 814578, 887949, 967928, 1055111, 1150147, 1253743, 1366670, 1489769, 1623956, 1770229, 1929677, 2103487, 2292952, 2499483, 2724617, 2970029, 3237545, 3529157, 3847035, 4193545, 4571266, 4983009, 5431839, 5921096, 6454421, 7035784, 7669511, 8360319, 9113350, 9934208, 10829002, 11804392, 12867638, 14026652, 15290061, 16667268, 18168523, 19804999, 21588875, 23533429, 25653133, 27963763, 30482516, 33228138, 36221064, 39483569, 43039934, 46916628, 51142504, 55749013, 60770440, 66244157, 72210902, 78715084, 85805111, 93533751, 101958526, 111142137, 121152935, 132065425, 143960825, 156927668, 171062461, 186470404, 203266171, 221574767, 241532455, 263287773, 287002636, 312853545, 341032898, 371750422, 405234736, 441735050, 481523021, 524894776, 572173112, 623709904, 679888719, 741127674, 807882546, 880650165, 959972110, 1046438744, 1140693603, 1243438188, 1355437186, 1477524161, 1610607757, 1755678462, 1913815980, 2086197265, 2274105281, 2478938553, 2702221573, 2945616148, 3210933765, 3500149078, 3815414600, 4159076727, 4533693198, 4942052134, 5387192787, 5872428161, 6401369669, 6977954011, 7606472473, 8291602867],
  "province": "China",
  "r0": [1.4635036496350364, 4.093312597200622, 0.6282608695652174, 1.460881934566145, 0.8004819277108434, 0.7261035801181787, 0.8602287166454892, 0.5069820929850501, 0.49023461491217296, 0.3808406447663742, 0.2646539399545875, 0.21184606133493686, 0.137147494420775, 0.1271776268612646]
}