{
  "input": [548, 643, 920, 1406, 2075, 2877, 5509, 6087],
  "lastDate": "20_01_30",
  "lastDateRate": 0.6282608695652174,
  "lastDateRateList": [6970, 8274, 10082, 13543, 17367, 21746, 26944, 33278, 41787, 52698, 66360, 83288, 104195, 130448, 163556, 205247, 257574, 323036, 404991, 507747, 636696, 798520, 1001471, 1255911, 1574909, 1974920, 2476599, 3105784, 3894824, 4884278, 6125043, 7680993, 9632236, 12079202, 15147803, 18995928, 23821595, 29873152, 37462042, 46978814, 58913212, 73879388, 92647520, 116183455, 145698406, 182711272, 229126801, 287333612, 360327130, 451863737, 566654080, 710605483, 891125948, 1117505384, 1401393688, 1757400273, 2203845892, 2763705455, 3465790359, 4346231176, 5450337000, 6834927136, 8571255128],
  "maxRate": 4.093312597200622,
  "maxRateList": [11842, 20336, 32112, 54662, 79578, 128051, 211293, 342737, 566486, 892224, 1416377, 2281265, 3684195, 6002999, 9655151, 15452825, 24790756, 39871318, 64443469, 103965020, 167218263, 268694577, 431900345, 695687608, 1121248934, 1805725556, 2905576453, 4673479576, 7521146426, 12110768812],
  "minRate": 0.6282608695652174,
  "minRateList": [6970, 8274, 10082, 13543, 17367, 21746, 26944, 33278, 41787, 52698, 66360, 83288, 104195, 130448, 163556, 205247, 257574, 323036, 404991, 507747, 636696, 798520, 1001471, 1255911, 1574909, 1974920, 2476599, 3105784, 3894824, 4884278, 6125043, 7680993, 9632236, 12079202, 15147803, 18995928, 23821595, 29873152, 37462042, 46978814, 58913212, 73879388, 92647520, 116183455, 145698406, 182711272, 229126801, 287333612, 360327130, 451863737, 566654080, 710605483, 891125948, 1117505384, 1401393688, 1757400273, 2203845892, 2763705455, 3465790359, 4346231176, 5450337000, 6834927136, 8571255128],
  "province": "China",
  "r0": [1.4635036496350364, 4.093312597200622, 0.6282608695652174]
}