{
  "input": [548, 643, 920, 1406, 2075, 2877, 5509, 6087, 8141, 9802, 11891, 16630, 19716, 23707, 27440, 30587, 34110, 36814],
  "lastDate": "20_02_09",
  "lastDateRate": 0.137147494420775,
  "lastDateRateList": [40065, 43828, 48023, 52701, 57750, 63245, 69256, 75842, 83070, 90990, 99664, 109162, 119564, 130957, 143436, 157105, 172076, 188474, 206434, 226106, 247653, 271253, 297102, 325414, 356424, 390389, 427591, 468338, 512968, 561851, 615392, 674035, 738266, 808618, 885674, 970073, 1062515, 1163766, 1274666, 1396134, 1529177, 1674898, 1834506, 2009323, 2200799, 2410522, 2640230, 2891828, 3167402, 3469236, 3799833, 4161934, 4558541, 4992942, 5468739, 5989877, 6560676, 7185868, 7870637, 8620661, 9442158, 10341938, 11327462, 12406900, 13589202, 14884170, 16302541, 17856074, 19557649, 21421374, 23462701, 25698554, 28147470, 30829753, 33767641, 36985492, 40509984, 44370339, 48598562, 53229709, 58302177, 63858020, 69943301, 76608472, 83908793, 91904790, 100662757, 110255305, 120761965, 132269846, 144874358, 158680003, 173801242, 190363443, 208503921, 228373076, 250135641, 273972046, 300079915, 328675705, 359996500, 394301976, 431876556, 473031764, 518108813, 567481431, 621558959, 680789747, 745664868, 816722194, 894550850, 979796104, 1073164712, 1175430780, 1287442183, 1410127591, 1544504172, 1691686023, 1852893409, 2029462879, 2222858345, 2434683222, 2666693721, 2920813409, 3199149158, 3504008610, 3837919314, 4203649676, 4604231917, 5042987208, 5523553209, 6049914227, 6626434247, 7257893118, 7949526178],
  "maxRate": 4.093312597200622,
  "maxRateList": [133854, 246174, 371376, 510999, 661690, 1209596, 2217263, 3737421, 5829100, 8537604, 13488859, 22564810, 37863242, 61723570, 96670652, 151884768, 244249589, 399235674, 651889541, 1047592739, 1669304573, 2669094493, 4303290907, 6971678577, 11259803132],
  "minRate": 0.137147494420775,
  "minRateList": [40065, 43828, 48023, 52701, 57750, 63245, 69256, 75842, 83070, 90990, 99664, 109162, 119564, 130957, 143436, 157105, 172076, 188474, 206434, 226106, 247653, 271253, 297102, 325414, 356424, 390389, 427591, 468338, 512968, 561851, 615392, 674035, 738266, 808618, 885674, 970073, 1062515, 1163766, 1274666, 1396134, 1529177, 1674898, 1834506, 2009323, 2200799, 2410522, 2640230, 2891828, 3167402, 3469236, 3799833, 4161934, 4558541, 4992942, 5468739, 5989877, 6560676, 7185868, 7870637, 8620661, 9442158, 10341938, 11327462, 12406900, 13589202, 14884170, 16302541, 17856074, 19557649, 21421374, 23462701, 25698554, 28147470, 30829753, 33767641, 36985492, 40509984, 44370339, 48598562, 53229709, 58302177, 63858020, 69943301, 76608472, 83908793, 91904790, 100662757, 110255305, 120761965, 132269846, 144874358, 158680003, 173801242, 190363443, 208503921, 228373076, 250135641, 273972046, 300079915, 328675705, 359996500, 394301976, 431876556, 473031764, 518108813, 567481431, 621558959, 680789747, 745664868, 816722194, 894550850, 979796104, 1073164712, 1175430780, 1287442183, 1410127591, 1544504172, 1691686023, 1852893409, 2029462879, 2222858345, 2434683222, 2666693721, 2920813409, 3199149158, 3504008610, 3837919314, 4203649676, 4604231917, 5042987208, 5523553209, 6049914227, 6626434247, 7257893118, 7949526178],
  "province": "China",
  "r0": [1.4635036496350364, 4.093312597200622, 0.6282608695652174, 1.460881934566145, 0.8004819277108434, 0.7261035801181787, 0.8602287166454892, 0.5069820929850501, 0.49023461491217296, 0.3808406447663742, 0.2646539399545875, 0.21184606133493686, 0.137147494420775]
}