{
  "input": [548, 643, 920, 1406, 2075, 2877, 5509, 6087, 8141, 9802, 11891, 16630, 19716, 23707, 27440, 30587],
  "lastDate": "20_02_07",
  "lastDateRate": 0.2646539399545875,
  "lastDateRateList": [34988, 40206, 46480, 53742, 61837, 71097, 81738, 94039, 108262, 124627, 143443, 165075, 189963, 218615, 251598, 289561, 333249, 383523, 441380, 507966, 584599, 672795, 774296, 891109, 1025544, 1180260, 1358318, 1563238, 1799074, 2070488, 2382848, 2742332, 3156049, 3632181, 4180144, 4810774, 5536543, 6371804, 7333075, 8439367, 9712557, 11177825, 12864148, 14804875, 17038387, 19608853, 22567108, 25971655, 29889823, 34399099, 39588659, 45561133, 52434634, 60345093, 69448950, 79926245, 91984178, 105861210, 121831777, 140211715, 161364511, 185708486, 213725072, 245968332, 283075915, 325781669, 374930152, 431493334, 496589822, 571506978, 657726380, 756953122, 871149533, 1002573986, 1153825559, 1327895437, 1528226063, 1758779219, 2024114374, 2329478854, 2680911613, 3085362662, 3550830512, 4086520356, 4703026113, 5412539934, 6229093319, 7168834604, 8250348317],
  "maxRate": 4.093312597200622,
  "maxRateList": [98659, 179363, 276403, 388723, 513925, 917767, 1651956, 2783360, 4374525, 6478181, 10234888, 16996860, 28390023, 46296321, 72813541, 114708137, 184281598, 300490837, 489996151, 788044736, 1257580998, 2011903185, 3241906113, 5247613530, 8473326975],
  "minRate": 0.2646539399545875,
  "minRateList": [34988, 40206, 46480, 53742, 61837, 71097, 81738, 94039, 108262, 124627, 143443, 165075, 189963, 218615, 251598, 289561, 333249, 383523, 441380, 507966, 584599, 672795, 774296, 891109, 1025544, 1180260, 1358318, 1563238, 1799074, 2070488, 2382848, 2742332, 3156049, 3632181, 4180144, 4810774, 5536543, 6371804, 7333075, 8439367, 9712557, 11177825, 12864148, 14804875, 17038387, 19608853, 22567108, 25971655, 29889823, 34399099, 39588659, 45561133, 52434634, 60345093, 69448950, 79926245, 91984178, 105861210, 121831777, 140211715, 161364511, 185708486, 213725072, 245968332, 283075915, 325781669, 374930152, 431493334, 496589822, 571506978, 657726380, 756953122, 871149533, 1002573986, 1153825559, 1327895437, 1528226063, 1758779219, 2024114374, 2329478854, 2680911613, 3085362662, 3550830512, 4086520356, 4703026113, 5412539934, 6229093319, 7168834604, 8250348317],
  "province": "China",
  "r0": [1.4635036496350364, 4.093312597200622, 0.6282608695652174, 1.460881934566145, 0.8004819277108434, 0.7261035801181787, 0.8602287166454892, 0.5069820929850501, 0.49023461491217296, 0.3808406447663742, 0.2646539399545875]
}