{
  "input": [548, 643, 920, 1406, 2075, 2877, 5509, 6087, 8141, 9802],
  "lastDate": "20_02_01",
  "lastDateRate": 0.8004819277108434,
  "lastDateRateList": [12105, 16515, 21388, 27905, 35751, 45441, 58661, 75782, 98119, 126737, 163112, 210069, 270731, 349273, 450724, 581292, 749448, 966163, 1245750, 1606546, 2071860, 2671780, 3445176, 4442376, 5728387, 7386873, 9525585, 12283386, 15839428, 20424898, 26337956, 33963015, 43795644, 56474820, 72824582, 93907640, 121094420, 156152042, 201359115, 259653877, 334825246, 431759141, 556756029, 717940362, 925788598, 1193810156, 1539425545, 1985098684, 2559796969, 3300874011, 4256497466, 5488779794, 7077815415, 9126886627],
  "maxRate": 4.093312597200622,
  "maxRateList": [21578, 44128, 69044, 102368, 142491, 230816, 411446, 694065, 1113089, 1696349, 2641151, 4325328, 7166353, 11722574, 18666261, 29477318, 47182238, 76516361, 124500521, 200907362, 321567239, 514698888, 827904272, 1337523823, 2159900459, 3476175689, 5582999131, 8971870117],
  "minRate": 0.6282608695652174,
  "minRateList": [11610, 15071, 18895, 24010, 30168, 37462, 46931, 58802, 73887, 92840, 116376, 145861, 182804, 229224, 287552, 360666, 452305, 567154, 711166, 891824, 1118416, 1402582, 1758903, 2205701, 2765999, 3468656, 4349843, 5454893, 6840649, 8578418, 10757639, 13490475, 16917571, 21215283, 26604767, 33363371, 41838909, 52467557, 65796289, 82511023, 103471923, 129757672, 162720985, 204058219, 255896666, 320904026, 402425694, 504656922, 632858716, 793628578, 995240020, 1248068336, 1565124533, 1962724900, 2461330681, 3086601041, 3870713539, 4854020039, 6087123291, 7633481045, 9572671699],
  "province": "China",
  "r0": [1.4635036496350364, 4.093312597200622, 0.6282608695652174, 1.460881934566145, 0.8004819277108434]
}