{
  "input": [548, 643, 920, 1406, 2075, 2877, 5509, 6087, 8141, 9802, 11891, 16630, 19716, 23707],
  "lastDate": "20_02_05",
  "lastDateRate": 0.49023461491217296,
  "lastDateRateList": [28512, 34341, 42494, 52159, 63781, 77759, 94594, 115426, 140996, 172264, 210384, 256757, 313343, 382464, 466914, 570052, 695923, 849535, 1037032, 1265929, 1545388, 1886554, 2303025, 2811414, 3432016, 4189619, 5114473, 6243496, 7621748, 9304241, 11358137, 13865429, 16926207, 20662652, 25223913, 30792065, 37589378, 45887191, 56016738, 68382373, 83477709, 101905323, 124400812, 151862156, 185385562, 226309225, 276266742, 337252326, 411700412, 502582832, 613527448, 748962968, 914295732, 1116125525, 1362509026, 1663281418, 2030448990, 2478668406, 3025831773, 3693780861, 4509178986, 5504575365, 6719704417, 8203071891],
  "maxRate": 4.093312597200622,
  "maxRateList": [63830, 112504, 180576, 261280, 358320, 619596, 1080110, 1819264, 2888765, 4355481, 6891681, 11312909, 18759725, 30584343, 48412688, 76622493, 122929766, 199719185, 324910461, 523078727, 836718543, 1339908503, 2157421559, 3487381642, 5628506385, 9053456937],
  "minRate": 0.49023461491217296,
  "minRateList": [28512, 34341, 42494, 52159, 63781, 77759, 94594, 115426, 140996, 172264, 210384, 256757, 313343, 382464, 466914, 570052, 695923, 849535, 1037032, 1265929, 1545388, 1886554, 2303025, 2811414, 3432016, 4189619, 5114473, 6243496, 7621748, 9304241, 11358137, 13865429, 16926207, 20662652, 25223913, 30792065, 37589378, 45887191, 56016738, 68382373, 83477709, 101905323, 124400812, 151862156, 185385562, 226309225, 276266742, 337252326, 411700412, 502582832, 613527448, 748962968, 914295732, 1116125525, 1362509026, 1663281418, 2030448990, 2478668406, 3025831773, 3693780861, 4509178986, 5504575365, 6719704417, 8203071891],
  "province": "China",
  "r0": [1.4635036496350364, 4.093312597200622, 0.6282608695652174, 1.460881934566145, 0.8004819277108434, 0.7261035801181787, 0.8602287166454892, 0.5069820929850501, 0.49023461491217296]
}