{
  "input": [548, 643, 920, 1406, 2075, 2877, 5509, 6087, 8141, 9802, 11891, 16630, 19716, 23707, 27440, 30587, 34110, 36814, 39829, 42354],
  "lastDate": "20_02_11",
  "lastDateRate": 0.09201895043731778,
  "lastDateRateList": [45169, 48308, 51696, 55361, 59258, 63414, 67859, 72616, 77710, 83163, 88998, 95242, 101924, 109075, 116728, 124918, 133682, 143061, 153098, 163839, 175334, 187635, 200799, 214887, 229963, 246097, 263363, 281840, 301614, 322775, 345421, 369655, 395590, 423344, 453045, 484830, 518845, 555247, 594203, 635892, 680506, 728250, 779343, 834021, 892535, 955154, 1022167, 1093881, 1170627, 1252757, 1340649, 1434708, 1535366, 1643086, 1758363, 1881728, 2013748, 2155031, 2306226, 2468029, 2641184, 2826487, 3024791, 3237007, 3464112, 3707151, 3967241, 4245579, 4543445, 4862209, 5203337, 5568398, 5959072, 6377155, 6824570, 7303376, 7815774, 8364122, 8950941, 9578931, 10250980, 10970179, 11739837, 12563493, 13444936, 14388220, 15397684, 16477971, 17634050, 18871239, 20195228, 21612107, 23128393, 24751060, 26487572, 28345916, 30334639, 32462889, 34740456, 37177815, 39786176, 42577538, 45564739, 48761519, 52182583, 55843665, 59761605, 63954424, 68441408, 73243195, 78381870, 83881070, 89766089, 96063996, 102803758, 110016375, 117735023, 125995204, 134834912, 144294806, 154418397, 165252250, 176846196, 189253563, 202531420, 216740839, 231947178, 248220379, 265635293, 284272022, 304216287, 325559823, 348400802, 372844283, 399002696, 426996359, 456954032, 489013508, 523322248, 560038057, 599329814, 641378244, 686376754, 734532318, 786066432, 841216132, 900235085, 963394754, 1030985647, 1103318655, 1180726481, 1263565169, 1352215743, 1447085960, 1548612185, 1657261397, 1773533338, 1897962811, 2031122142, 2173623810, 2326123264, 2489321940, 2663970486, 2850872214, 3050886796, 3264934217, 3493999009, 3739134777, 4001469046, 4282208447, 4582644267, 4904158389, 5248229647, 5616440629, 6010484956, 6432175072, 6883450580, 7366387164, 7883206136],
  "maxRate": 4.093312597200622,
  "maxRateList": [167556, 307179, 457870, 620903, 794271, 1480130, 2737510, 4611715, 7153265, 10404464, 16463099, 27668583, 46545774, 75826324, 118415048, 185803659, 299059818, 489586221, 799967068, 1284676876, 2045229334, 3269374654, 5273404100, 8547919377],
  "minRate": 0.09201895043731778,
  "minRateList": [45169, 48308, 51696, 55361, 59258, 63414, 67859, 72616, 77710, 83163, 88998, 95242, 101924, 109075, 116728, 124918, 133682, 143061, 153098, 163839, 175334, 187635, 200799, 214887, 229963, 246097, 263363, 281840, 301614, 322775, 345421, 369655, 395590, 423344, 453045, 484830, 518845, 555247, 594203, 635892, 680506, 728250, 779343, 834021, 892535, 955154, 1022167, 1093881, 1170627, 1252757, 1340649, 1434708, 1535366, 1643086, 1758363, 1881728, 2013748, 2155031, 2306226, 2468029, 2641184, 2826487, 3024791, 3237007, 3464112, 3707151, 3967241, 4245579, 4543445, 4862209, 5203337, 5568398, 5959072, 6377155, 6824570, 7303376, 7815774, 8364122, 8950941, 9578931, 10250980, 10970179, 11739837, 12563493, 13444936, 14388220, 15397684, 16477971, 17634050, 18871239, 20195228, 21612107, 23128393, 24751060, 26487572, 28345916, 30334639, 32462889, 34740456, 37177815, 39786176, 42577538, 45564739, 48761519, 52182583, 55843665, 59761605, 63954424, 68441408, 73243195, 78381870, 83881070, 89766089, 96063996, 102803758, 110016375, 117735023, 125995204, 134834912, 144294806, 154418397, 165252250, 176846196, 189253563, 202531420, 216740839, 231947178, 248220379, 265635293, 284272022, 304216287, 325559823, 348400802, 372844283, 399002696, 426996359, 456954032, 489013508, 523322248, 560038057, 599329814, 641378244, 686376754, 734532318, 786066432, 841216132, 900235085, 963394754, 1030985647, 1103318655, 1180726481, 1263565169, 1352215743, 1447085960, 1548612185, 1657261397, 1773533338, 1897962811, 2031122142, 2173623810, 2326123264, 2489321940, 2663970486, 2850872214, 3050886796, 3264934217, 3493999009, 3739134777, 4001469046, 4282208447, 4582644267, 4904158389, 5248229647, 5616440629, 6010484956, 6432175072, 6883450580, 7366387164, 7883206136],
  "province": "China",
  "r0": [1.4635036496350364, 4.093312597200622, 0.6282608695652174, 1.460881934566145, 0.8004819277108434, 0.7261035801181787, 0.8602287166454892, 0.5069820929850501, 0.49023461491217296, 0.3808406447663742, 0.2646539399545875, 0.21184606133493686, 0.137147494420775, 0.1271776268612646, 0.09201895043731778]
}