{
  "input": [548, 643, 920, 1406, 2075, 2877],
  "lastDate": "20_01_28",
  "lastDateRate": 1.4635036496350364,
  "lastDateRateList": [3818, 5164, 7222, 10259, 14470, 20058, 27616, 38185, 53199, 74376, 103731, 144147, 200031, 277888, 386738, 538549, 749509, 1042255, 1448945, 2014937, 2803105, 3900014, 5425358, 7545894, 10494762, 14597116, 20304801, 28244832, 39288275, 54647397, 76010330, 105726480, 147062895, 204561429, 284538094, 395779489, 550510578, 765737662, 1065114060, 1481536599, 2060761326, 2866435566, 3987095429, 5545893743, 7714127963, 10730059685],
  "maxRate": 1.4635036496350364,
  "maxRateList": [3818, 5164, 7222, 10259, 14470, 20058, 27616, 38185, 53199, 74376, 103731, 144147, 200031, 277888, 386738, 538549, 749509, 1042255, 1448945, 2014937, 2803105, 3900014, 5425358, 7545894, 10494762, 14597116, 20304801, 28244832, 39288275, 54647397, 76010330, 105726480, 147062895, 204561429, 284538094, 395779489, 550510578, 765737662, 1065114060, 1481536599, 2060761326, 2866435566, 3987095429, 5545893743, 7714127963, 10730059685],
  "minRate": 1.4635036496350364,
  "minRateList": [3818, 5164, 7222, 10259, 14470, 20058, 27616, 38185, 53199, 74376, 103731, 144147, 200031, 277888, 386738, 538549, 749509, 1042255, 1448945, 2014937, 2803105, 3900014, 5425358, 7545894, 10494762, 14597116, 20304801, 28244832, 39288275, 54647397, 76010330, 105726480, 147062895, 204561429, 284538094, 395779489, 550510578, 765737662, 1065114060, 1481536599, 2060761326, 2866435566, 3987095429, 5545893743, 7714127963, 10730059685],
  "province": "China",
  "r0": [1.4635036496350364]
}