{
  "input": [548, 643, 920, 1406, 2075, 2877, 5509],
  "lastDate": "20_01_29",
  "lastDateRate": 4.093312597200622,
  "lastDateRateList": [9275, 15030, 23524, 35300, 57850, 95815, 157337, 253628, 398122, 634920, 1027121, 1671151, 2709330, 4338968, 6937894, 11142221, 17982764, 29072899, 46833651, 75232620, 120841214, 194450288, 313454752, 505159526, 813110157, 1307751021, 2103696834, 3386765119, 5454540970, 8782855019],
  "maxRate": 4.093312597200622,
  "maxRateList": [9275, 15030, 23524, 35300, 57850, 95815, 157337, 253628, 398122, 634920, 1027121, 1671151, 2709330, 4338968, 6937894, 11142221, 17982764, 29072899, 46833651, 75232620, 120841214, 194450288, 313454752, 505159526, 813110157, 1307751021, 2103696834, 3386765119, 5454540970, 8782855019],
  "minRate": 1.4635036496350364,
  "minRateList": [6855, 8913, 11950, 16161, 24223, 34255, 47299, 64788, 88440, 123890, 174022, 243244, 338061, 467493, 648806, 903488, 1259476, 1754230, 2438408, 3387938, 4710196, 6553444, 9120766, 12689385, 17647645, 24541034, 34132023, 47480297, 66051258, 91878651, 127794544, 177746884, 247234472, 343900729, 478365470, 665393252, 925526465, 1287355017, 1790654989, 2490744600, 3464550053, 4819061412, 6703110178, 9323740290],
  "province": "China",
  "r0": [1.4635036496350364, 4.093312597200622]
}