{
  "input": [548, 643, 920, 1406, 2075, 2877, 5509, 6087, 8141, 9802, 11891, 16630, 19716, 23707, 27440, 30587, 34110, 36814, 39829, 42354, 44386, 44759, 59895, 66358],
  "lastDate": "20_02_15",
  "lastDateRate": 0.16226869868688645,
  "lastDateRateList": [73231, 80433, 87696, 97415, 108183, 120066, 133118, 147348, 163155, 180710, 200193, 221794, 245704, 272179, 301503, 333988, 369978, 409848, 454014, 502938, 557134, 617170, 683676, 757348, 838959, 929364, 1029511, 1140450, 1263344, 1399481, 1550288, 1717345, 1902404, 2107405, 2334497, 2586060, 2864731, 3173432, 3515398, 3894214, 4313851, 4778707, 5293656, 5864095, 6496004, 7196007, 7971442, 8830437, 9781996, 10836094, 12003781, 13297297, 14730201, 16317513, 18075872, 20023710, 22181445, 24571696, 27219518, 30152666, 33401887, 37001241, 40988458, 45405334, 50298168, 55718249, 61722392, 68373536, 75741400, 83903218, 92944546, 102960158, 114055043, 126345501, 139960367, 155042358, 171749569, 190257132, 210759052, 233470239, 258628761, 286498340, 317371117, 351570714, 389455626, 431422978, 477912691, 529412089, 586461011, 649657469, 719663914, 797214184, 883121195, 978285460, 1083704532, 1200483459, 1329846367, 1473149294, 1631894403, 1807745727, 2002546616, 2218339055, 2457385074, 2722190455, 3015531002, 3340481635, 3700448627, 4099205305, 4540931608, 5030257900, 5572313508, 6172780491, 6837953201, 7574804264, 8391057667],
  "maxRate": 4.093312597200622,
  "maxRateList": [239726, 421412, 604625, 849794, 1121418, 2102691, 3827662, 6302581, 9781053, 14371367, 22978339, 38646156, 64444590, 104481497, 163307995, 257365519, 415556316, 679348168, 1107023596, 1775494269, 2828971790, 4529973693, 7310758107, 11842151738],
  "minRate": 0.010935209615948403,
  "minRateList": [66821, 67306, 67795, 68450, 69176, 69907, 70643, 71384, 72133, 72889, 73653, 74425, 75206, 75995, 76792, 77597, 78411, 79233, 80064, 80904, 81753, 82610, 83476, 84352, 85237, 86131, 87034, 87947, 88869, 89801, 90743, 91695, 92657, 93629, 94611, 95603, 96606, 97619, 98643, 99678, 100723, 101779, 102846, 103925, 105015, 106116, 107229, 108354, 109490, 110638, 111798, 112971, 114156, 115353, 116563, 117786, 119021, 120269, 121530, 122805, 124093, 125395, 126710, 128039, 129382, 130739, 132110, 133496, 134896, 136311, 137741, 139186, 140646, 142121, 143612, 145118, 146640, 148178, 149732, 151302, 152889, 154493, 156113, 157750, 159405, 161077, 162766, 164473, 166198, 167941, 169702, 171482, 173281, 175098, 176934, 178790, 180665, 182560, 184475, 186410, 188365, 190341, 192337, 194354, 196392, 198452, 200533, 202636, 204761, 206909, 209079, 211272, 213488, 215727, 217990, 220276, 222586, 224921, 227280, 229664, 232073, 234507, 236967, 239452, 241963, 244501, 247065, 249656, 252274, 254920, 257594, 260296, 263026, 265785, 268573, 271390, 274236, 277112, 280018, 282955, 285923, 288922, 291952, 295014, 298108, 301235, 304394, 307587, 310813, 314073, 317367, 320696, 324060, 327459, 330893, 334363, 337870, 341414, 344995, 348613, 352269, 355964, 359697, 363470, 367282, 371134, 375027, 378960, 382935, 386951, 391009, 395110, 399254, 403441, 407672, 411948, 416269, 420635, 425047, 429505, 434010, 438562, 443162, 447810, 452507, 457253, 462049, 466895, 471792, 476740, 481740, 486793, 491899, 497058, 502271, 507539, 512862, 518241, 523676, 529168, 534718, 540326, 545993, 551720, 557507, 563354, 569263, 575234, 581267, 587363, 593523, 599748, 606038, 612394, 618817, 625307, 631865, 638492, 645189, 651956, 658794, 665704, 672686, 679741, 686870, 694074, 701354, 708710, 716143, 723654, 731244, 738913, 746663, 754494, 762407, 770403, 778483, 786648, 794899, 803236, 811661, 820174, 828776, 837468, 846252, 855128, 864097, 873160, 882318, 891572, 900923, 910372, 919920, 929568, 939318, 949170, 959125, 969185, 979350, 989622, 1000001, 1010489, 1021087, 1031796, 1042618, 1053553, 1064603, 1075769, 1087052, 1098453, 1109974, 1121616, 1133380, 1145267, 1157279, 1169417, 1181682, 1194076, 1206600, 1219255, 1232043, 1244965, 1258022, 1271216, 1284549, 1298022, 1311636, 1325393, 1339294, 1353341, 1367535, 1381878, 1396371, 1411016, 1425815, 1440769, 1455880, 1471150, 1486580, 1502172, 1517927, 1533847, 1549934, 1566190, 1582617, 1599216, 1615989, 1632938, 1650065, 1667371, 1684859, 1702530, 1720387, 1738431, 1756664, 1775088, 1793706, 1812519, 1831529, 1850738, 1870149, 1889764, 1909584, 1929612, 1949850, 1970300, 1990965, 2011847, 2032948, 2054270, 2075816, 2097588, 2119588, 2141819, 2164283, 2186982, 2209920, 2233098, 2256519, 2280186, 2304101, 2328267, 2352686, 2377362, 2402296, 2427492, 2452952, 2478679, 2504676, 2530946, 2557491, 2584315, 2611420, 2638809, 2666485, 2694452, 2722712, 2751268, 2780124, 2809283, 2838747, 2868520, 2898606, 2929007, 2959727, 2990769, 3022137, 3053834, 3085863, 3118228, 3150933, 3183981, 3217375, 3251120, 3285218, 3319674, 3354491, 3389674, 3425226, 3461151, 3497452, 3534134, 3571201, 3608657, 3646505, 3684750, 3723396, 3762448, 3801909, 3841784, 3882078, 3922794, 3963937, 4005512, 4047523, 4089974, 4132871, 4176217, 4220018, 4264279, 4309004, 4354198, 4399866, 4446013, 4492644, 4539764, 4587378, 4635491, 4684109, 4733237, 4782880, 4833044, 4883734, 4934956, 4986715, 5039017, 5091867, 5145272, 5199237, 5253768, 5308871, 5364552, 5420817, 5477672, 5535123, 5593177, 5651840, 5711118, 5771017, 5831545, 5892708, 5954512, 6016964, 6080071, 6143840, 6208278, 6273392, 6339189, 6405676, 6472860, 6540749, 6609350, 6678670, 6748717, 6819499, 6891023, 6963298, 7036331, 7110130, 7184703, 7260058, 7336203, 7413147, 7490898, 7569464, 7648854, 7729077, 7810141, 7892056, 7974830, 8058472, 8142991, 8228397, 8314698, 8401904, 8490025, 8579070, 8669049, 8759972, 8851849, 8944689, 9038503, 9133301, 9229093, 9325890, 9423702, 9522540, 9622415, 9723337, 9825318, 9928368, 10032499, 10137722, 10244049, 10351491, 10460060, 10569767, 10680625, 10792646, 10905842, 11020225, 11135808, 11252603, 11370623, 11489881, 11610389, 11732161, 11855211, 11979551, 12105195, 12232157, 12360451, 12490090, 12621089, 12753462, 12887223, 13022387, 13158969, 13296983, 13436445, 13577369, 13719772, 13863668, 14009073, 14156003, 14304474, 14454503, 14606105, 14759297, 14914096, 15070518, 15228581, 15388302, 15549698, 15712787, 15877586, 16044114, 16212388, 16382427, 16554250, 16727875, 16903321, 17080607, 17259752, 17440776, 17623699, 17808540, 17995320, 18184059, 18374778, 18567497, 18762237, 18959020, 19157866, 19358798, 19561837, 19767006, 19974327, 20183822, 20395515, 20609428, 20825584, 21044007, 21264721, 21487750, 21713118, 21940850, 22170971, 22403505, 22638478, 22875915, 23115843, 23358287, 23603274, 23850831, 24100984, 24353761, 24609189, 24867296, 25128110, 25391659, 25657972, 25927079, 26199008, 26473789, 26751452, 27032027, 27315545, 27602037, 27891533, 28184066, 28479667, 28778368, 29080202, 29385202, 29693401, 30004832, 30319529, 30637527, 30958860, 31283564, 31611673, 31943223, 32278251, 32616793, 32958885, 33304565, 33653871, 34006840, 34363511, 34723923, 35088115, 35456127, 35827999, 36203771, 36583484, 36967180, 37354900, 37746687, 38142583, 38542631, 38946875, 39355359, 39768127, 40185224, 40606696, 41032588, 41462947, 41897820, 42337254, 42781297, 43229997, 43683403, 44141564, 44604531, 45072353, 45545082, 46022769, 46505466, 46993226, 47486102, 47984147, 48487416, 48995963, 49509844, 50029114, 50553831, 51084051, 51619832, 52161233, 52708312, 53261129, 53819744, 54384218, 54954612, 55530988, 56113410, 56701940, 57296643, 57897583, 58504826, 59118438, 59738486, 60365037, 60998159, 61637922, 62284395, 62937648, 63597752, 64264780, 64938804, 65619897, 66308133, 67003588, 67706337, 68416456, 69134023, 69859116, 70591814, 71332197, 72080345, 72836340, 73600264, 74372200, 75152233, 75940447, 76736928, 77541762, 78355038, 79176843, 80007268, 80846402, 81694337, 82551166, 83416981, 84291877, 85175949, 86069294, 86972008, 87884190, 88805939, 89737356, 90678542, 91629599, 92590631, 93561743, 94543040, 95534629, 96536618, 97549116, 98572233, 99606081, 100650772, 