{
  "input": [548, 643, 920, 1406, 2075, 2877, 5509, 6087, 8141],
  "lastDate": "20_01_31",
  "lastDateRate": 1.460881934566145,
  "lastDateRateList": [11172, 15375, 23423, 32315, 44208, 60529, 82990, 117208, 164416, 228999, 317425, 438664, 609891, 850083, 1184624, 1648344, 2289180, 3180159, 4422030, 6152626, 8560662, 11904884, 16550721, 23010785, 31999045, 44505161, 61896791, 86075440, 119691480, 166438307, 231455093, 321878997, 447625052, 622480173, 865626889, 1203755453, 1673982665, 2327910017, 3237280056, 4501858740, 6260403335, 8705894369],
  "maxRate": 4.093312597200622,
  "maxRateList": [16635, 28411, 50961, 75877, 109201, 177293, 293588, 502187, 812775, 1259769, 1985485, 3187232, 5242840, 8569782, 13726410, 21853621, 34899958, 56360541, 91439338, 147625825, 237079527, 379935965, 610637277, 984927071, 1589205720, 2559646334, 4114843006, 6614372264, 10645986651],
  "minRate": 0.6282608695652174,
  "minRateList": [9445, 11253, 14714, 18538, 23653, 29587, 36657, 45901, 57548, 72408, 90996, 114026, 142864, 179019, 224510, 281679, 353317, 443073, 555544, 696595, 873563, 1095538, 1373903, 1722930, 2160573, 2709398, 3397682, 4260851, 5343301, 6700704, 8402913, 10537544, 13214470, 16571457, 20781247, 26060468, 32680795, 40982929, 51394127, 64450171, 80822943, 101355008, 127102979, 159391898, 199883418, 250661310, 314338695, 394192523, 494332215, 619911145, 777391838, 974878540, 1222534277, 1533103864, 1922569779, 2410974651, 3023452690, 3791523138, 4754712305, 5962587666, 7477308697, 9376825713],
  "province": "China",
  "r0": [1.4635036496350364, 4.093312597200622, 0.6282608695652174, 1.460881934566145]
}