{
  "input": [548, 643, 920, 1406, 2075, 2877, 5509, 6087, 8141, 9802, 11891, 16630],
  "lastDate": "20_02_03",
  "lastDateRate": 0.8602287166454892,
  "lastDateRateList": [21866, 28869, 37301, 47530, 61836, 80646, 105480, 137567, 178454, 231647, 301021, 391758, 510097, 663608, 862877, 1121824, 1458825, 1897625, 2468480, 3210752, 4175777, 5430700, 7063092, 9186549, 11948530, 15540653, 20212297, 26288172, 34190705, 44469174, 57837690, 75224888, 97838728, 127250554, 165504214, 215257856, 279968465, 364132148, 473596729, 615968207, 801139196, 1041976109, 1355213039, 1762614545, 2292488085, 2981651027, 3877988798, 5043781971, 6560033619, 8532097702],
  "maxRate": 4.093312597200622,
  "maxRateList": [41546, 74870, 114993, 163667, 231739, 401800, 708266, 1178968, 1848908, 2797488, 4442181, 7341335, 12167220, 19735378, 31186371, 49369606, 79419985, 129224220, 210007291, 337662856, 539748086, 864838911, 1393794039, 2253419529, 3635579151, 5844936791, 9384992800],
  "minRate": 0.6282608695652174,
  "minRateList": [20454, 25569, 31727, 39198, 49646, 62496, 78560, 98493, 123120, 154311, 193575, 242931, 304810, 382161, 479109, 600725, 753349, 944849, 1184946, 1485951, 1863363, 2336663, 2930275, 3674730, 4608295, 5778973, 7247007, 9087984, 11396673, 14291884, 17922587, 22475598, 28185223, 35345307, 44324338, 55584398, 69704937, 87412610, 109618683, 137465930, 172387432, 216180316, 271098238, 339967367, 426331832, 534636110, 670453743, 840774158, 1054362352, 1322209959, 1658100906, 2079320758, 2607546262, 3269960870, 4100653649, 5142373566, 6448729434, 8086948716],
  "province": "China",
  "r0": [1.4635036496350364, 4.093312597200622, 0.6282608695652174, 1.460881934566145, 0.8004819277108434, 0.7261035801181787, 0.8602287166454892]
}