{
  "input": [548, 643, 920, 1406, 2075, 2877, 5509, 6087, 8141, 9802, 11891, 16630, 19716],
  "lastDate": "20_02_04",
  "lastDateRate": 0.5069820929850501,
  "lastDateRateList": [23843, 28812, 34841, 43272, 53268, 65356, 79963, 97627, 119565, 146571, 179705, 220245, 269740, 330357, 404666, 495773, 607433, 744186, 911671, 1116829, 1368177, 1676135, 2053424, 2515625, 3081837, 3775478, 4625248, 5666297, 6941674, 8504110, 10418210, 12763128, 15635839, 19155143, 23466574, 28748420, 35219097, 43146187, 52857501, 64754634, 79329568, 97185020, 119059364, 145857170, 178686610, 218905280, 268176345, 328537311, 402484284, 493075196, 604056253, 740016858, 906579392, 1110631717, 1360612012, 1666857715, 2042033011, 2501652529, 3064722921, 3754528847, 4599595860, 5634870030, 6903163065, 8456922706],
  "maxRate": 4.093312597200622,
  "maxRateList": [53040, 93163, 141837, 209909, 290613, 507722, 889067, 1469650, 2328873, 3518443, 5596708, 9235937, 15251674, 24784479, 39186566, 62095641, 99901218, 162331087, 263781707, 424184571, 678361441, 1087288355, 1751760238, 2831501222, 4567821270, 7344566702, 11795177822],
  "minRate": 0.5069820929850501,
  "minRateList": [23843, 28812, 34841, 43272, 53268, 65356, 79963, 97627, 119565, 146571, 179705, 220245, 269740, 330357, 404666, 495773, 607433, 744186, 911671, 1116829, 1368177, 1676135, 2053424, 2515625, 3081837, 3775478, 4625248, 5666297, 6941674, 8504110, 10418210, 12763128, 15635839, 19155143, 23466574, 28748420, 35219097, 43146187, 52857501, 64754634, 79329568, 97185020, 119059364, 145857170, 178686610, 218905280, 268176345, 328537311, 402484284, 493075196, 604056253, 740016858, 906579392, 1110631717, 1360612012, 1666857715, 2042033011, 2501652529, 3064722921, 3754528847, 4599595860, 5634870030, 6903163065, 8456922706],
  "province": "China",
  "r0": [1.4635036496350364, 4.093312597200622, 0.6282608695652174, 1.460881934566145, 0.8004819277108434, 0.7261035801181787, 0.8602287166454892, 0.5069820929850501]
}