{
  "input": [548, 643, 920, 1406, 2075, 2877, 5509, 6087, 8141, 9802, 11891, 16630, 19716, 23707, 27440, 30587, 34110],
  "lastDate": "20_02_08",
  "lastDateRate": 0.21184606133493686,
  "lastDateRateList": [38287, 43309, 49122, 55602, 62828, 70939, 80114, 90520, 102299, 115609, 130637, 147609, 166785, 188457, 212948, 240623, 271893, 307226, 347150, 392262, 443237, 500836, 565921, 639463, 722562, 816460, 922560, 1042448, 1177916, 1330988, 1503952, 1699393, 1920232, 2169769, 2451734, 2770340, 3130350, 3537144, 3996801, 4516191, 5103077, 5766229, 6515559, 7362266, 8319003, 9400070, 10621623, 12001919, 13561586, 15323934, 17315302, 19565451, 22108010, 24980979, 28227294, 31895473, 36040337, 40723832, 46015954, 51995795, 58752725, 66387728, 75014911, 84763210, 95778314, 108224847, 122288826, 138180439, 156137191, 176427450, 199354458, 225260864, 254533846, 287610895, 324986355, 367218812, 414939439, 468861432, 529790667, 598637746, 676431605, 764334891, 863661339, 975895405, 1102714454, 1246013825, 1407935161, 1590898414, 1797638012, 2031243726, 2295206847, 2593472365, 2930497928, 3311320461, 3741631444, 4227861974, 4777278880, 5398093324, 6099583521, 6892233405, 7787889312, 8799937027],
  "maxRate": 4.093312597200622,
  "maxRateList": [114814, 211854, 324174, 449376, 588999, 1058969, 1926154, 3253100, 5092536, 7503493, 11838184, 19722534, 33038489, 53883831, 84597973, 133055361, 213785858, 349022721, 569586085, 915872034, 1460509219, 2335601565, 3764260666, 6095754563, 9844705097],
  "minRate": 0.21184606133493686,
  "minRateList": [38287, 43309, 49122, 55602, 62828, 70939, 80114, 90520, 102299, 115609, 130637, 147609, 166785, 188457, 212948, 240623, 271893, 307226, 347150, 392262, 443237, 500836, 565921, 639463, 722562, 816460, 922560, 1042448, 1177916, 1330988, 1503952, 1699393, 1920232, 2169769, 2451734, 2770340, 3130350, 3537144, 3996801, 4516191, 5103077, 5766229, 6515559, 7362266, 8319003, 9400070, 10621623, 12001919, 13561586, 15323934, 17315302, 19565451, 22108010, 24980979, 28227294, 31895473, 36040337, 40723832, 46015954, 51995795, 58752725, 66387728, 75014911, 84763210, 95778314, 108224847, 122288826, 138180439, 156137191, 176427450, 199354458, 225260864, 254533846, 287610895, 324986355, 367218812, 414939439, 468861432, 529790667, 598637746, 676431605, 764334891, 863661339, 975895405, 1102714454, 1246013825, 1407935161, 1590898414, 1797638012, 2031243726, 2295206847, 2593472365, 2930497928, 3311320461, 3741631444, 4227861974, 4777278880, 5398093324, 6099583521, 6892233405, 7787889312, 8799937027],
  "province": "China",
  "r0": [1.4635036496350364, 4.093312597200622, 0.6282608695652174, 1.460881934566145, 0.8004819277108434, 0.7261035801181787, 0.8602287166454892, 0.5069820929850501, 0.49023461491217296, 0.3808406447663742, 0.2646539399545875, 0.21184606133493686]
}