{
  "input": [548, 643, 920, 1406, 2075, 2877, 5509, 6087, 8141, 9802, 11891, 16630, 19716, 23707, 27440, 30587, 34110, 36814, 39829, 42354, 44386, 44759, 59895],
  "lastDate": "20_02_14",
  "lastDateRate": 0.41114793285163254,
  "lastDateRateList": [76271, 93685, 111934, 130337, 154963, 186322, 224840, 270861, 324449, 388162, 464768, 557211, 668575, 801972, 961564, 1152652, 1381748, 1656631, 1986360, 2381705, 2855615, 3423718, 4104838, 4921526, 5900759, 7074839, 8482494, 10170190, 12193665, 14619750, 17528555, 21016115, 25197568, 30210968, 36221848, 43428677, 52069409, 62429337, 74850514, 89743052, 107598663, 129006893, 154674586, 185449220, 222346890, 266585858, 319626775, 383220911, 459467974, 550885438, 660491662, 791905550, 949466035, 1138375343, 1364870752, 1636430533, 1962020863, 2352391861, 2820432530, 3381596318, 4054411349, 4861092171, 5828273222, 6987888226, 8378224562],
  "maxRate": 4.093312597200622,
  "maxRateList": [222928, 396296, 577982, 761195, 1006364, 1918878, 3541041, 5906902, 9022711, 13142073, 20996640, 35491228, 59670024, 96602801, 150397414, 236343225, 381619916, 625867977, 1021293439, 1636917068, 2604343768, 4166433378, 6728306652, 10908779951],
  "minRate": 0.010935209615948403,
  "minRateList": [60331, 60794, 61279, 61768, 62423, 63083, 63748, 64418, 65093, 65776, 66466, 67163, 67867, 68579, 69298, 70025, 70759, 71501, 72251, 73009, 73775, 74549, 75331, 76121, 76919, 77726, 78541, 79365, 80197, 81038, 81888, 82747, 83615, 84492, 85378, 86273, 87178, 88092, 89016, 89950, 90893, 91846, 92809, 93782, 94766, 95760, 96764, 97779, 98805, 99841, 100888, 101946, 103015, 104095, 105187, 106290, 107405, 108531, 109669, 110819, 111981, 113155, 114342, 115541, 116753, 117978, 119215, 120465, 121728, 123005, 124295, 125599, 126916, 128247, 129592, 130951, 132324, 133712, 135114, 136531, 137963, 139410, 140872, 142349, 143842, 145351, 146875, 148415, 149972, 151545, 153134, 154740, 156363, 158003, 159660, 161335, 163027, 164737, 166465, 168211, 169975, 171758, 173559, 175379, 177218, 179077, 180955, 182853, 184771, 186709, 188667, 190646, 192646, 194667, 196709, 198772, 200857, 202964, 205093, 207244, 209418, 211614, 213833, 216076, 218342, 220632, 222946, 225284, 227647, 230035, 232448, 234886, 237350, 239839, 242354, 244896, 247465, 250060, 252683, 255333, 258011, 260717, 263451, 266214, 269006, 271827, 274678, 277559, 280470, 283412, 286384, 289388, 292423, 295490, 298589, 301721, 304886, 308084, 311315, 314580, 317879, 321213, 324582, 327986, 331426, 334902, 338415, 341964, 345551, 349175, 352837, 356538, 360277, 364056, 367874, 371732, 375631, 379571, 383552, 387575, 391640, 395748, 399899, 404093, 408331, 412614, 416942, 421315, 425734, 430199, 434711, 439270, 443877, 448532, 453236, 457990, 462794, 467648, 472553, 477509, 482517, 487578, 492692, 497859, 503081, 508357, 513689, 519077, 524521, 530022, 535581, 541198, 546874, 552610, 558406, 564263, 570181, 576161, 582204, 588310, 594480, 600715, 607015, 613382, 619815, 626316, 632885, 639523, 646230, 653008, 659857, 666778, 673771, 680838, 687979, 695195, 702486, 709854, 717299, 724822, 732424, 740106, 747868, 755712, 763638, 771647, 779740, 787918, 796182, 804533, 812971, 821498, 830114, 838820, 847618, 856508, 865491, 874568, 883741, 893010, 902376, 911840, 921404, 931068, 940833, 950701, 960672, 970748, 980929, 991217, 1001613, 1012118, 1022733, 1033460, 1044299, 1055252, 1066320, 1077504, 1088805, 1100225, 1111764, 1123424, 1135207, 1147113, 1159144, 1171301, 1183586, 1196000, 1208544, 1221219, 1234027, 1246970, 1260049, 1273265, 1286619, 1300113, 1313749, 1327528, 1341451, 1355520, 1369737, 1384103, 1398620, 1413289, 1428112, 1443090, 1458225, 1473519, 1488974, 1504591, 1520371, 1536317, 1552430, 1568712, 1585165, 1601791, 1618591, 1635567, 1652721, 1670055, 1687571, 1705271, 1723156, 1741229, 1759491, 1777945, 1796592, 1815435, 1834476, 1853716, 1873158, 1892804, 1912656, 1932716, 1952987, 1973470, 1994168, 2015083, 2036218, 2057574, 2079154, 2100961, 2122996, 2145262, 2167762, 2190498, 2213472, 2236687, 2260146, 2283851, 2307805, 2332010, 2356469, 2381184, 2406158, 2431394, 2456895, 2482663, 2508702, 2535014, 2561602, 2588469, 2615617, 2643050, 2670771, 2698783, 2727088, 2755690, 2784592, 2813797, 2843309, 2873130, 2903264, 2933714, 2964483, 2995575, 3026993, 3058741, 3090822, 3123239, 3155996, 3189097, 3222545, 3256344, 3290497, 3325008, 3359881, 3395120, 3430729, 3466711, 3503071, 3539812, 3576938, 3614454, 3652363, 3690670, 3729379, 3768494, 3808019, 3847958, 3888316, 3929098, 3970307, 4011948, 4054026, 4096546, 4139512, 4182928, 4226799, 4271131, 4315928, 4361194, 4406935, 4453156, 4499862, 4547058, 4594749, 4642940, 4691636, 4740843, 4790566, 4840811, 4891583, 4942887, 4994729, 5047115, 5100050, 5153540, 5207592, 5262210, 5317401, 5373171, 5429526, 5486472, 5544015, 5602162, 5660919, 5720292, 5780288, 5840913, 5902174, 5964077, 6026630, 6089839, 6153711, 6218253, 6283471, 6349373, 6415967, 6483259, 6551257, 6619968, 6689400, 6759560, 6830456, 6902095, 6974486, 7047636, 7121553, 7196245, 7271721, 7347988, 7425055, 7502931, 7581623, 7661141, 7741493, 7822688, 7904734, 7987641, 8071417, 8156072, 8241615, 8328055, 8415402, 8503665, 8592853, 8682977, 8774046, 8866070, 8959059, 9053024, 9147974, 9243920, 9340872, 9438841, 9537838, 9637873, 9738957, 9841101, 9944317, 10048615, 10154007, 10260505, 10368120, 10476863, 10586747, 10697783, 10809984, 10923362, 11037929, 11153697, 11270679, 11388888, 11508337, 11629039, 11751007, 11874254, 11998794, 12124640, 12251806, 12380306, 12510153, 12641362, 12773947, 12907923, 13043304, 13180105, 13318341, 13458027, 13599178, 13741809, 13885936, 14031575, 14178741, 14327451, 14477721, 14629567, 14783005, 14938053, 15094727, 15253044, 15413021, 15574676, 15738027, 15903091, 16069886, 16238431, 16408743, 16580842, 16754746, 16930474, 17108045, 17287478, 17468793, 17652010, 17837148, 18024228, 18213270, 18404295, 18597323, 18792376, 18989475, 19188641, 19389896, 19593262, 19798761, 20006415, 20216247, 20428280, 20642536, 20859040, 21077814, 21298883, 21522271, 21748001, 21976099, 22206589, 22439497, 22674848, 22912667, 23152980, 23395814, 23641195, 23889149, 24139704, 24392887, 24648725, 24907246, 25168479, 25432452, 25699193, 25968732, 26241098, 26516321, 26794430, 27075456, 27359430, 27646382, 27936344, 28229347, 28525423, 28824604, 29126923, 29432413, 29741107, 30053038, 30368241, 30686750, 31008600, 31333825, 31662461, 31994544, 32330110, 32669196, 33011838, 33358074, 33707941, 34061478, 34418723, 34779714, 35144492, 35513095, 35885564, 36261940, 36642263, 37026575, 37414918, 37807334, 38203866, 38604557, 39009450, 39418590, 39832021, 40249788, 40671937, 41098514, 41529565, 41965136, 42405276, 42850032, 43299453, 43753587, 44212485, 44676196, 45144770, 45618259, 46096714, 46580187, 47068731, 47562399, 48061244, 48565321, 49074685, 49589391, 50109496, 50635056, 51166128, 51702770, 52245040, 52792998, 53346703, 53906215, 54471596, 55042906, 55620208, 56203565, 56793041, 57388699, 57990605, 58598824, 59213422, 59834466, 60462023, 61096162, 61736952, 62384463, 63038765, 63699930, 64368029, 65043136, 65725323, 66414665, 67111237, 67815115, 68526375, 69245095, 69971353, 70705228, 71446800, 72196150, 72953360, 73718511, 74491687, 75272973, 76062453, 76860213, 77666340, 78480922, 79304048, 80135807, 80976290, 81825588, 82683793, 83550999, 84427301, 85312794, 86207574, 87111739, 88025387, 88948617, 89881530, 90824228, 91776813, 92739389, 93712061, 94694934, 95688116, 96691715, 97705840, 98730601, 99766110, 100812480, 101869824, 102938258, 104017898, 105108861, 106211267, 107325235, 108450886, 109588344, 110737731, 111899173, 113072797, 114258730, 115457102, 116668042, 117891683, 119128158, 120377601, 121640149, 122915938, 124205108, 125507799, 126824153, 128154314, 129498426, 130856635, 132229089, 133615938, 135017332, 136433424, 137864369, 139310322, 140771440, 142247883, 143739811, 145247387, 146770775, 148310140, 149865650, 151437475, 