{
  "input": [548, 643, 920, 1406, 2075, 2877, 5509, 6087, 8141, 9802, 11891, 16630, 19716, 23707, 27440],
  "lastDate": "20_02_06",
  "lastDateRate": 0.3808406447663742,
  "lastDateRateList": [31969, 38302, 45811, 54840, 65290, 77465, 92052, 109499, 130384, 155249, 184751, 219808, 261510, 311166, 370291, 440652, 524364, 623958, 742463, 883485, 1051303, 1251002, 1488631, 1771391, 2107858, 2508237, 2984669, 3551600, 4226218, 5028976, 5984215, 7120898, 8473492, 10083008, 11998246, 14277278, 16989205, 20216255, 24056274, 28625694, 34063062, 40533242, 48232414, 57394021, 68295849, 81268447, 96705153, 115074017, 136931993, 162941828, 193892156, 230721409, 274546272, 326695541, 388750412, 462592426, 550460516, 655018895, 779437835, 927489793, 1103663791, 1313301529, 1562759347, 1859600955, 2212826766, 2633146796, 3133305397, 3728467674, 4436679301, 5279413673, 6282222997, 7475513045, 8895465078],
  "maxRate": 4.093312597200622,
  "maxRateList": [76114, 144186, 224890, 321930, 434250, 745808, 1336006, 2256551, 3574311, 5351832, 8404657, 13873347, 23110116, 37740888, 59647609, 94050497, 150838443, 245435372, 399920624, 644076933, 1029055017, 1646483916, 2651127616, 4288127744, 6924535967, 11136779831],
  "minRate": 0.3808406447663742,
  "minRateList": [31969, 38302, 45811, 54840, 65290, 77465, 92052, 109499, 130384, 155249, 184751, 219808, 261510, 311166, 370291, 440652, 524364, 623958, 742463, 883485, 1051303, 1251002, 1488631, 1771391, 2107858, 2508237, 2984669, 3551600, 4226218, 5028976, 5984215, 7120898, 8473492, 10083008, 11998246, 14277278, 16989205, 20216255, 24056274, 28625694, 34063062, 40533242, 48232414, 57394021, 68295849, 81268447, 96705153, 115074017, 136931993, 162941828, 193892156, 230721409, 274546272, 326695541, 388750412, 462592426, 550460516, 655018895, 779437835, 927489793, 1103663791, 1313301529, 1562759347, 1859600955, 2212826766, 2633146796, 3133305397, 3728467674, 4436679301, 5279413673, 6282222997, 7475513045, 8895465078],
  "province": "China",
  "r0": [1.4635036496350364, 4.093312597200622, 0.6282608695652174, 1.460881934566145, 0.8004819277108434, 0.7261035801181787, 0.8602287166454892, 0.5069820929850501, 0.49023461491217296, 0.3808406447663742]
}