{
  "input": [61, 61, 64, 135, 135, 175],
  "lastDate": "20_02_13",
  "lastDateRate": 0.6557377049180327,
  "lastDateRateList": [215, 257, 346, 435, 550, 691, 860, 1087, 1372, 1733, 2186, 2750, 3463, 4363, 5499, 6932, 8735, 11006, 13867, 17473, 22019, 27747, 34964, 44057, 55515, 69954, 88149, 111076, 139966, 176369, 222240, 280043, 352880, 444661, 560313, 706044, 889679, 1121076, 1412657, 1780075, 2243055, 2826451, 3561583, 4487915, 5655177, 7126033, 8979443, 11314907, 14257802, 17966115, 22638924, 28527083, 35946694, 45296072, 57077131, 71922327, 90628611, 114200214, 143902556, 181330183, 228492365, 287920962, 362806348, 457168680, 576073718, 725904777, 914705408, 1152611210, 1452393951, 1830147209, 2306150341, 2905957166, 3661767796, 4614157272, 5814253802, 7326483534, 9232029217],
  "maxRate": 0.6557377049180327,
  "maxRateList": [215, 257, 346, 435, 550, 691, 860, 1087, 1372, 1733, 2186, 2750, 3463, 4363, 5499, 6932, 8735, 11006, 13867, 17473, 22019, 27747, 34964, 44057, 55515, 69954, 88149, 111076, 139966, 176369, 222240, 280043, 352880, 444661, 560313, 706044, 889679, 1121076, 1412657, 1780075, 2243055, 2826451, 3561583, 4487915, 5655177, 7126033, 8979443, 11314907, 14257802, 17966115, 22638924, 28527083, 35946694, 45296072, 57077131, 71922327, 90628611, 114200214, 143902556, 181330183, 228492365, 287920962, 362806348, 457168680, 576073718, 725904777, 914705408, 1152611210, 1452393951, 1830147209, 2306150341, 2905957166, 3661767796, 4614157272, 5814253802, 7326483534, 9232029217],
  "minRate": 0.6557377049180327,
  "minRateList": [215, 257, 346, 435, 550, 691, 860, 1087, 1372, 1733, 2186, 2750, 3463, 4363, 5499, 6932, 8735, 11006, 13867, 17473, 22019, 27747, 34964, 44057, 55515, 69954, 88149, 111076, 139966, 176369, 222240, 280043, 352880, 444661, 560313, 706044, 889679, 1121076, 1412657, 1780075, 2243055, 2826451, 3561583, 4487915, 5655177, 7126033, 8979443, 11314907, 14257802, 17966115, 22638924, 28527083, 35946694, 45296072, 57077131, 71922327, 90628611, 114200214, 143902556, 181330183, 228492365, 287920962, 362806348, 457168680, 576073718, 725904777, 914705408, 1152611210, 1452393951, 1830147209, 2306150341, 2905957166, 3661767796, 4614157272, 5814253802, 7326483534, 9232029217],
  "province": "Diamond Princess",
  "r0": [0.6557377049180327]
}