{
  "input": [1, 1, 11, 11, 37, 40, 50, 54, 56, 68],
  "lastDate": "20_03_19",
  "lastDateRate": 0.32432432432432434,
  "lastDateRateList": [81, 97, 115, 133, 155, 181, 212, 249, 292, 342, 401, 470, 551, 646, 757, 887, 1039, 1218, 1428, 1674, 1962, 2299, 2694, 3157, 3700, 4336, 5082, 5956, 6980, 8180, 9586, 11234, 13166, 15430, 18083, 21192, 24835, 29105, 34109, 39974, 46847, 54902, 64341, 75403, 88368, 103562, 121368, 142235, 166690, 195350, 228938, 268301, 314431, 368493, 431850, 506100, 593117, 695095, 814606, 954665, 1118806, 1311168, 1536604, 1800801, 2110422, 2473278, 2898522, 3396880, 3980924, 4665385, 5467529, 6407590, 7509281, 8800391, 10313489, 12086742, 14164879, 16600321, 19454502, 22799417, 26719441, 31313456, 36697344, 43006912, 50401318, 59067083, 69222798, 81124639, 95072827, 111419200, 130576092, 153026729, 179337423, 210171853, 246307810, 288656813, 338287103, 396450592, 464614436, 544498050, 638116476, 747831212, 876409782, 1027095545, 1203689507, 1410646202, 1653186055, 1937427065, 2270539134, 2660924920, 3118431796, 3654600246, 4282954970, 5019346040, 5882348717, 6893732002, 8079007757],
  "maxRate": 10.0,
  "maxRateList": [468, 968, 1508, 2068, 2748, 7428, 17108, 32188, 52868, 80348, 154628, 325708, 647588, 1176268, 1979748, 3526028, 6783108, 13258988, 25021668, 44819148, 80079428, 147910508, 280500388, 530717068, 978908548, 1779702828, 3258807908, 6063811788, 11370982468],
  "minRate": 0.18181818181818182,
  "minRateList": [75, 84, 94, 104, 116, 130, 145, 162, 181, 202, 226, 252, 281, 314, 351, 392, 438, 489, 546, 610, 681, 761, 850, 949, 1060, 1184, 1322, 1477, 1650, 1843, 2058, 2298, 2567, 2867, 3202, 3576, 3994, 4461, 4982, 5564, 6214, 6940, 7751, 8657, 9669, 10799, 12061, 13470, 15044, 16802, 18765, 20958, 23407, 26142, 29197, 32609, 36420, 40676, 45429, 50738, 56667, 63289, 70685, 78945, 88170, 98473, 109980, 122832, 137186, 153217, 171121, 191117, 213450, 238393, 266251, 297364, 332113, 370922, 414266, 462675, 516741, 577125, 644565, 719886, 804009, 897962, 1002894, 1120088, 1250976, 1397159, 1560425, 1742769, 1946421, 2173871, 2427900, 2711614, 3028481, 3382376, 3777625, 4219061, 4712082, 5262715, 5877692, 6564533, 7331635, 8188377, 9145234, 10213905, 11407456, 12740481, 14229277, 15892047, 17749121, 19823204, 22139655, 24726796, 27616259, 30843372, 34447591, 38472983, 42968764, 47989902, 53597788, 59860986, 66856074, 74668577, 83394014, 93139066, 104022882, 116178532, 129754637, 144917185, 161851561, 180764812, 201888181, 225479933, 251828512, 281256069, 314122398, 350829340, 391825691, 437612693, 488750160, 545863323, 609650476, 680891511, 760457455, 849321120, 948568997, 1059414538, 1183212995, 1321477987, 1475900009, 1648367099, 1840987924, 2056117559, 2296386284, 2564731740, 2864434849, 3199159926, 3572999482, 3990524261, 4456839123, 4977645459, 5559310900, 6208947169, 6934497035, 7744831421, 8649857868],
  "province": "Brunei",
  "r0": [3.0, 10.0, 0.36363636363636365, 0.18181818181818182, 0.32432432432432434]
}