{
  "input": [1, 1, 11, 11, 37, 40, 50, 54],
  "lastDate": "20_03_17",
  "lastDateRate": 0.36363636363636365,
  "lastDateRateList": [58, 71, 86, 104, 124, 145, 171, 202, 240, 285, 338, 400, 473, 560, 664, 787, 932, 1104, 1308, 1549, 1835, 2174, 2575, 3051, 3614, 4281, 5072, 6008, 7117, 8431, 9988, 11832, 14017, 16605, 19671, 23303, 27606, 32703, 38741, 45894, 54368, 64407, 76299, 90387, 107076, 126846, 150267, 178012, 210880, 249817, 295943, 350586, 415318, 492002, 582845, 690461, 817947, 968972, 1147882, 1359826, 1610903, 1908338, 2260691, 2678103, 3172585, 3758368, 4452309, 5274378, 6248234, 7401901, 8768580, 10387601, 12305557, 14577642, 17269242, 20457817, 24235126, 28709874, 34010835, 40290559, 47729765, 56542538, 66982492, 79350068, 94001180, 111357458, 131918381, 156275651, 185130221, 219312468, 259806089, 307776409, 364603918, 431923998, 511673986, 606148927, 718067621, 850650864, 1007714136, 1193777404, 1414195196, 1675310695, 1984638282, 2351079786, 2785180660, 3299433459, 3908637348, 4630323996, 5485262100, 6498055067, 7697849052, 9119171724],
  "maxRate": 10.0,
  "maxRateList": [164, 534, 934, 1434, 1974, 3614, 8954, 18294, 32634, 52374, 88514, 178054, 360994, 687334, 1211074, 2096214, 3876754, 7486694, 14360034, 26470774, 47432914, 86200454, 161067394, 304667734, 569375474, 1043704614, 1905709154, 3516383094, 6563060434, 12256815174],
  "minRate": 0.36363636363636365,
  "minRateList": [58, 71, 86, 104, 124, 145, 171, 202, 240, 285, 338, 400, 473, 560, 664, 787, 932, 1104, 1308, 1549, 1835, 2174, 2575, 3051, 3614, 4281, 5072, 6008, 7117, 8431, 9988, 11832, 14017, 16605, 19671, 23303, 27606, 32703, 38741, 45894, 54368, 64407, 76299, 90387, 107076, 126846, 150267, 178012, 210880, 249817, 295943, 350586, 415318, 492002, 582845, 690461, 817947, 968972, 1147882, 1359826, 1610903, 1908338, 2260691, 2678103, 3172585, 3758368, 4452309, 5274378, 6248234, 7401901, 8768580, 10387601, 12305557, 14577642, 17269242, 20457817, 24235126, 28709874, 34010835, 40290559, 47729765, 56542538, 66982492, 79350068, 94001180, 111357458, 131918381, 156275651, 185130221, 219312468, 259806089, 307776409, 364603918, 431923998, 511673986, 606148927, 718067621, 850650864, 1007714136, 1193777404, 1414195196, 1675310695, 1984638282, 2351079786, 2785180660, 3299433459, 3908637348, 4630323996, 5485262100, 6498055067, 7697849052, 9119171724],
  "province": "Brunei",
  "r0": [3.0, 10.0, 0.36363636363636365]
}