{
  "input": [1, 1, 11, 11, 37, 40, 50, 54, 56],
  "lastDate": "20_03_18",
  "lastDateRate": 0.18181818181818182,
  "lastDateRateList": [63, 70, 79, 89, 99, 110, 123, 137, 153, 171, 191, 213, 238, 266, 297, 332, 371, 414, 462, 516, 576, 643, 718, 802, 896, 1001, 1118, 1249, 1395, 1558, 1740, 1943, 2170, 2424, 2707, 3023, 3376, 3771, 4212, 4704, 5254, 5868, 6554, 7320, 8175, 9130, 10197, 11389, 12720, 14206, 15866, 17720, 19791, 22104, 24687, 27572, 30794, 34392, 38411, 42900, 47913, 53512, 59765, 66749, 74549, 83260, 92989, 103855, 115991, 129545, 144683, 161590, 180473, 201562, 225116, 251422, 280802, 313615, 350263, 391193, 436906, 487961, 544982, 608666, 679792, 759229, 847949, 947037, 1057704, 1181303, 1319345, 1473518, 1645707, 1838017, 2052799, 2292680, 2560592, 2859811, 3193996, 3567232, 3984083, 4449645, 4969611, 5550338, 6198926, 6923305, 7732331, 8635897, 9645049, 10772126, 12030909, 13436787, 15006950, 16760595, 18719163, 20906601, 23349653, 26078189, 29125570, 32529054, 36330254, 40575645, 45317134, 50612692, 56527065, 63132566, 70509956, 78749435, 87951743, 98229391, 109708039, 122528031, 136846110, 152837336, 170697225, 190644141, 212921965, 237803076, 265591683, 296627542, 331290113, 370003198, 413240121, 461529518, 515461798, 575696364, 642969673, 718104240, 802018698, 895739025, 1000411091, 1117314668, 1247879075, 1393700656, 1556562297, 1738455223, 1941603344, 2168490449, 2421890568, 2704901895, 3020984663, 3374003453, 3768274444, 4208618184, 4700418529, 5249688468, 5863143641, 6548284449, 7313487755, 8168109306],
  "maxRate": 10.0,
  "maxRateList": [426, 826, 1326, 1866, 2426, 6686, 14946, 28206, 46866, 71126, 137986, 287446, 569506, 1038166, 1749426, 3129286, 6003746, 11698806, 22080466, 39574726, 70867586, 130905046, 247893106, 468697766, 864445026, 1573120886, 2882171346, 5361102406, 10048080066],
  "minRate": 0.18181818181818182,
  "minRateList": [63, 70, 79, 89, 99, 110, 123, 137, 153, 171, 191, 213, 238, 266, 297, 332, 371, 414, 462, 516, 576, 643, 718, 802, 896, 1001, 1118, 1249, 1395, 1558, 1740, 1943, 2170, 2424, 2707, 3023, 3376, 3771, 4212, 4704, 5254, 5868, 6554, 7320, 8175, 9130, 10197, 11389, 12720, 14206, 15866, 17720, 19791, 22104, 24687, 27572, 30794, 34392, 38411, 42900, 47913, 53512, 59765, 66749, 74549, 83260, 92989, 103855, 115991, 129545, 144683, 161590, 180473, 201562, 225116, 251422, 280802, 313615, 350263, 391193, 436906, 487961, 544982, 608666, 679792, 759229, 847949, 947037, 1057704, 1181303, 1319345, 1473518, 1645707, 1838017, 2052799, 2292680, 2560592, 2859811, 3193996, 3567232, 3984083, 4449645, 4969611, 5550338, 6198926, 6923305, 7732331, 8635897, 9645049, 10772126, 12030909, 13436787, 15006950, 16760595, 18719163, 20906601, 23349653, 26078189, 29125570, 32529054, 36330254, 40575645, 45317134, 50612692, 56527065, 63132566, 70509956, 78749435, 87951743, 98229391, 109708039, 122528031, 136846110, 152837336, 170697225, 190644141, 212921965, 237803076, 265591683, 296627542, 331290113, 370003198, 413240121, 461529518, 515461798, 575696364, 642969673, 718104240, 802018698, 895739025, 1000411091, 1117314668, 1247879075, 1393700656, 1556562297, 1738455223, 1941603344, 2168490449, 2421890568, 2704901895, 3020984663, 3374003453, 3768274444, 4208618184, 4700418529, 5249688468, 5863143641, 6548284449, 7313487755, 8168109306],
  "province": "Brunei",
  "r0": [3.0, 10.0, 0.36363636363636365, 0.18181818181818182]
}