{
  "input": [1, 1, 11, 11, 37, 40, 50, 54, 56, 68, 75, 78, 83, 88, 91, 104],
  "lastDate": "20_03_25",
  "lastDateRate": 0.17333333333333334,
  "lastDateRateList": [118, 132, 147, 163, 181, 201, 224, 249, 277, 308, 343, 382, 425, 473, 526, 585, 651, 725, 807, 898, 999, 1112, 1238, 1378, 1534, 1707, 1900, 2115, 2354, 2620, 2916, 3245, 3612, 4020, 4474, 4979, 5541, 6167, 6864, 7639, 8502, 9462, 10531, 11721, 13045, 14519, 16159, 17984, 20016, 22277, 24794, 27595, 30712, 34181, 38042, 42340, 47123, 52446, 58371, 64965, 72304, 80472, 89563, 99681, 110942, 123475, 137423, 152947, 170225, 189455, 210857, 234677, 261188, 290694, 323533, 360082, 400759, 446032, 496419, 552498, 614912, 684377, 761689, 847735, 943501, 1050086, 1168711, 1300737, 1447678, 1611218, 1793233, 1995810, 2221271, 2472202, 2751480, 3062307, 3408247, 3793267, 4221782, 4698705, 5229505, 5820268, 6477768, 7209544, 8023986, 8930434, 9939280, 11062093, 12311747, 13702571, 15250513, 16973322, 18890751, 21024787, 23399899, 26043321, 28985363, 32259760, 35904056, 39960038, 44474214, 49498344, 55090036, 61313406, 68239813, 75948677, 84528390, 94077330, 104704987, 116533221, 129697658, 144349246, 160655983, 178804847, 199003939, 221484866, 246505402, 274352439, 305345279, 339839295, 378230005, 420957608, 468512031, 521438546, 580344024, 645903892, 718869877, 800078629, 890461310, 991054274, 1103010949, 1227615061, 1366295357, 1520641984, 1692424725, 1883613289, 2096399900, 2333224429, 2596802373, 2890155992, 3216648962, 3580024945, 3984450513, 4434562924, 4935523296, 5493075783, 6113613440, 6804251529, 7572909102, 8428399807],
  "maxRate": 10.0,
  "maxRateList": [884, 1714, 2594, 3504, 4544, 13384, 30524, 56464, 91504, 136944, 270784, 576024, 1140664, 2055704, 3425144, 6132984, 11893224, 23299864, 43856904, 78108344, 139438184, 258370424, 491369064, 929938104, 1711021544, 3105403384, 5689107624, 10602798264],
  "minRate": 0.04411764705882353,
  "minRateList": [107, 111, 115, 119, 124, 129, 134, 139, 144, 149, 155, 161, 167, 173, 180, 187, 194, 201, 209, 217, 225, 234, 243, 252, 262, 272, 282, 293, 304, 316, 328, 340, 353, 366, 380, 394, 409, 425, 441, 458, 475, 493, 512, 531, 551, 572, 594, 617, 640, 664, 689, 715, 742, 770, 799, 829, 861, 894, 928, 963, 1000, 1038, 1077, 1118, 1160, 1204, 1250, 1298, 1347, 1398, 1451, 1506, 1563, 1622, 1684, 1748, 1814, 1883, 1955, 2029, 2106, 2186, 2269, 2355, 2445, 2538, 2634, 2734, 2838, 2946, 3058, 3174, 3295, 3420, 3550, 3685, 3825, 3970, 4121, 4278, 4441, 4610, 4785, 4967, 5156, 5352, 5555, 5766, 5985, 6212, 6448, 6693, 6947, 7211, 7485, 7769, 8064, 8370, 8688, 9018, 9361, 9717, 10086, 10469, 10867, 11280, 11709, 12154, 12616, 13095, 13593, 14110, 14646, 15203, 15781, 16381, 17004, 17650, 18321, 19017, 19740, 20490, 21269, 22077, 22916, 23787, 24691, 25629, 26603, 27614, 28663, 29752, 30883, 32057, 33275, 34540, 35853, 37215, 38629, 40097, 41621, 43203, 44845, 46549, 48318, 50154, 52060, 54038, 56092, 58224, 60437, 62734, 65118, 67593, 70162, 72828, 75596, 78469, 81451, 84546, 87759, 91094, 94556, 98149, 101879, 105751, 109770, 113942, 118272, 122767, 127432, 132275, 137302, 142520, 147936, 153558, 159394, 165451, 171739, 178266, 185041, 192073, 199372, 206949, 214814, 222978, 231452, 240248, 249378, 258855, 268692, 278903, 289502, 300504, 311924, 323778, 336083, 348855, 362113, 375874, 390158, 404985, 420376, 436352, 452935, 470148, 488015, 506561, 525812, 545794, 566536, 588066, 610414, 633612, 657691, 682685, 708629, 735559, 763512, 792528, 822646, 853909, 886360, 920044, 955008, 991301, 1028973, 1068077, 1108667, 1150800, 1194534, 1239930, 1287051, 1335963, 1386734, 1439434, 1494137, 1550919, 1609859, 1671038, 1734542, 1800460, 1868883, 1939906, 2013628, 2090152, 2169584, 2252035, 2337619, 2426456, 2518669, 2614386, 2713740, 2816870, 2923920, 3035038, 3150379, 3270103, 3394377, 3523373, 3657272, 3796259, 3940528, 4090280, 4245723, 4407073, 4574555, 4748402, 4928856, 5116167, 5310597, 5512416, 5721904, 5939354, 6165067, 6399358, 6642553, 6894990, 7157020, 7429008, 7711333, 8004387, 8308578, 8624329, 8952079, 9292285, 9645420, 10011975, 10392460, 10787405, 11197359, 11622892, 12064597, 12523088, 12999003, 13493004, 14005779, 14538041, 15090530, 15664015, 16259295, 16877197, 17518581, 18184340, 18875399, 19592721, 20337303, 21110182, 21912432, 22745170, 23609555, 24506789, 25438121, 26404846, 27408309, 28449907, 29531089, 30653359, 31818279, 33027469, 34282612, 35585454, 36937808, 38341556, 39798650, 41311118, 42881065, 44510674, 46202213, 47958036, 49780585, 51672397, 53636103, 55674436, 57790232, 59986434, 62266099, 64632398, 67088623, 69638192, 72284652, 75031686, 77883115, 80842907, 83915180, 87104209, 90414430, 93850450, 97417049, 101119189, 104962022, 108950894, 113091355, 117389166, 121850307, 126480984, 131287641, 136276965, 141455899, 146831648, 152411691, 158203793, 164216012, 170456713, 176934580, 183658625, 190638204, 197883028, 205403177, 213209114, 221311700, 229722209, 238452343, 247514248, 256920532, 266684283, 276819086, 287339042, 298258788, 309593517, 321359000, 333571607, 346248329, 359406805, 373065343, 387242946, 401959340, 417235002, 433091185, 449549950, 466634198, 484367698, 502775125, 521882089, 541715175, 562301978, 583671141, 605852397, 628876607, 652775806, 677583246, 703333443, 730062225, 757806781, 786605714, 816499093, 847528510, 879737138, 913169790, 947872983, 983895002, 1021285966, 1060097899, 1100384802, 1142202728, 1185609860, 1230666594, 1277435619, 1325982007, 1376373304, 1428679621, 1482973735, 1539331189, 1597830395, 1658552747, 1721582730, 1787008042, 1854919712, 1925412229, 1998583674, 2074535853, 2153374443, 2235209136, 2320153793, 2408326602, 2499850243, 2594852057, 2693464225, 2795823951, 2902073654, 3012361165, 3126839932, 3245669236, 3369014410, 3497047071, 3629945358, 3767894179, 3911085469, 4059718458, 4213999946, 4374144594, 4540375220, 4712923108, 4892028334, 5077940096, 5270917063, 5471227734, 5679150812, 5894975591, 6119002360, 6351542819, 6592920513, 6843471284, 7103543737, 7373499723, 7653714847, 7944578987],
  "province": "Brunei",
  "r0": [3.0, 10.0, 0.36363636363636365, 0.18181818181818182, 0.32432432432432434, 0.175, 0.06, 0.09259259259259259, 0.08928571428571429, 0.04411764705882353, 0.17333333333333334]
}