{
  "input": [1, 1, 1, 3, 3, 7, 13, 17, 24, 38, 51],
  "lastDate": "20_03_16",
  "lastDateRate": 1.8571428571428572,
  "lastDateRateList": [75, 107, 152, 223, 318, 457, 656, 938, 1352, 1943, 2792, 4010, 5752, 8263, 11871, 17056, 24503, 35185, 50531, 72577, 104252, 149758, 215102, 308945, 443731, 637342, 915464, 1314939, 1888694, 2712766, 3896401, 5596548, 8038578, 11546153, 16584147, 23820320, 34213909, 49142697, 70585553, 101384683, 145622420, 209162537, 300427546, 431515002, 619800842, 890242479, 1278687191, 1836624062, 2638009066, 3789067773, 5442375234, 7817080017],
  "maxRate": 6.0,
  "maxRateList": [129, 231, 375, 603, 909, 1683, 3069, 5319, 8937, 14391, 24489, 42903, 74817, 128439, 214785, 361719, 619137, 1068039, 1838673, 3127383, 5297697, 9012519, 15420753, 26452791, 45217089, 77003271, 131078385, 223602903, 382319649, 653622183, 1115641809, 1902112119, 3243729537, 5537647431, 9459380529],
  "minRate": 1.8571428571428572,
  "minRateList": [75, 107, 152, 223, 318, 457, 656, 938, 1352, 1943, 2792, 4010, 5752, 8263, 11871, 17056, 24503, 35185, 50531, 72577, 104252, 149758, 215102, 308945, 443731, 637342, 915464, 1314939, 1888694, 2712766, 3896401, 5596548, 8038578, 11546153, 16584147, 23820320, 34213909, 49142697, 70585553, 101384683, 145622420, 209162537, 300427546, 431515002, 619800842, 890242479, 1278687191, 1836624062, 2638009066, 3789067773, 5442375234, 7817080017],
  "province": "South Africa",
  "r0": [4.0, 6.0, 4.0, 2.3333333333333335, 4.666666666666667, 1.8571428571428572]
}