{
  "input": [1, 1, 1, 3, 3, 7, 13, 17, 24],
  "lastDate": "20_03_14",
  "lastDateRate": 2.3333333333333335,
  "lastDateRateList": [31, 47, 77, 117, 173, 245, 355, 535, 808, 1212, 1784, 2612, 3860, 5745, 8573, 12736, 18831, 27838, 41243, 61247, 90964, 134903, 199858, 296092, 439002, 651251, 966025, 1432360, 2123241, 3147579, 4667165, 6921223, 10263396, 15217625, 22561976, 33452028, 49601548, 73549472, 109057264, 161701875, 239756607, 355493552, 527108987, 781575936, 1158880311, 1718312394, 2547797349, 3777718319, 5601395503, 8305449562],
  "maxRate": 6.0,
  "maxRateList": [42, 84, 162, 264, 408, 660, 1164, 2136, 3720, 6168, 10128, 17112, 29928, 52248, 89256, 150024, 252696, 432264, 745752, 1281288, 2181432, 3697608, 6291192, 10765704, 18453432, 31542024, 53727672, 91474824, 156069048, 266789640, 456041784, 778407816, 1327256760, 2263671048, 3864408888, 6600659592, 11271106488],
  "minRate": 2.3333333333333335,
  "minRateList": [31, 47, 77, 117, 173, 245, 355, 535, 808, 1212, 1784, 2612, 3860, 5745, 8573, 12736, 18831, 27838, 41243, 61247, 90964, 134903, 199858, 296092, 439002, 651251, 966025, 1432360, 2123241, 3147579, 4667165, 6921223, 10263396, 15217625, 22561976, 33452028, 49601548, 73549472, 109057264, 161701875, 239756607, 355493552, 527108987, 781575936, 1158880311, 1718312394, 2547797349, 3777718319, 5601395503, 8305449562],
  "province": "South Africa",
  "r0": [4.0, 6.0, 4.0, 2.3333333333333335]
}