{
  "input": [1, 1, 1, 3, 3, 7, 13, 17, 24, 38, 51, 62],
  "lastDate": "20_03_17",
  "lastDateRate": 0.8461538461538461,
  "lastDateRateList": [76, 96, 128, 171, 223, 287, 368, 476, 621, 810, 1053, 1364, 1767, 2292, 2977, 3868, 5022, 6517, 8456, 10975, 14248, 18497, 24011, 31166, 40453, 52509, 68160, 88477, 114848, 149077, 193508, 251182, 326047, 423226, 549368, 713106, 925645, 1201531, 1559645, 2024495, 2627892, 3411130, 4427810, 5747510, 7460544, 9684145, 12570486, 16317094, 21180372, 27493140, 35687417, 46323982, 60130754, 78052607, 101316033, 131513078, 170710294, 221590163, 287634677, 373363628, 484643925, 629091097, 816590466, 1059973654, 1375896724, 1785980045, 2318287896, 3009249060, 3906149844, 5070370149, 6581584033, 8543212253],
  "maxRate": 6.0,
  "maxRateList": [164, 308, 536, 842, 1214, 2198, 4046, 7262, 12314, 19598, 32786, 57062, 100634, 174518, 292106, 488822, 831194, 1434998, 2482106, 4234742, 7167674, 12154838, 20764826, 35657462, 61065914, 104071958, 177000986, 301589942, 515534714, 881930198, 1506361946, 2568367862, 4377907514, 7471115798, 12762696986],
  "minRate": 0.8461538461538461,
  "minRateList": [76, 96, 128, 171, 223, 287, 368, 476, 621, 810, 1053, 1364, 1767, 2292, 2977, 3868, 5022, 6517, 8456, 10975, 14248, 18497, 24011, 31166, 40453, 52509, 68160, 88477, 114848, 149077, 193508, 251182, 326047, 423226, 549368, 713106, 925645, 1201531, 1559645, 2024495, 2627892, 3411130, 4427810, 5747510, 7460544, 9684145, 12570486, 16317094, 21180372, 27493140, 35687417, 46323982, 60130754, 78052607, 101316033, 131513078, 170710294, 221590163, 287634677, 373363628, 484643925, 629091097, 816590466, 1059973654, 1375896724, 1785980045, 2318287896, 3009249060, 3906149844, 5070370149, 6581584033, 8543212253],
  "province": "South Africa",
  "r0": [4.0, 6.0, 4.0, 2.3333333333333335, 4.666666666666667, 1.8571428571428572, 0.8461538461538461]
}