{
  "input": [1, 1, 1, 3, 3, 7, 13, 17, 24, 38],
  "lastDate": "20_03_15",
  "lastDateRate": 4.666666666666667,
  "lastDateRateList": [71, 132, 211, 323, 500, 831, 1447, 2432, 3939, 6272, 10150, 16903, 28252, 46634, 75903, 123270, 202151, 333994, 551619, 905833, 1481093, 2424464, 3983103, 6557325, 10784546, 17696313, 29010478, 47598292, 78199142, 128527023, 211109817, 346492048, 568617411, 933546740, 1533339514, 2518518660, 4135481551, 6789029469, 11145580922],
  "maxRate": 6.0,
  "maxRateList": [80, 158, 260, 404, 632, 1112, 2060, 3620, 6044, 9836, 16508, 28868, 50588, 86852, 145868, 244916, 418124, 721652, 1242764, 2117972, 3587468, 6096212, 10426124, 17882708, 30590540, 52115348, 88692620, 151249364, 258545612, 442088852, 754780940, 1286936660, 2194432844, 3745706516, 6398239628, 10926925268],
  "minRate": 2.3333333333333335,
  "minRateList": [54, 84, 124, 180, 269, 395, 591, 880, 1300, 1928, 2850, 4229, 6282, 9315, 13814, 20464, 30332, 44990, 66725, 98958, 146707, 217482, 322459, 478151, 709053, 1051369, 1558827, 2311231, 3426917, 5081374, 7534568, 11171831, 16564703, 24560843, 36417382, 53998041, 80065647, 118716621, 176025255, 260999146, 386994575, 573814418, 850819867, 1261545462, 1870543469, 2773530811, 4112431120, 6097677476, 9041283554],
  "province": "South Africa",
  "r0": [4.0, 6.0, 4.0, 2.3333333333333335, 4.666666666666667]
}