{
  "input": [1, 1, 6, 15, 19, 25, 32, 56, 87, 108],
  "lastDate": "20_03_07",
  "lastDateRate": 1.105263157894737,
  "lastDateRateList": [136, 171, 233, 329, 448, 598, 787, 1045, 1409, 1904, 2565, 3435, 4590, 6147, 8251, 11086, 14883, 19956, 26750, 35870, 48123, 64573, 86630, 116196, 155842, 209031, 280401, 376150, 504577, 676823, 907857, 1217774, 1633519, 2191209, 2939277, 3942698, 5288659, 7094127, 9515990, 12764665, 17122384, 22967744, 30808621, 41326294, 55434608, 74359348, 99744749, 133796383, 179472813, 240742643, 322929291, 433173487, 581053700, 779418388, 1045502362, 1402424210, 1881194906, 2523412153, 3384874582, 4540429824, 6090477635, 8169693057],
  "maxRate": 7.0,
  "maxRateList": [283, 507, 899, 1508, 2264, 4245, 7794, 14087, 24643, 40491, 70206, 124764, 223373, 395874, 679311, 1170753, 2044101, 3607712, 6378830, 11134007, 19329278, 33637985, 58891969, 103543779, 181481828, 316786774, 552252669, 964496452, 1689302905, 2959675701, 5177183119, 9042951802],
  "minRate": 1.105263157894737,
  "minRateList": [136, 171, 233, 329, 448, 598, 787, 1045, 1409, 1904, 2565, 3435, 4590, 6147, 8251, 11086, 14883, 19956, 26750, 35870, 48123, 64573, 86630, 116196, 155842, 209031, 280401, 376150, 504577, 676823, 907857, 1217774, 1633519, 2191209, 2939277, 3942698, 5288659, 7094127, 9515990, 12764665, 17122384, 22967744, 30808621, 41326294, 55434608, 74359348, 99744749, 133796383, 179472813, 240742643, 322929291, 433173487, 581053700, 779418388, 1045502362, 1402424210, 1881194906, 2523412153, 3384874582, 4540429824, 6090477635, 8169693057],
  "province": "Norway",
  "r0": [6.0, 7.0, 4.0, 2.066666666666667, 1.105263157894737]
}