{
  "input": [1, 1, 6, 15, 19, 25, 32, 56, 87, 108, 147, 176, 205, 400, 598, 702, 996, 1090, 1221],
  "lastDate": "20_03_16",
  "lastDateRate": 0.3275,
  "lastDateRateList": [1417, 1647, 1973, 2330, 2730, 3194, 3733, 4379, 5142, 6036, 7082, 8305, 9739, 11423, 13400, 15719, 18439, 21629, 25370, 29759, 34907, 40946, 48029, 56338, 66084, 77516, 90926, 106655, 125106, 146749, 172135, 201913, 236843, 277815, 325875, 382249, 448376, 525942, 616926, 723650, 848837, 995680, 1167926, 1369969, 1606964, 1884958, 2211043, 2593539, 3042204, 3568485, 4185809, 4909926, 5759310, 6755632, 7924311, 9295163, 10903164, 12789338, 15001807, 17597019, 20641185, 24211971, 28400479, 33313571, 39076595, 45836583, 53766004, 63067161, 73977356, 86774941, 101786422, 119394788, 140049283, 164276867, 192695660, 226030713, 265132506, 310998646, 364799320, 427907149, 501932208, 588763104, 690615161, 810086938, 950226529, 1114609327, 1307429244, 1533605709, 1798909181, 2110108369, 2475142924, 2903326001, 3405581871, 3994724628, 4685785119, 5496394427, 6447233692, 7562561755, 8870834071],
  "maxRate": 7.0,
  "maxRateList": [5407, 10321, 17293, 24923, 33470, 71319, 143566, 264617, 439078, 673368, 1172601, 2177563, 4029882, 7103428, 11817004, 20025211, 35268152, 63477326, 113201322, 195920350, 336096827, 582973891, 1027315173, 1819724427, 3191166877, 5543844666, 9624661903],
  "minRate": 0.3275,
  "minRateList": [1417, 1647, 1973, 2330, 2730, 3194, 3733, 4379, 5142, 6036, 7082, 8305, 9739, 11423, 13400, 15719, 18439, 21629, 25370, 29759, 34907, 40946, 48029, 56338, 66084, 77516, 90926, 106655, 125106, 146749, 172135, 201913, 236843, 277815, 325875, 382249, 448376, 525942, 616926, 723650, 848837, 995680, 1167926, 1369969, 1606964, 1884958, 2211043, 2593539, 3042204, 3568485, 4185809, 4909926, 5759310, 6755632, 7924311, 9295163, 10903164, 12789338, 15001807, 17597019, 20641185, 24211971, 28400479, 33313571, 39076595, 45836583, 53766004, 63067161, 73977356, 86774941, 101786422, 119394788, 140049283, 164276867, 192695660, 226030713, 265132506, 310998646, 364799320, 427907149, 501932208, 588763104, 690615161, 810086938, 950226529, 1114609327, 1307429244, 1533605709, 1798909181, 2110108369, 2475142924, 2903326001, 3405581871, 3994724628, 4685785119, 5496394427, 6447233692, 7562561755, 8870834071],
  "province": "Norway",
  "r0": [6.0, 7.0, 4.0, 2.066666666666667, 1.105263157894737, 1.56, 0.90625, 0.5178571428571429, 2.2413793103448274, 1.8333333333333333, 0.7074829931972789, 1.6704545454545454, 0.4585365853658537, 0.3275]
}