{
  "input": [1, 1, 6, 15, 19, 25, 32, 56, 87, 108, 147, 176, 205, 400, 598, 702, 996, 1090, 1221, 1333, 1463, 1550, 1746, 1914],
  "lastDate": "20_03_21",
  "lastDateRate": 0.1375921375921376,
  "lastDateRateList": [2097, 2298, 2511, 2751, 3014, 3303, 3619, 3964, 4343, 4758, 5212, 5710, 6255, 6853, 7508, 8225, 9011, 9872, 10815, 11848, 12980, 14220, 15578, 17066, 18696, 20482, 22439, 24582, 26930, 29502, 32320, 35407, 38789, 42494, 46553, 51000, 55872, 61209, 67056, 73461, 80478, 88166, 96588, 105814, 115922, 126995, 139126, 152416, 166975, 182925, 200399, 219542, 240513, 263487, 288656, 316229, 346436, 379529, 415783, 455500, 499011, 546678, 598898, 656106, 718779, 787439, 862658, 945062, 1035337, 1134235, 1242580, 1361275, 1491308, 1633762, 1789824, 1960793, 2148094, 2353286, 2578079, 2824345, 3094135, 3389696, 3713490, 4068213, 4456821, 4882550, 5348946, 5859893, 6419647, 7032871, 7704671, 8440644, 9246919, 10130212, 11097880, 12157982, 13319348, 14591651, 15985489, 17512470, 19185313, 21017951, 23025647, 25225125, 27634703, 30274451, 33166356, 36334504, 39805283, 43607601, 47773127, 52336557, 57335899, 62812793, 68812856, 75386063, 82587162, 90476131, 99118677, 108586785, 118959315, 130322659, 142771463, 156409414, 171350102, 187717968, 205649341, 225293572, 246814278, 270390705, 296219221, 324514953, 355513577, 389473281, 426676916, 467434352, 512085058, 561000931, 614589392, 673296781, 737612073, 808070951, 885260268, 969822936, 1062463279, 1163952901, 1275137110, 1396941963, 1530381974, 1676568568, 1836719336, 2012168177, 2204376408, 2414944935, 2645627588, 2898345728, 3175204249, 3478509111, 3810786547, 4174804102, 4573593686, 5010476826, 5489092330, 6013426597, 6587846817, 7217137349, 7906539566],
  "maxRate": 7.0,
  "maxRateList": [11245, 21486, 32336, 44558, 57956, 136671, 287073, 513425, 825331, 1231023, 2187720, 4197231, 7791206, 13568523, 22185684, 37499724, 66880341, 121418783, 216398444, 371698232, 634196300, 1102358687, 1952290168, 3467079276, 6068966900, 10508341000],
  "minRate": 0.08734939759036145,
  "minRateList": [2030, 2158, 2293, 2446, 2613, 2790, 2979, 3179, 3393, 3621, 3865, 4125, 4403, 4699, 5015, 5353, 5713, 6098, 6508, 6946, 7414, 7913, 8446, 9014, 9621, 10269, 10960, 11698, 12485, 13325, 14222, 15179, 16201, 17292, 18456, 19698, 21024, 22439, 23949, 25561, 27282, 29118, 31078, 33170, 35403, 37786, 40329, 43044, 45941, 49033, 52334, 55857, 59617, 63630, 67913, 72484, 77363, 82571, 88129, 94061, 100392, 107150, 114363, 122061, 130277, 139046, 148405, 158395, 169057, 180437, 192583, 205546, 219382, 234149, 249910, 266732, 284686, 303849, 324302, 346131, 369430, 394297, 420838, 449166, 479400, 511669, 546111, 582871, 622105, 663980, 708674, 756376, 807289, 861629, 919627, 981529, 1047598, 1118114, 1193377, 1273706, 1359442, 1450949, 1548616, 1652857, 1764114, 1882860, 2009600, 2144871, 2289247, 2443341, 2607808, 2783345, 2970698, 3170662, 3384086, 3611876, 3855000, 4114489, 4391444, 4687042, 5002537, 5339269, 5698667, 6082257, 6491667, 6928636, 7395018, 7892793, 8424074, 8991117, 9596329, 10242279, 10931710, 11667548, 12452917, 13291151, 14185808, 15140686, 16159839, 17247594, 18408568, 19647690, 20970220, 22381772, 23888339, 25496316, 27212530, 29044266, 30999300, 33085932, 35313020, 37690018, 40227017, 42934787, 45824823, 48909394, 52201594, 55715400, 59465728, 63468499, 67740705, 72300483, 77167190, 82361486, 87905421, 93822531, 100137935, 106878443, 114072669, 121751155, 129946497, 138693485, 148029253, 157993432, 168628322, 179979070, 192093862, 205024128, 218824759, 233554341, 249275404, 266054687, 283963421, 303077632, 323478463, 345252519, 368492236, 393296270, 419769919, 448025568, 478183168, 510370743, 544724935, 581391585, 620526348, 662295360, 706875937, 754457332, 805241537, 859444140, 917295241, 979040428, 1044941821, 1115279184, 1190351112, 1270476299, 1355994891, 1447269930, 1544688895, 1648665348, 1759640687, 1878086024, 2004504181, 2139431825, 2283441750, 2437145304, 2601194987, 2776287220, 2963165301, 3162622562, 3375505736, 3602718551, 3845225567, 4104056271, 4380309447, 4675157840, 4989853135, 5325731272, 5684218115, 6066835506, 6475207727, 6911068392, 7376267810, 7872780838],
  "province": "Norway",
  "r0": [6.0, 7.0, 4.0, 2.066666666666667, 1.105263157894737, 1.56, 0.90625, 0.5178571428571429, 2.2413793103448274, 1.8333333333333333, 0.7074829931972789, 1.6704545454545454, 0.4585365853658537, 0.3275, 0.18729096989966554, 0.18518518518518517, 0.08734939759036145, 0.1798165137614679, 0.1375921375921376]
}