{
  "input": [1, 1, 6, 15, 19, 25, 32, 56, 87, 108, 147, 176, 205, 400],
  "lastDate": "20_03_11",
  "lastDateRate": 2.2413793103448274,
  "lastDateRateList": [642, 971, 1365, 1824, 2721, 4160, 6336, 9395, 13483, 19582, 28906, 43107, 64165, 94386, 138277, 203066, 299685, 443503, 655058, 964989, 1420137, 2091845, 3085903, 4554136, 6717042, 9900108, 14588726, 21505405, 31712951, 46768390, 68958287, 101657156, 149858926, 220939678, 325765380, 480327058, 708179304, 1044070000, 1539279623, 2269443406, 3346038536, 4933336976, 7273493873, 10723603373],
  "maxRate": 7.0,
  "maxRateList": [1156, 2185, 3417, 4852, 7652, 15744, 31039, 54958, 88922, 142486, 252694, 469967, 854673, 1477127, 2474529, 4243387, 7533156, 13515867, 23855756, 41177459, 70881168, 123613260, 218224329, 385214621, 673456834, 1169625010, 2034917830, 3562488133, 6258990480, 10973188318],
  "minRate": 0.5178571428571429,
  "minRateList": [456, 532, 623, 729, 936, 1172, 1448, 1771, 2149, 2634, 3241, 3991, 4908, 6021, 7385, 9063, 11130, 13672, 16790, 20614, 25307, 31071, 38151, 46846, 57521, 70626, 86716, 106473, 130733, 160521, 197095, 242002, 297140, 364841, 447968, 550035, 675357, 829233, 1018169, 1250152, 1534992, 1884730, 2314154, 2841420, 3488820, 4283727, 5259748, 6458149, 7929599, 9736309, 11954668, 14678466, 18022865, 22129264, 27171281, 33362091, 40963439, 50296708, 61756505, 75827347, 93104144, 114317353, 140363863, 172344910, 211612643, 259827289, 319027347, 391715776, 480965819, 590550938, 725104356, 890314946, 1093167759, 1342239344, 1648060365, 2023560835, 2484616789, 3050721521, 3745809753, 4599269585, 5647185017, 6933861568, 8513699499],
  "province": "Norway",
  "r0": [6.0, 7.0, 4.0, 2.066666666666667, 1.105263157894737, 1.56, 0.90625, 0.5178571428571429, 2.2413793103448274]
}