{
  "input": [1, 1, 6, 15, 19, 25, 32, 56, 87],
  "lastDate": "20_03_06",
  "lastDateRate": 2.066666666666667,
  "lastDateRateList": [126, 178, 244, 360, 540, 800, 1168, 1672, 2416, 3532, 5185, 7599, 11054, 16047, 23346, 34062, 49767, 72612, 105776, 154024, 224419, 327271, 477336, 695940, 1014256, 1478055, 2154415, 3140909, 4579185, 6675314, 9729961, 14182419, 20673631, 30137280, 43932929, 64041515, 93351848, 136077352, 198361064, 289155784, 421508248, 614435401, 895661928, 1305608127, 1903196747, 2774313793, 4044146955, 5895181606, 8593438402],
  "maxRate": 7.0,
  "maxRateList": [220, 395, 619, 1011, 1620, 3160, 5925, 10258, 17335, 28675, 50795, 92270, 164076, 285421, 486146, 841711, 1487601, 2636133, 4634080, 8037102, 13929079, 24342286, 42795217, 75233777, 131493491, 228997044, 399393046, 698959565, 1225596004, 2146050441, 3749029749, 6544781071, 11437498026],
  "minRate": 2.066666666666667,
  "minRateList": [126, 178, 244, 360, 540, 800, 1168, 1672, 2416, 3532, 5185, 7599, 11054, 16047, 23346, 34062, 49767, 72612, 105776, 154024, 224419, 327271, 477336, 695940, 1014256, 1478055, 2154415, 3140909, 4579185, 6675314, 9729961, 14182419, 20673631, 30137280, 43932929, 64041515, 93351848, 136077352, 198361064, 289155784, 421508248, 614435401, 895661928, 1305608127, 1903196747, 2774313793, 4044146955, 5895181606, 8593438402],
  "province": "Norway",
  "r0": [6.0, 7.0, 4.0, 2.066666666666667]
}