{
  "input": [1, 1, 6, 15, 19, 25, 32, 56, 87, 108, 147, 176, 205, 400, 598, 702, 996, 1090, 1221, 1333, 1463, 1550, 1746],
  "lastDate": "20_03_20",
  "lastDateRate": 0.1798165137614679,
  "lastDateRateList": [1966, 2206, 2469, 2748, 3062, 3416, 3813, 4257, 4751, 5302, 5916, 6602, 7367, 8221, 9174, 10238, 11425, 12750, 14228, 15878, 17719, 19773, 22066, 24624, 27479, 30665, 34221, 38189, 42617, 47558, 53072, 59226, 66093, 73756, 82308, 91851, 102501, 114386, 127649, 142449, 158965, 177396, 197964, 220917, 246532, 275117, 307016, 342613, 382338, 426669, 476140, 531347, 592954, 661705, 738427, 824045, 919590, 1026213, 1145198, 1277979, 1426156, 1591513, 1776043, 1981969, 2211771, 2468217, 2754397, 3073759, 3430150, 3827863, 4271689, 4766975, 5319688, 5936486, 6624799, 7392919, 8250100, 9206668, 10274146, 11465394, 12794763, 14278267, 15933778, 17781239, 19842906, 22143616, 24711084, 27576240, 30773600, 34341682, 38323470, 42766931, 47725594, 53259195, 59434397, 66325590, 74015790, 82597640, 92174523, 102861809, 114788245, 128097506, 142949926, 159524427, 178020679, 198661501, 221695548, 247400305, 276085431, 308096489, 343819108, 383683629, 428170289, 477815009, 533215846, 595040199, 664032852, 741024941, 826943970, 922824985, 1029823039, 1149227111, 1282475633, 1431173815, 1597112987, 1782292176, 1988942189, 2219552486, 2476901172, 2764088461, 3084574027, 3442218677, 3841330867, 4286718601, 4783747352, 5338404700, 5957372462, 6648107187, 7418929981, 8279126753],
  "maxRate": 7.0,
  "maxRateList": [10293, 19624, 29865, 40715, 52937, 124988, 262356, 471411, 756416, 1126975, 2001891, 3838383, 7138260, 12433172, 20321997, 34335234, 61203915, 111171735, 198203939, 340457918, 580804556, 1009231961, 1787434106, 3174861679, 5558067105, 9623698997],
  "minRate": 0.08734939759036145,
  "minRateList": [1853, 1969, 2097, 2232, 2385, 2547, 2719, 2902, 3097, 3305, 3527, 3765, 4018, 4289, 4578, 4886, 5215, 5566, 5941, 6341, 6768, 7224, 7710, 8229, 8783, 9374, 10005, 10678, 11397, 12164, 12983, 13857, 14790, 15786, 16849, 17983, 19193, 20485, 21864, 23336, 24907, 26583, 28372, 30282, 32320, 34496, 36818, 39296, 41941, 44764, 47777, 50993, 54425, 58089, 61999, 66172, 70626, 75380, 80454, 85870, 91650, 97819, 104403, 111431, 118932, 126938, 135482, 144602, 154335, 164724, 175812, 187646, 200277, 213758, 228147, 243504, 259895, 277389, 296061, 315990, 337260, 359962, 384192, 410053, 437655, 467114, 498556, 532115, 567933, 606162, 646964, 690513, 736993, 786602, 839550, 896062, 956378, 1020754, 1089463, 1162797, 1241067, 1324606, 1413768, 1508932, 1610502, 1718908, 1834612, 1958104, 2089908, 2230584, 2380730, 2540982, 2712021, 2894573, 3089413, 3297368, 3519321, 3756214, 4009053, 4278911, 4566934, 4874345, 5202448, 5552636, 5926396, 6325315, 6751086, 7205517, 7690536, 8208203, 8760715, 9350418, 9979816, 10651580, 11368562, 12133805, 12950558, 13822289, 14752698, 15745735, 16805616, 17936839, 19144208, 20432847, 21808227, 23276187, 24842959, 26515194, 28299991, 30204926, 32238087, 34408105, 36724191, 39196178, 41834560, 44650537, 47656064, 50863900, 54287663, 57941887, 61842085, 66004813, 70447744, 75189739, 80250928, 85652797, 91418278, 97571846, 104139624, 111149494, 118631214, 126616546, 135139388, 144235921, 153944762, 164307127, 175367006, 187171350, 199770271, 213217253, 227569382, 242887584, 259236889, 276686702, 295311101, 315189149, 336405233, 359049419, 383217836, 409013083, 436544665, 465929459, 497292209, 530766056, 566493102, 604625016, 645323674, 688761849, 735123944, 784606775, 837420406, 893789040, 953951973, 1018164607, 1086699536, 1159847704, 1237919638, 1321246768, 1410182833, 1505105383, 1606417381, 1714548916, 1829959025, 1953137646, 2084607695, 2224927286, 2374692101, 2534537919, 2705143316, 2887232542, 3081578600, 3289006524, 3510396884, 3746689523, 3998887546, 4268061580, 4555354319, 4861985372, 5189256445, 5538556863, 5911369471, 6309276927, 6733968420, 7187246844, 7671036450, 8187391012],
  "province": "Norway",
  "r0": [6.0, 7.0, 4.0, 2.066666666666667, 1.105263157894737, 1.56, 0.90625, 0.5178571428571429, 2.2413793103448274, 1.8333333333333333, 0.7074829931972789, 1.6704545454545454, 0.4585365853658537, 0.3275, 0.18729096989966554, 0.18518518518518517, 0.08734939759036145, 0.1798165137614679]
}