{
  "input": [1, 1, 6, 15, 19, 25, 32, 56, 87, 108, 147, 176, 205, 400, 598, 702, 996, 1090, 1221, 1333, 1463],
  "lastDate": "20_03_18",
  "lastDateRate": 0.18518518518518517,
  "lastDateRateList": [1647, 1849, 2075, 2322, 2593, 2898, 3240, 3624, 4054, 4534, 5071, 5671, 6342, 7093, 7933, 8872, 9922, 11096, 12410, 13879, 15522, 17359, 19414, 21712, 24282, 27156, 30371, 33966, 37987, 42484, 47513, 53137, 59427, 66462, 74329, 83128, 92968, 103973, 116281, 130046, 145440, 162656, 181910, 203444, 227527, 254460, 284581, 318268, 355943, 398078, 445200, 497900, 556839, 622754, 696472, 778916, 871120, 974238, 1089563, 1218539, 1362783, 1524102, 1704516, 1906287, 2131942, 2384309, 2666550, 2982201, 3335217, 3730021, 4171560, 4665366, 5217625, 5835258, 6526003, 7298514, 8162471, 9128698, 10209301, 11417820, 12769397, 14280966, 15971466, 17862077, 19976488, 22341191, 24985814, 27943493, 31251285, 34950635, 39087893, 43714896, 48889617, 54676892, 61149232, 68387731, 76483082, 85536715, 95662065, 106985997, 119650392, 133813926, 149654058, 167369255, 187181477, 209338957, 234119314, 261833028, 292827334, 327490570, 366257044, 409612473, 458100071, 512327355, 572973757, 640799136, 716653298, 801486644, 896362080, 1002468331, 1121134838, 1253848412, 1402271865, 1568264843, 1753907127, 1961524690, 2193718840, 2453398815, 2743818230, 3068615846, 3431861159, 3838105389, 4292438503, 4800552990, 5368815184, 6004345028, 6715105285, 7510001304, 8398992598],
  "maxRate": 7.0,
  "maxRateList": [8435, 16065, 24612, 33943, 44184, 103229, 215684, 387968, 625569, 934857, 1657460, 3167248, 5883024, 10262007, 16806006, 28408226, 50578962, 91760130, 163594179, 281236221, 480093803, 834146537, 1476467447, 2621626700, 4590280247, 7950936868],
  "minRate": 0.18518518518518517,
  "minRateList": [1647, 1849, 2075, 2322, 2593, 2898, 3240, 3624, 4054, 4534, 5071, 5671, 6342, 7093, 7933, 8872, 9922, 11096, 12410, 13879, 15522, 17359, 19414, 21712, 24282, 27156, 30371, 33966, 37987, 42484, 47513, 53137, 59427, 66462, 74329, 83128, 92968, 103973, 116281, 130046, 145440, 162656, 181910, 203444, 227527, 254460, 284581, 318268, 355943, 398078, 445200, 497900, 556839, 622754, 696472, 778916, 871120, 974238, 1089563, 1218539, 1362783, 1524102, 1704516, 1906287, 2131942, 2384309, 2666550, 2982201, 3335217, 3730021, 4171560, 4665366, 5217625, 5835258, 6526003, 7298514, 8162471, 9128698, 10209301, 11417820, 12769397, 14280966, 15971466, 17862077, 19976488, 22341191, 24985814, 27943493, 31251285, 34950635, 39087893, 43714896, 48889617, 54676892, 61149232, 68387731, 76483082, 85536715, 95662065, 106985997, 119650392, 133813926, 149654058, 167369255, 187181477, 209338957, 234119314, 261833028, 292827334, 327490570, 366257044, 409612473, 458100071, 512327355, 572973757, 640799136, 716653298, 801486644, 896362080, 1002468331, 1121134838, 1253848412, 1402271865, 1568264843, 1753907127, 1961524690, 2193718840, 2453398815, 2743818230, 3068615846, 3431861159, 3838105389, 4292438503, 4800552990, 5368815184, 6004345028, 6715105285, 7510001304, 8398992598],
  "province": "Norway",
  "r0": [6.0, 7.0, 4.0, 2.066666666666667, 1.105263157894737, 1.56, 0.90625, 0.5178571428571429, 2.2413793103448274, 1.8333333333333333, 0.7074829931972789, 1.6704545454545454, 0.4585365853658537, 0.3275, 0.18729096989966554, 0.18518518518518517]
}