{
  "input": [1, 1, 6, 15, 19, 25, 32, 56, 87, 108, 147, 176, 205, 400, 598, 702],
  "lastDate": "20_03_13",
  "lastDateRate": 0.7074829931972789,
  "lastDateRateList": [827, 972, 1255, 1678, 2175, 2760, 3448, 4336, 5523, 7062, 9015, 11454, 14522, 18429, 23425, 29803, 37907, 48181, 61219, 77792, 98877, 125696, 159783, 203094, 258131, 328085, 417013, 530057, 673743, 856366, 1088481, 1383511, 1758517, 2235179, 2841043, 3611125, 4589936, 5834057, 7415408, 9425398, 11980208, 15227510, 19355006, 24601281, 31269590, 39745383, 50518587, 64211925, 81616913, 103739616, 131858799, 167599840, 213028685, 270771263, 344165277, 437453135, 556027171, 706741343, 898307407, 1141798487, 1451289140, 1844668907, 2344676388, 2980213601, 3788016612, 4814778997, 6119850877, 7778669546, 9887119985],
  "maxRate": 7.0,
  "maxRateList": [1934, 3369, 6169, 10355, 15269, 28807, 52390, 95573, 168058, 274941, 476590, 843320, 1512331, 2688737, 4613324, 7949454, 13852694, 24439011, 43260170, 75553438, 131199616, 228168474, 399241551, 702062741, 1230936807, 2149334119, 3746513437, 6541204294, 11455643481],
  "minRate": 0.5178571428571429,
  "minRateList": [793, 899, 1106, 1416, 1780, 2191, 2657, 3230, 3963, 4885, 6020, 7396, 9069, 11121, 13651, 16769, 20599, 25295, 31054, 38123, 46807, 57474, 70573, 86655, 106397, 130636, 160399, 196946, 241821, 296919, 364570, 447634, 549624, 674853, 828615, 1017410, 1249220, 1533847, 1883324, 2312428, 2839301, 3486219, 4280533, 5255826, 6453333, 7923685, 9729048, 11945753, 14667520, 18009425, 22112762, 27151019, 33337213, 40932893, 50259202, 61710454, 75770803, 93034717, 114232108, 140259195, 172216394, 211454846, 259633539, 318789452, 391423678, 480607168, 590110570, 724563653, 889651048, 1092352596, 1341238451, 1646831425, 2022051888, 2482764038, 3048446632, 3743016544, 4595839961, 5642973974, 6928691065, 8507350928],
  "province": "Norway",
  "r0": [6.0, 7.0, 4.0, 2.066666666666667, 1.105263157894737, 1.56, 0.90625, 0.5178571428571429, 2.2413793103448274, 1.8333333333333333, 0.7074829931972789]
}