{
  "input": [1, 1, 6, 15, 19, 25, 32, 56, 87, 108, 147, 176, 205, 400, 598],
  "lastDate": "20_03_12",
  "lastDateRate": 1.8333333333333333,
  "lastDateRateList": [868, 1191, 1567, 2300, 3396, 4987, 7171, 10044, 14261, 20487, 29630, 42777, 61191, 87336, 124896, 179218, 257643, 369827, 529943, 758919, 1087485, 1559831, 2237847, 3209409, 4600761, 6594484, 9454174, 13556894, 19440811, 27875540, 39965427, 57298079, 82152385, 117793872, 168899029, 242168979, 347215457, 497828163, 713783595, 1023431815, 1467408277, 2103969948, 3016654914, 4325258172, 6201549833, 8891798341],
  "maxRate": 7.0,
  "maxRateList": [1627, 2859, 4294, 7094, 11280, 22669, 42682, 72740, 122398, 201358, 360041, 658815, 1167995, 2024781, 3434287, 5954574, 10566279, 18742244, 32915711, 56955720, 98637738, 172601691, 303797399, 534207376, 932897416, 1623361582, 2831573419, 4958155212, 8697606844],
  "minRate": 0.5178571428571429,
  "minRateList": [674, 765, 871, 1078, 1388, 1737, 2133, 2584, 3142, 3861, 4761, 5866, 7204, 8831, 10830, 13296, 16334, 20065, 24638, 30246, 37131, 45590, 55981, 68740, 84403, 103632, 127241, 156231, 191829, 235538, 289205, 355098, 436003, 535343, 657318, 807085, 990975, 1216762, 1493993, 1834390, 2252345, 2765528, 3395637, 4169312, 5119264, 6285657, 7717805, 9476260, 11635368, 14286415, 17541487, 21538207, 26445556, 32471014, 39869336, 48953320, 60107034, 73802054, 90617401, 111264021, 136614847, 167741704, 205960625, 252887493, 310506361, 381253335, 468119575, 574777756, 705737351, 866535288, 1063970051, 1306389117, 1604041884, 1969513012, 2418254500, 2969238991, 3645761927, 4476426474, 5496352855, 6748663221, 8286304841],
  "province": "Norway",
  "r0": [6.0, 7.0, 4.0, 2.066666666666667, 1.105263157894737, 1.56, 0.90625, 0.5178571428571429, 2.2413793103448274, 1.8333333333333333]
}