{
  "input": [1, 1, 6, 15, 19, 25, 32, 56, 87, 108, 147, 176, 205, 400, 598, 702, 996, 1090, 1221, 1333, 1463, 1550, 1746, 1914, 2118, 2385],
  "lastDate": "20_03_23",
  "lastDateRate": 0.1825017088174983,
  "lastDateRateList": [2668, 2987, 3336, 3723, 4158, 4645, 5190, 5799, 6478, 7237, 8085, 9032, 10090, 11272, 12593, 14069, 15717, 17558, 19615, 21913, 24481, 27349, 30553, 34133, 38132, 42600, 47591, 53167, 59396, 66355, 74130, 82815, 92518, 103358, 115468, 128997, 144111, 160996, 179859, 200932, 224474, 250775, 280157, 312982, 349652, 390619, 436386, 487515, 544635, 608447, 679736, 759377, 848349, 947746, 1058789, 1182842, 1321430, 1476255, 1649220, 1842451, 2058322, 2299485, 2568904, 2869889, 3206139, 3581786, 4001446, 4470275, 4994035, 5579161, 6232843, 6963114, 7778947, 8690367, 9708573, 10846077, 12116857, 13536528, 15122535, 16894366, 18873794, 21085141, 23555580, 26315468, 29398719, 32843219, 36691293, 40990227, 45792845, 51158161, 57152105, 63848329, 71329115, 79686387, 89022839, 99453196, 111105625, 124123310, 138666212, 154913032, 173063410, 193340376, 215993092, 241299913, 269571806, 301156174, 336441123, 375860231, 419897877, 469095192, 524056708, 585457788, 654052922, 730685002, 816295676, 911936921, 1018783968, 1138149744, 1271501005, 1420476361, 1586906407, 1772836222, 1980550495, 2212601601, 2471840964, 2761454095, 3084999735, 3446453585, 3850257158, 4301372358, 4805342449, 5368360172, 5997343841, 6700022352, 7485030158, 8362013366],
  "maxRate": 7.0,
  "maxRateList": [13235, 25457, 38855, 53681, 70376, 163021, 341220, 613205, 988972, 1481604, 2622751, 5011291, 9303726, 16226530, 26597758, 44957015, 80036052, 145162134, 258747844, 444932150, 759631255, 1319883619, 2336018557, 4147253465, 7261778515, 12579197300],
  "minRate": 0.08734939759036145,
  "minRateList": [2520, 2673, 2840, 3025, 3233, 3453, 3686, 3934, 4198, 4480, 4782, 5104, 5448, 5815, 6206, 6624, 7070, 7546, 8054, 8596, 9175, 9793, 10452, 11156, 11907, 12708, 13563, 14476, 15450, 16490, 17600, 18785, 20049, 21399, 22839, 24376, 26017, 27768, 29637, 31632, 33761, 36034, 38460, 41049, 43812, 46761, 49909, 53268, 56854, 60681, 64766, 69126, 73779, 78745, 84045, 89702, 95740, 102185, 109063, 116404, 124239, 132602, 141528, 151055, 161223, 172075, 183658, 196020, 209215, 223298, 238329, 254371, 271493, 289768, 309273, 330091, 352310, 376025, 401336, 428351, 457184, 487958, 520804, 555860, 593276, 633211, 675834, 721326, 769880, 821702, 877013, 936047, 999054, 1066303, 1138078, 1214685, 1296448, 1383715, 1476856, 1576266, 1682368, 1795612, 1916479, 2045481, 2183167, 2330121, 2486967, 2654370, 2833042, 3023740, 3227275, 3444510, 3676368, 3923833, 4187955, 4469856, 4770732, 5091861, 5434605, 5800420, 6190859, 6607580, 7052351, 7527060, 8033723, 8574491, 9151659, 9767678, 10425162, 11126903, 11875880, 12675272, 13528473, 14439105, 15411033, 16448384, 17555561, 18737265, 19998512, 21344656, 22781412, 24314880, 25951569, 27698427, 29562870, 31552813, 33676703, 35943557, 38362998, 40945297, 43701416, 46643056, 49782704, 53133689, 56710236, 60527528, 64601771, 68950260, 73591456, 78545061, 83832104, 89475030, 95497794, 101925963, 108786827, 116109511, 123925101, 132266776, 141169947, 150672411, 160814507, 171639290, 183192713, 195523823, 208684967, 222732017, 237724606, 253726379, 270805267, 289033773, 308489281, 329254382, 351417228, 375071905, 400318831, 427265184, 456025356, 486721439, 519483744, 554451353, 591772709, 631606249, 674121073, 719497665, 767928657, 819619647, 874790072, 933674142, 996521830, 1063599936, 1135193218, 1211605604, 1293161478, 1380207060, 1473111874, 1572270318, 1678103338, 1791060214, 1911620469, 2040295904, 2177632769, 2324214085, 2480662116, 2647641012, 2825859630, 3016074541, 3219093241, 3435777582, 3667047429, 3913884565, 4177336859, 4458522714, 4758635816, 5078950200, 5420825659, 5785713517, 6175162790, 6590826762, 7034470002, 7507975858, 8013354448],
  "province": "Norway",
  "r0": [6.0, 7.0, 4.0, 2.066666666666667, 1.105263157894737, 1.56, 0.90625, 0.5178571428571429, 2.2413793103448274, 1.8333333333333333, 0.7074829931972789, 1.6704545454545454, 0.4585365853658537, 0.3275, 0.18729096989966554, 0.18518518518518517, 0.08734939759036145, 0.1798165137614679, 0.1375921375921376, 0.15303825956489123, 0.1825017088174983]
}