{
  "input": [1, 1, 6, 15, 19, 25, 32, 56, 87, 108, 147, 176, 205],
  "lastDate": "20_03_10",
  "lastDateRate": 0.5178571428571429,
  "lastDateRateList": [250, 306, 382, 473, 579, 708, 866, 1064, 1309, 1609, 1976, 2424, 2975, 3653, 4486, 5509, 6764, 8305, 10197, 12520, 15373, 18876, 23177, 28458, 34942, 42903, 52678, 64680, 79417, 97512, 119730, 147010, 180505, 221632, 272129, 334132, 410262, 503738, 618512, 759436, 932469, 1144926, 1405790, 1726091, 2119370, 2602256, 3195164, 3923162, 4817031, 5914562, 7262159, 8916798, 10948435, 13442969, 16505867, 20266628, 24884256, 30553981, 37515519, 46063200, 56558418, 69444908, 85267505, 104695184, 128549341, 157838522, 193801064, 237957451, 292174600, 358744794, 440482600, 540843865, 664071831, 815376535, 1001155089, 1229262150, 1509342009, 1853236350, 2275484913, 2793940227, 3430522412, 4212145952, 5171857633, 6350233749, 7797095652, 9573616187],
  "maxRate": 7.0,
  "maxRateList": [814, 1570, 2599, 3831, 5266, 10964, 21954, 40147, 66964, 103826, 180574, 334252, 615281, 1084029, 1810811, 3074829, 5414593, 9721560, 17309763, 29985440, 51509243, 89411394, 157462314, 278630655, 488528735, 849093436, 1474973194, 2577209392, 4527623977, 7947325122],
  "minRate": 0.5178571428571429,
  "minRateList": [250, 306, 382, 473, 579, 708, 866, 1064, 1309, 1609, 1976, 2424, 2975, 3653, 4486, 5509, 6764, 8305, 10197, 12520, 15373, 18876, 23177, 28458, 34942, 42903, 52678, 64680, 79417, 97512, 119730, 147010, 180505, 221632, 272129, 334132, 410262, 503738, 618512, 759436, 932469, 1144926, 1405790, 1726091, 2119370, 2602256, 3195164, 3923162, 4817031, 5914562, 7262159, 8916798, 10948435, 13442969, 16505867, 20266628, 24884256, 30553981, 37515519, 46063200, 56558418, 69444908, 85267505, 104695184, 128549341, 157838522, 193801064, 237957451, 292174600, 358744794, 440482600, 540843865, 664071831, 815376535, 1001155089, 1229262150, 1509342009, 1853236350, 2275484913, 2793940227, 3430522412, 4212145952, 5171857633, 6350233749, 7797095652, 9573616187],
  "province": "Norway",
  "r0": [6.0, 7.0, 4.0, 2.066666666666667, 1.105263157894737, 1.56, 0.90625, 0.5178571428571429]
}