{
  "input": [1, 1, 6, 15, 19, 25, 32, 56, 87, 108, 147, 176, 205, 400, 598, 702, 996, 1090, 1221, 1333],
  "lastDate": "20_03_17",
  "lastDateRate": 0.18729096989966554,
  "lastDateRateList": [1464, 1651, 1855, 2084, 2334, 2608, 2917, 3264, 3654, 4091, 4579, 5125, 5736, 6420, 7186, 8044, 9004, 10078, 11280, 12626, 14133, 15819, 17707, 19820, 22185, 24832, 27795, 31111, 34823, 38978, 43629, 48835, 54662, 61184, 68484, 76655, 85801, 96039, 107498, 120324, 134681, 150751, 168738, 188871, 211407, 236632, 264866, 296469, 331843, 371438, 415757, 465364, 520890, 583041, 652608, 730476, 817634, 915192, 1024390, 1146618, 1283430, 1436565, 1607972, 1799831, 2014582, 2254957, 2524013, 2825172, 3162264, 3539577, 3961910, 4434635, 4963764, 5556027, 6218958, 6960988, 7791555, 8721223, 9761817, 10926572, 12230302, 13689590, 15322996, 17151296, 19197744, 21488369, 24052306, 26922165, 30134448, 33730012, 37754589, 42259369, 47301647, 52945557, 59262884, 66333978, 74248776, 83107947, 93024172, 104123575, 116547330, 130453455, 146018823, 163441410, 182942815, 204771077, 229203831, 256551838, 287162938, 321426475, 359778249, 402706057, 450755900, 504538925, 564739201, 632122418, 707545626, 791968136, 886463721, 992234274, 1110625095, 1243142002, 1391470482, 1557497132, 1743333652, 1951343703, 2184172974, 2444782830, 2736487978, 3062998629, 3428467684, 3837543559, 4295429306, 4807948794, 5381620778, 6023741816, 6742479071, 7546974192, 8447459585],
  "maxRate": 7.0,
  "maxRateList": [6247, 13219, 20849, 29396, 38727, 82456, 174989, 320932, 526704, 797793, 1374985, 2599908, 4846432, 8533360, 14117911, 23742806, 41942162, 75867186, 135600706, 234426083, 400625725, 694220859, 1225291161, 2174496103, 3815478684, 6619858759, 11479404772],
  "minRate": 0.18729096989966554,
  "minRateList": [1464, 1651, 1855, 2084, 2334, 2608, 2917, 3264, 3654, 4091, 4579, 5125, 5736, 6420, 7186, 8044, 9004, 10078, 11280, 12626, 14133, 15819, 17707, 19820, 22185, 24832, 27795, 31111, 34823, 38978, 43629, 48835, 54662, 61184, 68484, 76655, 85801, 96039, 107498, 120324, 134681, 150751, 168738, 188871, 211407, 236632, 264866, 296469, 331843, 371438, 415757, 465364, 520890, 583041, 652608, 730476, 817634, 915192, 1024390, 1146618, 1283430, 1436565, 1607972, 1799831, 2014582, 2254957, 2524013, 2825172, 3162264, 3539577, 3961910, 4434635, 4963764, 5556027, 6218958, 6960988, 7791555, 8721223, 9761817, 10926572, 12230302, 13689590, 15322996, 17151296, 19197744, 21488369, 24052306, 26922165, 30134448, 33730012, 37754589, 42259369, 47301647, 52945557, 59262884, 66333978, 74248776, 83107947, 93024172, 104123575, 116547330, 130453455, 146018823, 163441410, 182942815, 204771077, 229203831, 256551838, 287162938, 321426475, 359778249, 402706057, 450755900, 504538925, 564739201, 632122418, 707545626, 791968136, 886463721, 992234274, 1110625095, 1243142002, 1391470482, 1557497132, 1743333652, 1951343703, 2184172974, 2444782830, 2736487978, 3062998629, 3428467684, 3837543559, 4295429306, 4807948794, 5381620778, 6023741816, 6742479071, 7546974192, 8447459585],
  "province": "Norway",
  "r0": [6.0, 7.0, 4.0, 2.066666666666667, 1.105263157894737, 1.56, 0.90625, 0.5178571428571429, 2.2413793103448274, 1.8333333333333333, 0.7074829931972789, 1.6704545454545454, 0.4585365853658537, 0.3275, 0.18729096989966554]
}