{
  "input": [1, 1, 6, 15, 19, 25, 32, 56, 87, 108, 147, 176, 205, 400, 598, 702, 996, 1090, 1221, 1333, 1463, 1550, 1746, 1914, 2118, 2385, 2621],
  "lastDate": "20_03_24",
  "lastDateRate": 0.15225806451612903,
  "lastDateRateList": [2887, 3178, 3500, 3863, 4262, 4702, 5186, 5719, 6307, 6956, 7672, 8462, 9333, 10293, 11352, 12520, 13808, 15229, 16796, 18524, 20430, 22532, 24851, 27408, 30228, 33339, 36770, 40554, 44727, 49329, 54405, 60004, 66179, 72989, 80500, 88784, 97920, 107996, 119109, 131366, 144884, 159793, 176236, 194371, 214373, 236433, 260763, 287596, 317191, 349831, 385830, 425533, 469322, 517617, 570882, 629628, 694419, 765877, 844688, 931609, 1027475, 1133206, 1249817, 1378428, 1520273, 1676714, 1849254, 2039549, 2249426, 2480900, 2736193, 3017757, 3328295, 3670788, 4048525, 4465132, 4924610, 5431370, 5990277, 6606698, 7286550, 8036362, 8863332, 9775400, 10781323, 11890759, 13114360, 14463874, 15952257, 17593800, 19404264, 21401031, 23603272, 26032132, 28710930, 31665386, 34923866, 38517655, 42481257, 46852728, 51674038, 56991478, 62856102, 69324216, 76457922, 84325711, 93003123, 102573471, 113128642, 124769977, 137609247, 151769723, 167387361, 184612109, 203609344, 224561462, 247669626, 273155702, 301264384, 332265549, 366456843, 404166541, 445756699, 491626631, 542216740, 598012750, 659550365, 727420417, 802274536, 884831407, 975883671, 1076305533, 1187061158, 1309213926, 1443936643, 1592522802, 1756398999, 1937138633, 2136477011, 2356328010, 2598802450, 2866228362, 3161173341, 3486469196, 3845239138, 4240927769, 4677334152, 5158648287, 5689491339, 6274960008, 6920675462, 7632837307, 8418283111],
  "maxRate": 7.0,
  "maxRateList": [14843, 28241, 43067, 59762, 78109, 182010, 379697, 681166, 1099500, 1646263, 2920333, 5578212, 10346374, 18042874, 29566715, 50009046, 89056530, 161481148, 287781266, 494748271, 844811593, 1468207303, 2598575339, 4613044201, 8076282098],
  "minRate": 0.08734939759036145,
  "minRateList": [2774, 2941, 3126, 3334, 3563, 3805, 4062, 4335, 4626, 4937, 5269, 5624, 6003, 6407, 6838, 7298, 7789, 8313, 8873, 9470, 10107, 10787, 11513, 12288, 13115, 13998, 14940, 15946, 17019, 18165, 19388, 20693, 22086, 23573, 25160, 26854, 28662, 30591, 32650, 34848, 37194, 39698, 42370, 45222, 48266, 51515, 54983, 58684, 62634, 66850, 71350, 76153, 81279, 86750, 92589, 98821, 105473, 112573, 120151, 128239, 136871, 146084, 155917, 166412, 177614, 189570, 202330, 215949, 230485, 245999, 262558, 280231, 299094, 319227, 340715, 363649, 388127, 414253, 442137, 471898, 503663, 537566, 573751, 612371, 653591, 697586, 744542, 794659, 848149, 905240, 966174, 1031209, 1100622, 1174707, 1253779, 1338174, 1428249, 1524388, 1626998, 1736515, 1853404, 1978161, 2111315, 2253432, 2405116, 2567010, 2739801, 2924223, 3121059, 3331144, 3555371, 3794691, 4050120, 4322743, 4613716, 4924276, 5255740, 5609516, 5987105, 6390110, 6820243, 7279329, 7769317, 8292287, 8850459, 9446203, 10082048, 10760693, 11485019, 12258101, 13083221, 13963882, 14903822, 15907031, 16977769, 18120580, 19340317, 20642157, 22031627, 23514625, 25097447, 26786812, 28589892, 30514341, 32568329, 34760576, 37100388, 39597698, 42263107, 45107931, 48144246, 51384943, 54843778, 58535435, 62475586, 66680957, 71169401, 75959972, 81073007, 86530212, 92354753, 98571357, 105206415, 112288093, 119846455, 127913587, 136523736, 145713453, 155521750, 165990266, 177163441, 189088707, 201816689, 215401420, 229900570, 245375690, 261892475, 279521041, 298336225, 318417901, 339851320, 362727470, 387143465, 413202955, 441016567, 470702375, 502386401, 536203149, 572296178, 610818709, 651934278, 695817427, 742654449, 792644175, 845998821, 902944887, 963724120, 1028594539, 1097831530, 1171729017, 1250600709, 1334781430, 1424628543, 1520523466, 1622873290, 1732112509, 1848704863, 1973145308, 2105962117, 2247719121, 2399018105, 2560501361, 2732854415, 2916808937, 3113145848, 3322698634, 3546356885, 3785070072, 4039851576, 4311782990, 4602018714, 4911790852, 5242414443, 5595293045, 5971924692, 6373908254, 6802950226, 7260871970, 7749617447, 8271261471],
  "province": "Norway",
  "r0": [6.0, 7.0, 4.0, 2.066666666666667, 1.105263157894737, 1.56, 0.90625, 0.5178571428571429, 2.2413793103448274, 1.8333333333333333, 0.7074829931972789, 1.6704545454545454, 0.4585365853658537, 0.3275, 0.18729096989966554, 0.18518518518518517, 0.08734939759036145, 0.1798165137614679, 0.1375921375921376, 0.15303825956489123, 0.1825017088174983, 0.15225806451612903]
}