{
  "input": [1, 1, 6, 15, 19, 25, 32, 56, 87, 108, 147, 176],
  "lastDate": "20_03_09",
  "lastDateRate": 0.90625,
  "lastDateRateList": [227, 306, 404, 537, 697, 903, 1180, 1546, 2033, 2665, 3483, 4552, 5953, 7795, 10210, 13366, 17491, 22886, 29950, 39203, 51316, 67167, 87907, 115049, 150577, 197082, 257952, 337618, 441881, 578341, 756947, 990716, 1296682, 1697137, 2221259, 2907242, 3805078, 4980196, 6518226, 8531242, 11165930, 14614282, 19127585, 25034727, 32766165, 42885289, 56129482, 73463856, 96151577, 125845914, 164710707, 215578050, 282154670, 369292037, 483339897, 632608975, 827976583, 1083679253, 1418350162, 1856376944, 2429678828, 3180032606, 4162116929, 5447496763, 7129838369, 9331734807],
  "maxRate": 7.0,
  "maxRateList": [568, 1177, 1933, 2962, 4194, 8170, 16409, 29940, 50674, 80032, 137222, 252085, 461665, 816383, 1376607, 2337161, 4101756, 7333411, 13048092, 22684341, 39044468, 67756760, 119090637, 210427281, 369217668, 642528944, 1116826264, 1950460723, 3423451690, 6007975366, 10505677974],
  "minRate": 0.90625,
  "minRateList": [227, 306, 404, 537, 697, 903, 1180, 1546, 2033, 2665, 3483, 4552, 5953, 7795, 10210, 13366, 17491, 22886, 29950, 39203, 51316, 67167, 87907, 115049, 150577, 197082, 257952, 337618, 441881, 578341, 756947, 990716, 1296682, 1697137, 2221259, 2907242, 3805078, 4980196, 6518226, 8531242, 11165930, 14614282, 19127585, 25034727, 32766165, 42885289, 56129482, 73463856, 96151577, 125845914, 164710707, 215578050, 282154670, 369292037, 483339897, 632608975, 827976583, 1083679253, 1418350162, 1856376944, 2429678828, 3180032606, 4162116929, 5447496763, 7129838369, 9331734807],
  "province": "Norway",
  "r0": [6.0, 7.0, 4.0, 2.066666666666667, 1.105263157894737, 1.56, 0.90625]
}