{
  "input": [1, 1, 6, 15, 19, 25, 32, 56, 87, 108, 147, 176, 205, 400, 598, 702, 996, 1090],
  "lastDate": "20_03_15",
  "lastDateRate": 0.4585365853658537,
  "lastDateRateList": [1273, 1547, 1869, 2326, 2826, 3410, 4119, 4976, 6043, 7339, 8903, 10792, 13074, 15845, 19210, 23292, 28241, 34236, 41502, 50310, 60990, 73940, 89638, 108668, 131737, 159703, 193607, 234709, 284537, 344943, 418173, 506949, 614572, 745043, 903212, 1094960, 1327415, 1609219, 1950848, 2365004, 2867083, 3475751, 4213637, 5108172, 6192613, 7507275, 9101034, 11033141, 13375425, 16214965, 19657325, 23830482, 28889581, 35022703, 42457858, 51471461, 62398609, 75645539, 91704730, 111173211, 134774759, 163386804, 198073051, 240123025, 291100010, 352899168, 427817995, 518641735, 628746927, 762226932, 924044111, 1120214314, 1358030524, 1646333993, 1995842928, 2419550959, 2933210205, 3555916884, 4310821252, 5225988253, 6335440888, 7680425080, 9310943066],
  "maxRate": 7.0,
  "maxRateList": [3890, 8076, 12990, 19962, 27592, 54822, 111354, 202284, 342018, 535162, 918916, 1698394, 3114382, 5508508, 9254642, 15687054, 27575812, 49376486, 87936042, 152718536, 262527914, 455558598, 801194000, 1416746294, 2485776046, 4323471444, 7512381630, 13120739630],
  "minRate": 0.4585365853658537,
  "minRateList": [1273, 1547, 1869, 2326, 2826, 3410, 4119, 4976, 6043, 7339, 8903, 10792, 13074, 15845, 19210, 23292, 28241, 34236, 41502, 50310, 60990, 73940, 89638, 108668, 131737, 159703, 193607, 234709, 284537, 344943, 418173, 506949, 614572, 745043, 903212, 1094960, 1327415, 1609219, 1950848, 2365004, 2867083, 3475751, 4213637, 5108172, 6192613, 7507275, 9101034, 11033141, 13375425, 16214965, 19657325, 23830482, 28889581, 35022703, 42457858, 51471461, 62398609, 75645539, 91704730, 111173211, 134774759, 163386804, 198073051, 240123025, 291100010, 352899168, 427817995, 518641735, 628746927, 762226932, 924044111, 1120214314, 1358030524, 1646333993, 1995842928, 2419550959, 2933210205, 3555916884, 4310821252, 5225988253, 6335440888, 7680425080, 9310943066],
  "province": "Norway",
  "r0": [6.0, 7.0, 4.0, 2.066666666666667, 1.105263157894737, 1.56, 0.90625, 0.5178571428571429, 2.2413793103448274, 1.8333333333333333, 0.7074829931972789, 1.6704545454545454, 0.4585365853658537]
}