{
  "input": [1, 1, 6, 15, 19, 25, 32, 56, 87, 108, 147],
  "lastDate": "20_03_08",
  "lastDateRate": 1.56,
  "lastDateRateList": [197, 284, 420, 588, 817, 1124, 1567, 2222, 3139, 4414, 6167, 8612, 12078, 16975, 23861, 33482, 46917, 65759, 92240, 129463, 181695, 254886, 357470, 501364, 703326, 986770, 1384392, 1942045, 2724173, 3821362, 5360723, 7520375, 10549965, 14799675, 20761000, 29123728, 40855513, 57313458, 80400951, 112788111, 158221127, 221955727, 311364721, 436790205, 612739658, 859564616, 1205815550, 1691544515, 2372937235, 3328811101, 4669731902, 6550804160, 9189613603],
  "maxRate": 7.0,
  "maxRateList": [371, 763, 1372, 2128, 3157, 5754, 11095, 20699, 35595, 57694, 97972, 175637, 320530, 569695, 973553, 1659357, 2888816, 5132526, 9120391, 15935262, 27550761, 47772473, 83700155, 147542892, 259089726, 451945053, 786352364, 1372253449, 2405053693, 4218681775, 7382297146, 12886763694],
  "minRate": 1.105263157894737,
  "minRateList": [182, 244, 340, 459, 621, 822, 1092, 1468, 1975, 2661, 3570, 4777, 6400, 8583, 11524, 15470, 20750, 27824, 37310, 50047, 67145, 90079, 120832, 162069, 217384, 291597, 391158, 524709, 703838, 944105, 1266396, 1698729, 2278671, 3056597, 4100081, 5499782, 7377325, 9895856, 13274200, 17805868, 23884574, 32038460, 42975985, 57647469, 77327639, 103726379, 139137308, 186637081, 250352705, 335820095, 450465040, 604248380, 810531470, 1087237091, 1458406670, 1956289083, 2624142556, 3519993128, 4721676229, 6333599391, 8495813641],
  "province": "Norway",
  "r0": [6.0, 7.0, 4.0, 2.066666666666667, 1.105263157894737, 1.56]
}