{
  "input": [1, 1, 6, 15, 19, 25, 32, 56, 87, 108, 147, 176, 205, 400, 598, 702, 996, 1090, 1221, 1333, 1463, 1550, 1746, 1914, 2118],
  "lastDate": "20_03_22",
  "lastDateRate": 0.15303825956489123,
  "lastDateRateList": [2342, 2579, 2846, 3139, 3463, 3821, 4216, 4652, 5132, 5662, 6247, 6892, 7604, 8389, 9256, 10212, 11267, 12431, 13715, 15132, 16695, 18419, 20321, 22420, 24736, 27291, 30110, 33220, 36651, 40437, 44614, 49222, 54306, 59915, 66103, 72931, 80464, 88775, 97944, 108060, 119221, 131535, 145121, 160110, 176647, 194892, 215022, 237231, 261734, 288768, 318594, 351501, 387806, 427861, 472054, 520811, 574604, 633953, 699432, 771674, 851378, 939314, 1036333, 1143373, 1261469, 1391762, 1535513, 1694112, 1869092, 2062145, 2275138, 2510130, 2769394, 3055437, 3371024, 3719207, 4103353, 4527176, 4994775, 5510671, 6079852, 6707822, 7400653, 8165045, 9008388, 9938838, 10965391, 12097974, 13347538, 14726166, 16247188, 17925312, 19776765, 21819449, 24073116, 26559557, 29302816, 32329418, 35668628, 39352736, 43417364, 47901816, 52849454, 58308119, 64330593, 70975111, 78305922, 86393910, 95317283, 105162325, 116024232, 128008034, 141229608, 155816799, 171910658, 189666805, 209256932, 230870465, 254716397, 281025305, 310051583, 342075900, 377407914, 416389268, 459396892, 506846647, 559197347, 616955197, 680678686, 750983987, 828550916, 914129505, 1008547255, 1112717136, 1227646418, 1354446408, 1494343196, 1648689513, 1818977807, 2006854678, 2214136799, 2442828481, 2695141055, 2973514253, 3280639800, 3619487442, 3993333661, 4405793357, 4860854803, 5362918208, 5916838267, 6527971100, 7202226047, 7946122806],
  "maxRate": 7.0,
  "maxRateList": [12359, 23209, 35431, 48829, 63655, 150168, 312631, 560648, 902451, 1348036, 2399212, 4587629, 8512165, 14829322, 24265574, 41060058, 73173461, 132758616, 236563870, 406422888, 693843294, 1206057521, 2135367833, 3791314923, 6636275139, 11493178197],
  "minRate": 0.08734939759036145,
  "minRateList": [2246, 2381, 2534, 2701, 2886, 3082, 3290, 3511, 3747, 3999, 4268, 4555, 4862, 5189, 5538, 5911, 6309, 6734, 7187, 7671, 8187, 8738, 9326, 9954, 10624, 11339, 12102, 12917, 13786, 14714, 15704, 16761, 17889, 19093, 20378, 21750, 23214, 24777, 26445, 28225, 30125, 32153, 34317, 36627, 39092, 41723, 44532, 47530, 50729, 54144, 57788, 61678, 65830, 70261, 74990, 80038, 85426, 91176, 97313, 103863, 110854, 118316, 126280, 134780, 143852, 153535, 163870, 174900, 186673, 199238, 212649, 226963, 242240, 258546, 275949, 294524, 314349, 335509, 358093, 382197, 407923, 435381, 464688, 495967, 529352, 564984, 603014, 643604, 686926, 733165, 782516, 835189, 891407, 951410, 1015452, 1083804, 1156757, 1234621, 1317726, 1406425, 1501095, 1602137, 1709980, 1825083, 1947933, 2079053, 2218999, 2368365, 2527785, 2697936, 2879540, 3073368, 3280243, 3501043, 3736706, 3988232, 4256689, 4543216, 4849030, 5175429, 5523799, 5895618, 6292465, 6716025, 7168096, 7650597, 8165576, 8715219, 9301860, 9927989, 10596264, 11309522, 12070791, 12883303, 13750507, 14676084, 15663964, 16718340, 17843689, 19044788, 20326735, 21694973, 23155310, 24713945, 26377496, 28153024, 30048067, 32070669, 34229417, 36533475, 38992625, 41617306, 44418660, 47408579, 50599756, 54005738, 57640985, 61520928, 65662039, 70081897, 74799266, 79834171, 85207987, 90943527, 97065138, 103598809, 110572276, 118015142, 125959004, 134437585, 143486879, 153145301, 163453853, 174456296, 186199338, 198732830, 212109980, 226387576, 241626228, 257890628, 275249821, 293777500, 313552318, 334658223, 357184814, 381227720, 406889008, 434277614, 463509808, 494709686, 528009698, 563551208, 601485096, 641972399, 685184992, 731306321, 780532180, 833071541, 889147443, 948997939, 1012877106, 1081056122, 1153824419, 1231490913, 1314385311, 1402859516, 1497289117, 1598074985, 1705644974, 1820455739, 1942994673, 2073781975, 2213372862, 2362359923, 2521375635, 2691095049, 2872238655, 3065575441, 3271926157, 3492166800, 3727232331, 3978120647, 4245896815, 4531697594, 4836736260, 5162307759, 5509794201, 5880670730, 6276511785, 6698997784, 7149922257, 7631199461, 8144872507],
  "province": "Norway",
  "r0": [6.0, 7.0, 4.0, 2.066666666666667, 1.105263157894737, 1.56, 0.90625, 0.5178571428571429, 2.2413793103448274, 1.8333333333333333, 0.7074829931972789, 1.6704545454545454, 0.4585365853658537, 0.3275, 0.18729096989966554, 0.18518518518518517, 0.08734939759036145, 0.1798165137614679, 0.1375921375921376, 0.15303825956489123]
}