{
  "input": [1, 1, 6, 15, 19, 25, 32, 56, 87, 108, 147, 176, 205, 400, 598, 702, 996, 1090, 1221, 1333, 1463, 1550, 1746, 1914, 2118, 2385, 2621, 2863],
  "lastDate": "20_03_25",
  "lastDateRate": 0.13860252004581902,
  "lastDateRateList": [3128, 3422, 3753, 4116, 4513, 4947, 5421, 5941, 6511, 7137, 7823, 8574, 9397, 10299, 11288, 12372, 13560, 14862, 16289, 17854, 19569, 21448, 23508, 25766, 28241, 30953, 33926, 37184, 40755, 44669, 48959, 53661, 58815, 64464, 70655, 77441, 84879, 93031, 101966, 111759, 122493, 134257, 147151, 161284, 176774, 193752, 212360, 232755, 255109, 279610, 306465, 335899, 368159, 403518, 442273, 484750, 531306, 582334, 638263, 699563, 766751, 840391, 921104, 1009569, 1106530, 1212804, 1329284, 1456951, 1596880, 1750248, 1918346, 2102588, 2304525, 2525857, 2768446, 3034334, 3325758, 3645171, 3995261, 4378975, 4799541, 5260499, 5765729, 6319482, 6926419, 7591647, 8320765, 9119910, 9995806, 10955825, 12008046, 13161325, 14425368, 15810812, 17329317, 18993662, 20817855, 22817247, 25008665, 27410552, 30043121, 32928528, 36091056, 39557320, 43356492, 47520544, 52084521, 57086832, 62569576, 68578895, 75165362, 82384408, 90296787, 98969088, 108474296, 118892405, 130311092, 142826454, 156543819, 171578630, 188057417, 206118863, 225914969, 247612337, 271393568, 297458800, 326027394, 357339778, 391659472, 429275304, 470503843, 515692061, 565220255, 619505245, 679003884, 744216902, 815693121, 894034073, 979899061, 1074010710, 1177161048, 1290218170, 1414133546, 1549950025, 1698810616, 1861968104, 2040795594, 2236798067, 2451625046, 2687084478, 2945157949, 3228017361, 3538043210, 3877844620, 4250281300, 4658487614, 5105898955, 5596280660, 6133759697, 6722859396, 7368537519, 8076227981],
  "maxRate": 7.0,
  "maxRateList": [16261, 31087, 47782, 66129, 86170, 199997, 417606, 752080, 1214983, 1818173, 3218152, 6141394, 11405954, 19910835, 32638046, 55165110, 98154868, 177996546, 317372391, 545838713, 931994483, 1619078559, 2865054381, 5086661118, 8907532109],
  "minRate": 0.08734939759036145,
  "minRateList": [3030, 3215, 3423, 3652, 3902, 4167, 4448, 4747, 5066, 5407, 5771, 6160, 6575, 7018, 7490, 7994, 8532, 9106, 9719, 10373, 11071, 11816, 12611, 13460, 14366, 15333, 16365, 17467, 18643, 19898, 21237, 22666, 24192, 25820, 27558, 29413, 31393, 33506, 35761, 38168, 40737, 43479, 46406, 49530, 52864, 56422, 60220, 64274, 68600, 73218, 78146, 83406, 89020, 95012, 101408, 108234, 115519, 123295, 131594, 140452, 149906, 159997, 170767, 182262, 194530, 207624, 221600, 236516, 252436, 269428, 287564, 306921, 327581, 349631, 373165, 398284, 425093, 453707, 484247, 516843, 551633, 588765, 628396, 670695, 715841, 764026, 815454, 870344, 928929, 991457, 1058194, 1129423, 1205447, 1286588, 1373191, 1465624, 1564278, 1669573, 1781956, 1901903, 2029924, 2166563, 2312399, 2468052, 2634182, 2811495, 3000743, 3202730, 3418313, 3648407, 3893989, 4156102, 4435859, 4734447, 5053133, 5393271, 5756304, 6143774, 6557325, 6998713, 7469812, 7972622, 8509277, 9082055, 9693388, 10345872, 11042276, 11785556, 12578868, 13425580, 14329286, 15293822, 16323283, 17422040, 18594756, 19846411, 21182317, 22608146, 24129951, 25754192, 27487764, 29338027, 31312835, 33420572, 35670185, 38071225, 40633884, 43369041, 46288308, 49404077, 52729576, 56278921, 60067181, 64110437, 68425853, 73031750, 77947680, 83194512, 88794520, 94771477, 101150756, 107959439, 115226430, 122982578, 131260809, 140096267, 149526459, 159591418, 170333872, 181799425, 194036750, 207097796, 221038010, 235916571, 251796641, 268745634, 286835502, 306143039, 326750209, 348744494, 372219263, 397274171, 424015581, 452557015, 483019636, 515532764, 550234424, 587271930, 626802513, 668993987, 714025463, 762088108, 813385957, 868136779, 926573001, 988942695, 1055510632, 1126559405, 1202390630, 1283326223, 1369709772, 1461907990, 1560312275, 1665340372, 1777438144, 1897081467, 2024778249, 2161070586, 2306537064, 2461795215, 2627504138, 2804367298, 2993135512, 3194610135, 3409646464, 3639157368, 3884117162, 4145565746, 4424613017, 4722443582, 5040321786, 5379597080, 5741709751, 6128197033, 6540699635, 6980968707, 7450873271, 7952408159],
  "province": "Norway",
  "r0": [6.0, 7.0, 4.0, 2.066666666666667, 1.105263157894737, 1.56, 0.90625, 0.5178571428571429, 2.2413793103448274, 1.8333333333333333, 0.7074829931972789, 1.6704545454545454, 0.4585365853658537, 0.3275, 0.18729096989966554, 0.18518518518518517, 0.08734939759036145, 0.1798165137614679, 0.1375921375921376, 0.15303825956489123, 0.1825017088174983, 0.15225806451612903, 0.13860252004581902]
}