{
  "input": [1, 1, 6, 15, 19, 25, 32, 56, 87, 108, 147, 176, 205, 400, 598, 702, 996],
  "lastDate": "20_03_14",
  "lastDateRate": 1.6704545454545454,
  "lastDateRateList": [1338, 2006, 3005, 4178, 5842, 8077, 11428, 16448, 23427, 33186, 46678, 65768, 93244, 132378, 187814, 265787, 375649, 531409, 752540, 1066275, 1510260, 2137765, 3025460, 4282544, 6063708, 8586529, 12157568, 17211461, 24365256, 34494405, 48837811, 69146476, 97897439, 138598492, 196219828, 277801171, 393307216, 556840438, 788362919, 1116139223, 1580193452, 2237195279, 3167371920, 4484296342, 6348756180, 8988397515],
  "maxRate": 7.0,
  "maxRateList": [2431, 5231, 9417, 14331, 21303, 38320, 74937, 140856, 241173, 390294, 658534, 1183093, 2169085, 3857296, 6589354, 11199092, 19480743, 34664338, 61665410, 107790888, 186184532, 322549733, 565200099, 996857969, 1751394185, 3054685909, 5312534040, 9268934733],
  "minRate": 0.5178571428571429,
  "minRateList": [1102, 1309, 1619, 1983, 2499, 3070, 3748, 4586, 5613, 6907, 8497, 10438, 12813, 15720, 19297, 23697, 29102, 35737, 43878, 53871, 66143, 81214, 99721, 122444, 150341, 184594, 226651, 278292, 341701, 419556, 515149, 632522, 776638, 953590, 1170860, 1437634, 1765190, 2167378, 2661201, 3267539, 4012028, 4926144, 6048536, 7426658, 9118776, 11196433, 13747472, 16879750, 20725698, 25447921, 31246074, 38365301, 47106600, 57839551, 71017939, 87198942, 107066687, 131461176, 161413801, 198190948, 243347543, 298792792, 366870901, 450460191, 553094789, 679114052, 833846034, 1023832751, 1257106778, 1543530865, 1895214928, 2327028053, 2857227156, 3508228880, 4307557364, 5289007952, 6494076051, 7973711543],
  "province": "Norway",
  "r0": [6.0, 7.0, 4.0, 2.066666666666667, 1.105263157894737, 1.56, 0.90625, 0.5178571428571429, 2.2413793103448274, 1.8333333333333333, 0.7074829931972789, 1.6704545454545454]
}