{
  "input": [2, 10, 12, 23, 33, 38, 42, 51, 55],
  "lastDate": "20_03_18",
  "lastDateRate": 0.17391304347826086,
  "lastDateRateList": [61, 68, 75, 84, 94, 105, 117, 130, 145, 161, 179, 199, 222, 247, 275, 306, 341, 380, 423, 471, 524, 583, 649, 723, 805, 896, 997, 1110, 1236, 1376, 1532, 1705, 1898, 2113, 2352, 2618, 2915, 3245, 3612, 4021, 4476, 4983, 5547, 6175, 6874, 7652, 8519, 9484, 10558, 11753, 13084, 14566, 16215, 18051, 20095, 22370, 24903, 27723, 30862, 34357, 38247, 42578, 47399, 52766, 58741, 65393, 72798, 81041, 90218, 100434, 111807, 124468, 138562, 154252, 171719, 191164, 212811, 236909, 263735, 293599, 326845, 363856, 405058, 450925, 501986, 558829, 622108, 692553, 770975, 858277, 955465, 1063658, 1184102, 1318185, 1467451, 1633619, 1818603, 2024534, 2253784, 2508993, 2793101, 3109380, 3461473, 3853435, 4289782, 4775539, 5316301, 5918296, 6588459, 7334508, 8165037, 9089611, 10118880, 11264699, 12540266, 13960272, 15541074, 17300879, 19259957, 21440873, 23868746, 26571541, 29580390, 32929948, 36658795, 40809881, 45431019, 50575435, 56302382, 62677825, 69775196, 77676243, 86471971, 96263690, 107164181, 119298998, 132807910, 147846514, 164588025, 183225274, 203972926, 227069954, 252782391, 281406395, 313271660, 348745212, 388235639, 432197794, 481138037, 535620065, 596271406, 663790648, 738955482, 822631662, 915782978, 1019482353, 1134924205, 1263438202, 1406504578, 1565771183, 1743072462, 1940450585, 2160178968, 2404788460, 2677096492, 2980239529, 3317709196, 3693392495, 4111616575, 4577198574, 5095501101, 5672494005, 6314823135, 7029886887, 7825921422],
  "maxRate": 2.5,
  "maxRateList": [138, 233, 338, 466, 604, 949, 1532, 2377, 3542, 5052, 7425, 11255, 17198, 26053, 38683, 57246, 85384, 128379, 193512, 290220, 433335, 646795, 967743, 1451523, 2177073, 3260411, 4877399, 7296757, 10925565, 16368248, 24519276, 36712774, 54954667, 82268580, 123189200, 184487390, 276269325, 413655993, 619327443, 927300443, 1388518918, 2079192231, 3113332214, 4661650822, 6979901930, 10451199225],
  "minRate": 0.17391304347826086,
  "minRateList": [61, 68, 75, 84, 94, 105, 117, 130, 145, 161, 179, 199, 222, 247, 275, 306, 341, 380, 423, 471, 524, 583, 649, 723, 805, 896, 997, 1110, 1236, 1376, 1532, 1705, 1898, 2113, 2352, 2618, 2915, 3245, 3612, 4021, 4476, 4983, 5547, 6175, 6874, 7652, 8519, 9484, 10558, 11753, 13084, 14566, 16215, 18051, 20095, 22370, 24903, 27723, 30862, 34357, 38247, 42578, 47399, 52766, 58741, 65393, 72798, 81041, 90218, 100434, 111807, 124468, 138562, 154252, 171719, 191164, 212811, 236909, 263735, 293599, 326845, 363856, 405058, 450925, 501986, 558829, 622108, 692553, 770975, 858277, 955465, 1063658, 1184102, 1318185, 1467451, 1633619, 1818603, 2024534, 2253784, 2508993, 2793101, 3109380, 3461473, 3853435, 4289782, 4775539, 5316301, 5918296, 6588459, 7334508, 8165037, 9089611, 10118880, 11264699, 12540266, 13960272, 15541074, 17300879, 19259957, 21440873, 23868746, 26571541, 29580390, 32929948, 36658795, 40809881, 45431019, 50575435, 56302382, 62677825, 69775196, 77676243, 86471971, 96263690, 107164181, 119298998, 132807910, 147846514, 164588025, 183225274, 203972926, 227069954, 252782391, 281406395, 313271660, 348745212, 388235639, 432197794, 481138037, 535620065, 596271406, 663790648, 738955482, 822631662, 915782978, 1019482353, 1134924205, 1263438202, 1406504578, 1565771183, 1743072462, 1940450585, 2160178968, 2404788460, 2677096492, 2980239529, 3317709196, 3693392495, 4111616575, 4577198574, 5095501101, 5672494005, 6314823135, 7029886887, 7825921422],
  "province": "Albania",
  "r0": [2.5, 0.4, 0.75, 0.17391304347826086]
}