{
  "input": [2, 10, 12, 23, 33, 38, 42, 51, 55, 59, 64, 70, 76, 89, 104, 123],
  "lastDate": "20_03_25",
  "lastDateRate": 0.296875,
  "lastDateRateList": [144, 167, 193, 224, 261, 304, 354, 411, 478, 555, 645, 750, 872, 1014, 1179, 1370, 1593, 1852, 2153, 2503, 2910, 3383, 3933, 4572, 5315, 6179, 7183, 8351, 9708, 11286, 13120, 15252, 17731, 20613, 23964, 27859, 32387, 37651, 43770, 50884, 59155, 68770, 79948, 92942, 108048, 125610, 146026, 169761, 197353, 229430, 266720, 310071, 360469, 419058, 487170, 566353, 658405, 765419, 889827, 1034456, 1202592, 1398056, 1625290, 1889457, 2196561, 2553581, 2968629, 3451137, 4012070, 4664174, 5422268, 6303580, 7328136, 8519219, 9903896, 11513632, 13385007, 15560547, 18089690, 21029909, 24448019, 28421693, 33041230, 38411607, 44654861, 51912867, 60350557, 70159672, 81563118, 94820030, 110231662, 128148234, 148976887, 173190938, 201340634, 234065659, 272109666, 316337179, 367753239, 427526240, 497014483, 577797040, 671709640, 780886383, 907808236, 1055359411, 1226892907, 1426306706, 1658132351, 1927637921, 2240947746, 2605181578, 3028616381, 3520874423, 4093141931, 4758423293, 5531836574, 6430957062, 7476216656, 8691368167],
  "maxRate": 2.5,
  "maxRateList": [298, 488, 711, 971, 1279, 2024, 3244, 5022, 7450, 10648, 15708, 23818, 36373, 54998, 81618, 120888, 180433, 271366, 408861, 612906, 915126, 1366209, 2044624, 3066777, 4599042, 6886857, 10302380, 15413940, 23080883, 34578488, 51795631, 77551581, 116086431, 173788639, 260234859, 389723937, 583602890, 873818968, 1308290566, 1958877714, 2933187557, 4392194782, 6576742202, 9847468617],
  "minRate": 0.11764705882352941,
  "minRateList": [131, 140, 150, 162, 176, 191, 207, 225, 244, 265, 287, 311, 337, 366, 397, 431, 468, 508, 551, 598, 649, 704, 764, 829, 899, 975, 1058, 1148, 1246, 1352, 1467, 1591, 1726, 1873, 2032, 2205, 2392, 2595, 2815, 3054, 3313, 3594, 3899, 4230, 4589, 4979, 5402, 5861, 6359, 6899, 7485, 8121, 8811, 9559, 10371, 11252, 12207, 13244, 14369, 15589, 16913, 18349, 19907, 21597, 23431, 25421, 27580, 29922, 32463, 35220, 38211, 41456, 44976, 48795, 52939, 57434, 62311, 67602, 73343, 79571, 86328, 93659, 101612, 110241, 119602, 129758, 140777, 152731, 165701, 179772, 195038, 211600, 229568, 249062, 270212, 293158, 318052, 345060, 374361, 406151, 440640, 478058, 518653, 562695, 610477, 662317, 718559, 779577, 845776, 917597, 995517, 1080053, 1171768, 1271271, 1379224, 1496344, 1623409, 1761264, 1910825, 2073087, 2249127, 2440116, 2647324, 2872127, 3116020, 3380623, 3667695, 3979145, 4317042, 4683633, 5081353, 5512847, 5980982, 6488869, 7039885, 7637691, 8286261, 8989906, 9753302, 10581524, 11480076, 12454930, 13512566, 14660013, 15904898, 17255495, 18720781, 20310495, 22035202, 23906366, 25936424, 28138869, 30528339, 33120716, 35933230, 38984574, 42295029, 45886598, 49783153, 54010592, 58597012, 63572898, 68971321, 74828163, 81182350, 88076116, 95555280, 103669553, 112472866, 122023731, 132385627, 143627425, 155823843, 169055945, 183411678, 198986458, 215883802, 234216019, 254104954, 275682798, 299092970, 324491064, 352045890, 381940590, 414373860, 449561268, 487736687, 529153851, 574088038, 622837904, 675727465, 733108252, 795361646, 862901415, 936176463, 1015673812, 1101921842, 1195493800, 1297011614, 1407150021, 1526641058, 1656278922, 1796925251, 1949514853, 2115061914, 2294666744, 2489523088, 2700926059, 2930280748, 3179111561, 3449072354, 3741957423, 4059713430, 4404452342, 4778465467, 5184238685, 5624468970, 6102082315, 6620253179, 7182425587, 7792336021, 8454038253],
  "province": "Albania",
  "r0": [2.5, 0.4, 0.75, 0.17391304347826086, 0.12121212121212122, 0.13157894736842105, 0.14285714285714285, 0.11764705882352941, 0.23636363636363636, 0.2542372881355932, 0.296875]
}