{
  "input": [2, 10, 12, 23, 33, 38, 42, 51, 55, 59, 64, 70],
  "lastDate": "20_03_21",
  "lastDateRate": 0.14285714285714285,
  "lastDateRateList": [77, 85, 93, 102, 112, 123, 135, 148, 163, 179, 197, 216, 237, 260, 286, 314, 345, 379, 416, 457, 502, 551, 605, 664, 729, 801, 880, 966, 1061, 1165, 1279, 1405, 1543, 1695, 1861, 2044, 2245, 2465, 2707, 2973, 3265, 3586, 3938, 4325, 4750, 5216, 5728, 6291, 6909, 7588, 8333, 9151, 10050, 11037, 12121, 13311, 14618, 16054, 17631, 19363, 21265, 23353, 25646, 28165, 30931, 33969, 37305, 40969, 44993, 49412, 54265, 59594, 65447, 71875, 78934, 86686, 95199, 104549, 114817, 126093, 138477, 152077, 167013, 183415, 201428, 221210, 242935, 266794, 292996, 321771, 353372, 388077, 426190, 468047, 514014, 564496, 619936, 680820, 747684, 821115, 901757, 990319, 1087579, 1194391, 1311693, 1440515, 1581989, 1737357, 1907984, 2095369, 2301157, 2527155, 2775349, 3047918, 3347256, 3675993, 4037015, 4433493, 4868910, 5347089, 5872231, 6448947, 7082303, 7777862, 8541732, 9380622, 10301900, 11313658, 12424781, 13645028, 14985117, 16456817, 18073054, 19848023, 21797313, 23938044, 26289018, 28870883, 31706315, 34820217, 38239938, 41995512, 46119924, 50649398, 55623715, 61086563, 67085922, 73674483, 80910111, 88856356, 97583008, 107166711, 117691637, 129250224, 141943989, 155884419, 171193949, 188007040, 206471358, 226749071, 249018274, 273474552, 300332701, 329828609, 362221333, 397795372, 436863165, 479767837, 526886210, 578632115, 635460025, 697869049, 766407311, 841676770, 924338501, 1015118505, 1114814083, 1224300842, 1344540381, 1476588738, 1621605667, 1780864822, 1955764942, 2147842139, 2358783387, 2590441339, 2844850599, 3124245591, 3431080182, 3768049237, 4138112285, 4544519513, 4990840312, 5480994624, 6019287372, 6610446270, 7259663343, 7972640530],
  "maxRate": 2.5,
  "maxRateList": [198, 336, 484, 644, 819, 1314, 2154, 3364, 4974, 7022, 10307, 15692, 24102, 36537, 54092, 79860, 119090, 179345, 270688, 405918, 605568, 903293, 1351656, 2028376, 3043171, 4557091, 6815324, 10194464, 15265404, 22873332, 34266060, 51304370, 76790530, 114954040, 172137370, 257802520, 386063445, 578039770, 865424870, 1295768295, 1940274595, 2905433208, 4350532633, 6514094808, 9753515546],
  "minRate": 0.12121212121212122,
  "minRateList": [76, 83, 90, 98, 106, 115, 125, 136, 148, 161, 175, 190, 206, 224, 244, 265, 288, 313, 340, 370, 402, 437, 475, 516, 561, 610, 663, 721, 784, 852, 926, 1006, 1093, 1188, 1291, 1403, 1525, 1657, 1801, 1957, 2127, 2312, 2513, 2731, 2968, 3226, 3506, 3811, 4142, 4502, 4893, 5318, 5780, 6282, 6828, 7421, 8066, 8767, 9528, 10356, 11256, 12234, 13297, 14452, 15707, 17071, 18554, 20166, 21918, 23822, 25891, 28140, 30584, 33241, 36129, 39267, 42678, 46385, 50414, 54793, 59553, 64726, 70348, 76459, 83101, 90320, 98166, 106693, 115961, 126034, 136982, 148881, 161813, 175869, 191146, 207750, 225796, 245410, 266727, 289896, 315078, 342447, 372194, 404525, 439664, 477855, 519364, 564478, 613511, 666804, 724726, 787679, 856101, 930466, 1011291, 1099137, 1194613, 1298383, 1411167, 1533748, 1666977, 1811779, 1969159, 2140210, 2326119, 2528177, 2747787, 2986473, 3245892, 3527846, 3834292, 4167357, 4529354, 4922795, 5350413, 5815176, 6320310, 6869323, 7466025, 8114560, 8819430, 9585528, 10418173, 11323146, 12306729, 13375751, 14537633, 15800442, 17172945, 18664670, 20285973, 22048110, 23963315, 26044884, 28307268, 30766174, 33438672, 36343316, 39500272, 42931456, 46660689, 50713861, 55119111, 59907023, 65110836, 70766677, 76913812, 83594916, 90856373, 98748596, 107326375, 116649261, 126781978, 137794872, 149764399, 162773657, 176912961, 192280473, 208982882, 227136142, 246866282, 268310277, 291617001, 316948259, 344479913, 374403099, 406925557, 442273072, 480691043, 522446184, 567828378, 617152688, 670761545, 729027126, 792353936, 861181618, 935988004, 1017292434, 1105659358, 1201702259, 1306087910, 1419541001, 1542849175, 1676868491, 1822529371, 1980843057, 2152908633, 2339920654, 2543177441, 2764090092, 3004192281, 3265150903, 3548777649, 3857041581, 4192082804, 4556227323, 4952003190, 5382158057, 5849678249, 6357809498, 6910079477, 7510322288, 8162705083],
  "province": "Albania",
  "r0": [2.5, 0.4, 0.75, 0.17391304347826086, 0.12121212121212122, 0.13157894736842105, 0.14285714285714285]
}