{
  "input": [2, 10, 12, 23, 33, 38, 42, 51, 55, 59, 64],
  "lastDate": "20_03_20",
  "lastDateRate": 0.13157894736842105,
  "lastDateRateList": [70, 77, 84, 92, 100, 109, 119, 130, 142, 155, 169, 185, 202, 221, 241, 263, 287, 314, 343, 375, 410, 448, 489, 534, 583, 637, 696, 760, 830, 907, 991, 1083, 1183, 1292, 1411, 1541, 1684, 1840, 2010, 2196, 2399, 2621, 2863, 3127, 3416, 3732, 4077, 4454, 4865, 5314, 5805, 6341, 6927, 7567, 8266, 9030, 9864, 10775, 11771, 12859, 14047, 15345, 16763, 18312, 20004, 21852, 23871, 26077, 28486, 31118, 33993, 37134, 40565, 44313, 48407, 52880, 57766, 63104, 68935, 75304, 82262, 89863, 98166, 107236, 117144, 127968, 139792, 152709, 166819, 182233, 199071, 217465, 237558, 259508, 283486, 309680, 338294, 369552, 403698, 440999, 481746, 526258, 574883, 628001, 686027, 749415, 818659, 894302, 976934, 1067201, 1165808, 1273526, 1391197, 1519741, 1660162, 1813558, 1981127, 2164179, 2364145, 2582587, 2821213, 3081888, 3366648, 3677720, 4017534, 4388746, 4794258, 5237238, 5721149, 6249772, 6827239, 7458062, 8147172, 8899955, 9722293, 10620614, 11601938, 12673934, 13844981, 15124230, 16521679, 18048250, 19715873, 21537581, 23527611, 25701516, 28076286, 30670480, 33504372, 36600110, 39981888, 43676136, 47711725, 52120195, 56935999, 62196774, 67943634, 74221493, 81079413, 88570992, 96754778, 105694730, 115460716, 126129060, 137783138, 150514030, 164421231, 179613430, 196209359, 214338719, 234143197, 255777570, 279410916, 305227937, 333430400, 364238715, 397893658, 434658252, 474819823, 518692244, 566618391, 618972820, 676164695, 738640988, 806889967, 881445018, 962888810, 1051857849, 1149047453, 1255217186, 1371196794, 1497892690, 1636295039, 1787485493, 1952645649, 2133066280, 2330157423, 2545459402, 2780654862, 3037581921, 3318248537, 3624848198, 3959777067, 4325652707, 4725334539, 5161946189, 5638899899, 6159923197, 6729088027, 7350842572, 8030046018],
  "maxRate": 2.5,
  "maxRateList": [169, 297, 435, 583, 743, 1166, 1909, 2997, 4455, 6313, 9228, 14001, 21494, 32632, 48415, 71485, 106488, 160223, 241803, 362841, 541554, 807774, 1208332, 1812840, 2719943, 4073828, 6093263, 9114093, 13646193, 20446051, 30630621, 45863779, 68649012, 102764495, 153879623, 230456176, 345115624, 516738154, 773649392, 1158348450, 1734488890, 2597277950, 3889123335, 5823246815, 8719117940],
  "minRate": 0.12121212121212122,
  "minRateList": [69, 75, 82, 89, 97, 105, 114, 124, 135, 147, 160, 174, 189, 205, 223, 242, 263, 286, 311, 338, 367, 399, 434, 472, 513, 557, 605, 658, 715, 777, 845, 918, 998, 1085, 1179, 1281, 1392, 1513, 1645, 1788, 1943, 2112, 2295, 2494, 2711, 2947, 3203, 3481, 3783, 4112, 4469, 4857, 5279, 5738, 6236, 6778, 7367, 8007, 8703, 9459, 10281, 11174, 12145, 13200, 14347, 15593, 16947, 18419, 20019, 21758, 23648, 25702, 27935, 30362, 32999, 35865, 38980, 42366, 46046, 50046, 54393, 59118, 64253, 69834, 75900, 82493, 89659, 97447, 105912, 115112, 125111, 135979, 147791, 160629, 174582, 189747, 206229, 224143, 243613, 264774, 287774, 312771, 339940, 369469, 401563, 436445, 474357, 515562, 560346, 609020, 661922, 719420, 781912, 849833, 923654, 1003887, 1091089, 1185866, 1288876, 1400834, 1522517, 1654770, 1798511, 1954738, 2124536, 2309084, 2509662, 2727663, 2964601, 3222121, 3502010, 3806211, 4136837, 4496183, 4886743, 5311229, 5772588, 6274023, 6819015, 7411347, 8055132, 8754840, 9515328, 10341875, 11240220, 12216600, 13277793, 14431166, 15684727, 17047178, 18527978, 20137407, 21886639, 23787818, 25854143, 28099959, 30540857, 33193783, 36077155, 39210991, 42617047, 46318969, 50342458, 54715446, 59468293, 64633996, 70248416, 76350532, 82982707, 90190985, 98025409, 106540369, 115794979, 125853489, 136785730, 148667598, 161581582, 175617337, 190872305, 207452393, 225472708, 245058354, 266345304, 289481341, 314627086, 341957111, 371661154, 403945433, 439034080, 477170696, 518620043, 563669880, 612632963, 665849215, 723688087, 786551123, 854874745, 929133286, 1009842282, 1097562050, 1192901580, 1296522761, 1409144977, 1531550102, 1664587926, 1809182057, 1966336331, 2137141783, 2322784220, 2524552453, 2743847248, 2982191046, 3241238535, 3522788137, 3828794495, 4161382040, 4522859743, 4915737141, 5342741764, 5806838066, 6311248010, 6859473433, 7455320359, 8102925421],
  "province": "Albania",
  "r0": [2.5, 0.4, 0.75, 0.17391304347826086, 0.12121212121212122, 0.13157894736842105]
}