{
  "input": [2, 10, 12, 23, 33, 38, 42, 51, 55, 59],
  "lastDate": "20_03_19",
  "lastDateRate": 0.12121212121212122,
  "lastDateRateList": [64, 69, 75, 82, 89, 97, 105, 114, 124, 135, 147, 160, 174, 189, 205, 223, 242, 263, 286, 311, 338, 367, 399, 434, 472, 513, 557, 605, 658, 715, 777, 845, 918, 998, 1085, 1179, 1281, 1392, 1513, 1645, 1788, 1943, 2112, 2295, 2494, 2711, 2947, 3203, 3481, 3783, 4112, 4469, 4857, 5279, 5738, 6236, 6778, 7367, 8007, 8703, 9459, 10281, 11174, 12145, 13200, 14347, 15593, 16947, 18419, 20019, 21758, 23648, 25702, 27935, 30362, 32999, 35865, 38980, 42366, 46046, 50046, 54393, 59118, 64253, 69834, 75900, 82493, 89659, 97447, 105912, 115112, 125111, 135979, 147791, 160629, 174582, 189747, 206229, 224143, 243613, 264774, 287774, 312771, 339940, 369469, 401563, 436445, 474357, 515562, 560346, 609020, 661922, 719420, 781912, 849833, 923654, 1003887, 1091089, 1185866, 1288876, 1400834, 1522517, 1654770, 1798511, 1954738, 2124536, 2309084, 2509662, 2727663, 2964601, 3222121, 3502010, 3806211, 4136837, 4496183, 4886743, 5311229, 5772588, 6274023, 6819015, 7411347, 8055132, 8754840, 9515328, 10341875, 11240220, 12216600, 13277793, 14431166, 15684727, 17047178, 18527978, 20137407, 21886639, 23787818, 25854143, 28099959, 30540857, 33193783, 36077155, 39210991, 42617047, 46318969, 50342458, 54715446, 59468293, 64633996, 70248416, 76350532, 82982707, 90190985, 98025409, 106540369, 115794979, 125853489, 136785730, 148667598, 161581582, 175617337, 190872305, 207452393, 225472708, 245058354, 266345304, 289481341, 314627086, 341957111, 371661154, 403945433, 439034080, 477170696, 518620043, 563669880, 612632963, 665849215, 723688087, 786551123, 854874745, 929133286, 1009842282, 1097562050, 1192901580, 1296522761, 1409144977, 1531550102, 1664587926, 1809182057, 1966336331, 2137141783, 2322784220, 2524552453, 2743847248, 2982191046, 3241238535, 3522788137, 3828794495, 4161382040, 4522859743, 4915737141, 5342741764, 5806838066, 6311248010, 6859473433, 7455320359, 8102925421],
  "maxRate": 2.5,
  "maxRateList": [154, 259, 387, 525, 673, 1058, 1706, 2674, 3987, 5670, 8315, 12580, 19265, 29233, 43408, 64196, 95646, 143809, 216892, 325412, 485902, 725017, 1084540, 1626770, 2440300, 3655055, 5467598, 8178948, 12245873, 18346623, 27484261, 41153256, 61600626, 92215309, 138081867, 206792520, 309675660, 463677225, 694215498, 1039420166, 1556401466, 2330590616, 3489783679, 5225322424, 7823872839],
  "minRate": 0.12121212121212122,
  "minRateList": [64, 69, 75, 82, 89, 97, 105, 114, 124, 135, 147, 160, 174, 189, 205, 223, 242, 263, 286, 311, 338, 367, 399, 434, 472, 513, 557, 605, 658, 715, 777, 845, 918, 998, 1085, 1179, 1281, 1392, 1513, 1645, 1788, 1943, 2112, 2295, 2494, 2711, 2947, 3203, 3481, 3783, 4112, 4469, 4857, 5279, 5738, 6236, 6778, 7367, 8007, 8703, 9459, 10281, 11174, 12145, 13200, 14347, 15593, 16947, 18419, 20019, 21758, 23648, 25702, 27935, 30362, 32999, 35865, 38980, 42366, 46046, 50046, 54393, 59118, 64253, 69834, 75900, 82493, 89659, 97447, 105912, 115112, 125111, 135979, 147791, 160629, 174582, 189747, 206229, 224143, 243613, 264774, 287774, 312771, 339940, 369469, 401563, 436445, 474357, 515562, 560346, 609020, 661922, 719420, 781912, 849833, 923654, 1003887, 1091089, 1185866, 1288876, 1400834, 1522517, 1654770, 1798511, 1954738, 2124536, 2309084, 2509662, 2727663, 2964601, 3222121, 3502010, 3806211, 4136837, 4496183, 4886743, 5311229, 5772588, 6274023, 6819015, 7411347, 8055132, 8754840, 9515328, 10341875, 11240220, 12216600, 13277793, 14431166, 15684727, 17047178, 18527978, 20137407, 21886639, 23787818, 25854143, 28099959, 30540857, 33193783, 36077155, 39210991, 42617047, 46318969, 50342458, 54715446, 59468293, 64633996, 70248416, 76350532, 82982707, 90190985, 98025409, 106540369, 115794979, 125853489, 136785730, 148667598, 161581582, 175617337, 190872305, 207452393, 225472708, 245058354, 266345304, 289481341, 314627086, 341957111, 371661154, 403945433, 439034080, 477170696, 518620043, 563669880, 612632963, 665849215, 723688087, 786551123, 854874745, 929133286, 1009842282, 1097562050, 1192901580, 1296522761, 1409144977, 1531550102, 1664587926, 1809182057, 1966336331, 2137141783, 2322784220, 2524552453, 2743847248, 2982191046, 3241238535, 3522788137, 3828794495, 4161382040, 4522859743, 4915737141, 5342741764, 5806838066, 6311248010, 6859473433, 7455320359, 8102925421],
  "province": "Albania",
  "r0": [2.5, 0.4, 0.75, 0.17391304347826086, 0.12121212121212122]
}