{
  "input": [2, 10, 12, 23, 33, 38, 42, 51, 55, 59, 64, 70, 76, 89],
  "lastDate": "20_03_23",
  "lastDateRate": 0.23636363636363636,
  "lastDateRateList": [103, 118, 135, 153, 174, 198, 226, 258, 294, 335, 382, 435, 496, 565, 644, 734, 837, 954, 1088, 1240, 1413, 1611, 1836, 2093, 2386, 2720, 3101, 3535, 4030, 4594, 5237, 5970, 6806, 7759, 8845, 10083, 11494, 13103, 14937, 17028, 19411, 22128, 25225, 28756, 32781, 37369, 42599, 48561, 55358, 63106, 71939, 82008, 93486, 106571, 121487, 138491, 157875, 179972, 205162, 233877, 266611, 303927, 346466, 394959, 450239, 513256, 585093, 666985, 760339, 866759, 988074, 1126369, 1284020, 1463736, 1668606, 1902151, 2168384, 2471880, 2817854, 3212252, 3661851, 4174378, 4758641, 5424679, 6183939, 7049467, 8036138, 9160908, 10443105, 11904763, 13571001, 15470452, 17635758, 20104128, 22917981, 26125672, 29782324, 33950776, 38702661, 44119638, 50294797, 57334255, 65358984, 74506886, 84935164, 96823025, 110374758, 125823245, 143433964, 163509548, 186394990, 212483569, 242223609, 276126182, 314773893, 358830891, 409054280, 466307133, 531573321, 605974423, 690788997, 787474554, 897692604, 1023337207, 1166567525, 1329844924, 1515975273, 1728157161, 1970036864, 2245771006, 2560097988, 2918419416, 3326892927, 3792538004, 4323356605, 4928470675, 5618278901, 6404635411, 7301053485, 8322937773],
  "maxRate": 2.5,
  "maxRateList": [237, 397, 572, 762, 985, 1578, 2571, 4001, 5906, 8369, 12314, 18742, 28745, 43510, 64433, 95218, 142073, 213936, 322711, 483794, 721839, 1077022, 1611862, 2418640, 3628125, 5432723, 8125278, 12154933, 18201533, 27271846, 40853654, 61166849, 91554182, 137058015, 205237630, 307371765, 460288888, 689174343, 1031819381, 1544913456, 2313342869, 3464065089, 5187000947, 7766549400, 11628833040],
  "minRate": 0.11764705882352941,
  "minRateList": [96, 104, 112, 121, 131, 142, 154, 167, 181, 196, 213, 231, 251, 272, 295, 320, 347, 377, 409, 444, 482, 523, 567, 615, 667, 724, 786, 853, 925, 1003, 1088, 1180, 1280, 1389, 1507, 1635, 1774, 1925, 2088, 2265, 2457, 2666, 2892, 3138, 3404, 3693, 4007, 4347, 4716, 5116, 5550, 6021, 6532, 7087, 7689, 8342, 9050, 9818, 10652, 11557, 12538, 13603, 14758, 16011, 17371, 18846, 20446, 22182, 24066, 26110, 28327, 30732, 33342, 36173, 39245, 42578, 46194, 50117, 54373, 58990, 63999, 69434, 75330, 81727, 88667, 96196, 104365, 113227, 122842, 133273, 144590, 156868, 170189, 184641, 200320, 217331, 235786, 255808, 277530, 301097, 326665, 354405, 384500, 417151, 452574, 491005, 532700, 577935, 627012, 680256, 738021, 800692, 868684, 942450, 1022480, 1109306, 1203505, 1305703, 1416579, 1536871, 1667378, 1808967, 1962579, 2129235, 2310043, 2506205, 2719025, 2949917, 3200415, 3472185, 3767033, 4086918, 4433967, 4810486, 5218978, 5662158, 6142972, 6664615, 7230555, 7844552, 8510688, 9233391, 10017463, 10868117, 11791005, 12792262, 13878543, 15057068, 16335670, 17722847, 19227819, 20860589, 22632009, 24553853, 26638894, 28900990, 31355177, 34017766, 36906455, 40040443, 43440559, 47129403, 51131493, 55473429, 60184069, 65294723, 70839359, 76854829, 83381115, 90461594, 98143326, 106477368, 115519113, 125328656, 135971196, 147517470, 160044219, 173634703, 188379251, 204375862, 221730858, 240559590, 260987202, 283149467, 307193686, 333279669, 361580797, 392285174, 425596876, 461737310, 500946683, 543485600, 589636797, 639707018, 694029054, 752963958, 816903440, 886272475, 961532124, 1043182601, 1131766596, 1227872883, 1332140233, 1445261659, 1567989024, 1701138035, 1845593668, 2002316048, 2172346831, 2356816128, 2556950014, 2774078681, 3009645275, 3265215490, 3542487976, 3843305625, 4169667823, 4523743738, 4907886737, 5324650028, 5776803631, 6267352787, 6799557933, 7376956373, 8003385788],
  "province": "Albania",
  "r0": [2.5, 0.4, 0.75, 0.17391304347826086, 0.12121212121212122, 0.13157894736842105, 0.14285714285714285, 0.11764705882352941, 0.23636363636363636]
}