{
  "input": [2, 10, 12, 23, 33, 38, 42, 51, 55, 59, 64, 70, 76, 89, 104],
  "lastDate": "20_03_24",
  "lastDateRate": 0.2542372881355932,
  "lastDateRateList": [120, 138, 157, 180, 206, 237, 272, 312, 358, 410, 470, 539, 618, 709, 813, 932, 1069, 1226, 1406, 1613, 1850, 2122, 2434, 2791, 3201, 3671, 4210, 4829, 5539, 6353, 7286, 8356, 9584, 10992, 12607, 14459, 16583, 19020, 21815, 25020, 28696, 32912, 37748, 43294, 49655, 56951, 65318, 74915, 85922, 98546, 113025, 129631, 148677, 170522, 195576, 224311, 257268, 295067, 338420, 388143, 445171, 510578, 585595, 671634, 770314, 883493, 1013301, 1162181, 1332935, 1528778, 1753395, 2011014, 2306484, 2645366, 3034038, 3479816, 3991091, 4577485, 5250036, 6021402, 6906101, 7920785, 9084552, 10419307, 11950172, 13705960, 15719719, 18029351, 20678327, 23716506, 27201072, 31197611, 35781344, 41038546, 47068166, 53983693, 61915289, 71012241, 81445770, 93412253, 107136921, 122878096, 140932056, 161638608, 185387486, 212625686, 243865880, 279696064, 320790625, 367923037, 421980415, 483980215, 555089384, 636646323, 730186078, 837469234, 960515051, 1101639471, 1263498706, 1449139234, 1662055141, 1906253883, 2186331715, 2507560200, 2875985429, 3298541821, 3783182639, 4339029685, 4976544990, 5707727726, 6546340053, 7508166148, 8611309288],
  "maxRate": 2.5,
  "maxRateList": [264, 439, 629, 852, 1112, 1772, 2870, 4443, 6573, 9353, 13783, 20958, 32066, 48499, 71882, 106340, 158735, 238900, 360148, 539853, 805703, 1202541, 1799791, 2700161, 4049794, 6064052, 9070405, 13569883, 20320286, 30444771, 45604901, 68280914, 102205622, 153006337, 229118265, 343130518, 513832803, 769346858, 1151862701, 1724658364, 2582484659, 3867066667, 5790433812, 8670090565],
  "minRate": 0.11764705882352941,
  "minRateList": [112, 120, 129, 139, 151, 164, 178, 193, 209, 227, 246, 267, 290, 315, 342, 371, 402, 436, 473, 513, 557, 604, 655, 711, 771, 837, 908, 985, 1069, 1160, 1258, 1365, 1481, 1607, 1743, 1891, 2052, 2226, 2415, 2620, 2842, 3083, 3345, 3629, 3937, 4271, 4634, 5028, 5455, 5918, 6420, 6965, 7557, 8199, 8895, 9650, 10469, 11358, 12323, 13369, 14504, 15736, 17072, 18522, 20095, 21801, 23652, 25660, 27839, 30203, 32768, 35551, 38570, 41845, 45398, 49253, 53435, 57973, 62896, 68237, 74031, 80317, 87137, 94537, 102565, 111275, 120724, 130975, 142097, 154163, 167254, 181457, 196866, 213583, 231720, 251397, 272745, 295906, 321033, 348294, 377870, 409958, 444770, 482539, 523515, 567970, 616200, 668526, 725295, 786885, 853705, 926199, 1004849, 1090178, 1182753, 1283189, 1392154, 1510372, 1638628, 1777775, 1928738, 2092521, 2270212, 2462992, 2672142, 2899052, 3145231, 3412315, 3702079, 4016449, 4357514, 4727541, 5128990, 5564529, 6037052, 6549701, 7105882, 7709293, 8363943, 9074184, 9844737, 10680723, 11587699, 12571692, 13639243, 14797447, 16054003, 17417262, 18896285, 20500902, 22241778, 24130484, 26179574, 28402666, 30814537, 33431217, 36270097, 39350047, 42691537, 46316777, 50249861, 54516931, 59146348, 64168882, 69617915, 75529663, 81943420, 88901814, 96451094, 104641437, 113527280, 123167682, 133626719, 144973907, 157284664, 170640815, 185131131, 200851921, 217907675, 236411753, 256487143, 278267276, 301896914, 327533111, 355346258, 385521216, 418258543, 453775827, 492309134, 534114576, 579470013, 628676900, 682062291, 739981013, 802818022, 870990965, 944952953, 1025195575, 1112252165, 1206701344, 1309170869, 1420341805, 1540953049, 1671806245, 1813771109, 1967791211, 2134890247, 2316178841, 2512861929, 2726246765, 2957751613, 3208915171, 3481406799, 3777037614, 4097772528, 4445743306, 4823262738, 5232840008, 5677197374, 6159288260, 6682316884, 7249759559, 7865387795],
  "province": "Albania",
  "r0": [2.5, 0.4, 0.75, 0.17391304347826086, 0.12121212121212122, 0.13157894736842105, 0.14285714285714285, 0.11764705882352941, 0.23636363636363636, 0.2542372881355932]
}